[13Jul2025 17:20:12.016] [main/INFO] [cpw.mods.modlauncher.Launcher/MODLAUNCHER]: ModLauncher running: args [--launchTarget, forgeserver, --fml.forgeVersion, 43.4.2, --fml.mcVersion, 1.19.2, --fml.forgeGroup, net.minecraftforge, --fml.mcpVersion, 20220805.130853, nogui]
[13Jul2025 17:20:12.020] [main/INFO] [cpw.mods.modlauncher.Launcher/MODLAUNCHER]: ModLauncher 10.0.8+10.0.8+main.0ef7e830 starting: java version 17.0.15 by Ubuntu; OS Linux arch amd64 version 6.8.0-1027-azure
[13Jul2025 17:20:12.041] [main/DEBUG] [cpw.mods.modlauncher.LaunchServiceHandler/MODLAUNCHER]: Found launch services [fmlclientdev,forgeclient,minecraft,forgegametestserverdev,fmlserveruserdev,fmlclient,fmldatauserdev,forgeserverdev,forgeserveruserdev,forgeclientdev,forgeclientuserdev,forgeserver,forgedatadev,fmlserver,fmlclientuserdev,fmlserverdev,forgedatauserdev,testharness,forgegametestserveruserdev]
[13Jul2025 17:20:12.052] [main/DEBUG] [cpw.mods.modlauncher.NameMappingServiceHandler/MODLAUNCHER]: Found naming services : [srgtomcp]
[13Jul2025 17:20:12.070] [main/DEBUG] [cpw.mods.modlauncher.LaunchPluginHandler/MODLAUNCHER]: Found launch plugins: [mixin,eventbus,slf4jfixer,object_holder_definalize,runtime_enum_extender,capability_token_subclass,accesstransformer,runtimedistcleaner]
[13Jul2025 17:20:12.083] [main/DEBUG] [cpw.mods.modlauncher.TransformationServicesHandler/MODLAUNCHER]: Discovering transformation services
[13Jul2025 17:20:12.458] [main/DEBUG] [cpw.mods.modlauncher.TransformationServicesHandler/MODLAUNCHER]: Found additional transformation services from discovery services: 
[13Jul2025 17:20:12.470] [main/DEBUG] [cpw.mods.modlauncher.TransformationServicesHandler/MODLAUNCHER]: Found transformer services : [mixin,fml]
[13Jul2025 17:20:12.470] [main/DEBUG] [cpw.mods.modlauncher.TransformationServicesHandler/MODLAUNCHER]: Transformation services loading
[13Jul2025 17:20:12.471] [main/DEBUG] [cpw.mods.modlauncher.TransformationServiceDecorator/MODLAUNCHER]: Loading service mixin
[13Jul2025 17:20:12.471] [main/DEBUG] [cpw.mods.modlauncher.TransformationServiceDecorator/MODLAUNCHER]: Loaded service mixin
[13Jul2025 17:20:12.472] [main/DEBUG] [cpw.mods.modlauncher.TransformationServiceDecorator/MODLAUNCHER]: Loading service fml
[13Jul2025 17:20:12.474] [main/DEBUG] [net.minecraftforge.fml.loading.LauncherVersion/CORE]: Found FMLLauncher version 1.0
[13Jul2025 17:20:12.474] [main/DEBUG] [net.minecraftforge.fml.loading.FMLLoader/CORE]: FML 1.0 loading
[13Jul2025 17:20:12.474] [main/DEBUG] [net.minecraftforge.fml.loading.FMLLoader/CORE]: FML found ModLauncher version : 10.0.8+10.0.8+main.0ef7e830
[13Jul2025 17:20:12.475] [main/DEBUG] [net.minecraftforge.fml.loading.FMLLoader/CORE]: FML found AccessTransformer version : 8.0.4+66+master.c09db6d7
[13Jul2025 17:20:12.475] [main/DEBUG] [net.minecraftforge.fml.loading.FMLLoader/CORE]: FML found EventBus version : 6.0.3+6.0.3+master.039e4ea9
[13Jul2025 17:20:12.475] [main/DEBUG] [net.minecraftforge.fml.loading.FMLLoader/CORE]: Found Runtime Dist Cleaner
[13Jul2025 17:20:12.477] [main/DEBUG] [net.minecraftforge.fml.loading.FMLLoader/CORE]: FML found CoreMod version : 5.0.1+15+master.dc5a2922
[13Jul2025 17:20:12.477] [main/DEBUG] [net.minecraftforge.fml.loading.FMLLoader/CORE]: Found ForgeSPI package implementation version 6.0.0+6.0.0+master.42474703
[13Jul2025 17:20:12.478] [main/DEBUG] [net.minecraftforge.fml.loading.FMLLoader/CORE]: Found ForgeSPI package specification 5
[13Jul2025 17:20:12.479] [main/DEBUG] [cpw.mods.modlauncher.TransformationServiceDecorator/MODLAUNCHER]: Loaded service fml
[13Jul2025 17:20:12.480] [main/DEBUG] [cpw.mods.modlauncher.TransformationServicesHandler/MODLAUNCHER]: Configuring option handling for services
[13Jul2025 17:20:12.486] [main/DEBUG] [cpw.mods.modlauncher.TransformationServicesHandler/MODLAUNCHER]: Transformation services initializing
[13Jul2025 17:20:12.486] [main/DEBUG] [cpw.mods.modlauncher.TransformationServiceDecorator/MODLAUNCHER]: Initializing transformation service mixin
[13Jul2025 17:20:12.500] [main/DEBUG] [mixin/]: MixinService [ModLauncher] was successfully booted in cpw.mods.cl.ModuleClassLoader@2d8f65a4
[13Jul2025 17:20:12.514] [main/INFO] [mixin/]: SpongePowered MIXIN Subsystem Version=0.8.5 Source=union:/workspaces/server/servidor_minecraft/libraries/org/spongepowered/mixin/0.8.5/mixin-0.8.5.jar%2363!/ Service=ModLauncher Env=SERVER
[13Jul2025 17:20:12.518] [main/DEBUG] [mixin/]: Initialising Mixin Platform Manager
[13Jul2025 17:20:12.518] [main/DEBUG] [mixin/]: Adding mixin platform agents for container ModLauncher Root Container(ModLauncher:4f56a0a2)
[13Jul2025 17:20:12.519] [main/DEBUG] [mixin/]: Instancing new MixinPlatformAgentMinecraftForge for ModLauncher Root Container(ModLauncher:4f56a0a2)
[13Jul2025 17:20:12.519] [main/DEBUG] [mixin/]: MixinPlatformAgentMinecraftForge rejected container ModLauncher Root Container(ModLauncher:4f56a0a2)
[13Jul2025 17:20:12.520] [main/DEBUG] [mixin/]: Instancing new MixinPlatformAgentDefault for ModLauncher Root Container(ModLauncher:4f56a0a2)
[13Jul2025 17:20:12.520] [main/DEBUG] [mixin/]: MixinPlatformAgentDefault accepted container ModLauncher Root Container(ModLauncher:4f56a0a2)
[13Jul2025 17:20:12.522] [main/DEBUG] [cpw.mods.modlauncher.TransformationServiceDecorator/MODLAUNCHER]: Initialized transformation service mixin
[13Jul2025 17:20:12.522] [main/DEBUG] [cpw.mods.modlauncher.TransformationServiceDecorator/MODLAUNCHER]: Initializing transformation service fml
[13Jul2025 17:20:12.523] [main/DEBUG] [net.minecraftforge.fml.loading.FMLServiceProvider/CORE]: Setting up basic FML game directories
[13Jul2025 17:20:12.524] [main/DEBUG] [net.minecraftforge.fml.loading.FileUtils/CORE]: Found existing GAMEDIR directory : /workspaces/server/servidor_minecraft
[13Jul2025 17:20:12.524] [main/DEBUG] [net.minecraftforge.fml.loading.FMLPaths/CORE]: Path GAMEDIR is /workspaces/server/servidor_minecraft
[13Jul2025 17:20:12.524] [main/DEBUG] [net.minecraftforge.fml.loading.FileUtils/CORE]: Found existing MODSDIR directory : /workspaces/server/servidor_minecraft/mods
[13Jul2025 17:20:12.525] [main/DEBUG] [net.minecraftforge.fml.loading.FMLPaths/CORE]: Path MODSDIR is /workspaces/server/servidor_minecraft/mods
[13Jul2025 17:20:12.525] [main/DEBUG] [net.minecraftforge.fml.loading.FileUtils/CORE]: Found existing CONFIGDIR directory : /workspaces/server/servidor_minecraft/config
[13Jul2025 17:20:12.525] [main/DEBUG] [net.minecraftforge.fml.loading.FMLPaths/CORE]: Path CONFIGDIR is /workspaces/server/servidor_minecraft/config
[13Jul2025 17:20:12.525] [main/DEBUG] [net.minecraftforge.fml.loading.FMLPaths/CORE]: Path FMLCONFIG is /workspaces/server/servidor_minecraft/config/fml.toml
[13Jul2025 17:20:12.526] [main/DEBUG] [net.minecraftforge.fml.loading.FMLServiceProvider/CORE]: Loading configuration
[13Jul2025 17:20:12.559] [main/DEBUG] [net.minecraftforge.fml.loading.FileUtils/CORE]: Found existing default config directory directory : /workspaces/server/servidor_minecraft/defaultconfigs
[13Jul2025 17:20:12.559] [main/DEBUG] [net.minecraftforge.fml.loading.FMLServiceProvider/CORE]: Preparing ModFile
[13Jul2025 17:20:12.562] [main/DEBUG] [net.minecraftforge.fml.loading.FMLServiceProvider/CORE]: Preparing launch handler
[13Jul2025 17:20:12.562] [main/DEBUG] [net.minecraftforge.fml.loading.FMLLoader/CORE]: Using forgeserver as launch service
[13Jul2025 17:20:12.579] [main/DEBUG] [net.minecraftforge.fml.loading.FMLLoader/CORE]: Received command line version data  : VersionInfo[forgeVersion=43.4.2, mcVersion=1.19.2, mcpVersion=20220805.130853, forgeGroup=net.minecraftforge]
[13Jul2025 17:20:12.581] [main/DEBUG] [cpw.mods.modlauncher.TransformationServiceDecorator/MODLAUNCHER]: Initialized transformation service fml
[13Jul2025 17:20:12.581] [main/DEBUG] [cpw.mods.modlauncher.NameMappingServiceHandler/MODLAUNCHER]: Current naming domain is 'srg'
[13Jul2025 17:20:12.581] [main/DEBUG] [cpw.mods.modlauncher.NameMappingServiceHandler/MODLAUNCHER]: Identified name mapping providers {}
[13Jul2025 17:20:12.582] [main/DEBUG] [cpw.mods.modlauncher.TransformationServicesHandler/MODLAUNCHER]: Transformation services begin scanning
[13Jul2025 17:20:12.582] [main/DEBUG] [cpw.mods.modlauncher.TransformationServiceDecorator/MODLAUNCHER]: Beginning scan trigger - transformation service mixin
[13Jul2025 17:20:12.582] [main/DEBUG] [cpw.mods.modlauncher.TransformationServiceDecorator/MODLAUNCHER]: End scan trigger - transformation service mixin
[13Jul2025 17:20:12.583] [main/DEBUG] [cpw.mods.modlauncher.TransformationServiceDecorator/MODLAUNCHER]: Beginning scan trigger - transformation service fml
[13Jul2025 17:20:12.583] [main/DEBUG] [net.minecraftforge.fml.loading.FMLServiceProvider/CORE]: Initiating mod scan
[13Jul2025 17:20:12.592] [main/DEBUG] [net.minecraftforge.fml.loading.moddiscovery.ModListHandler/CORE]: Found mod coordinates from lists: []
[13Jul2025 17:20:12.595] [main/DEBUG] [net.minecraftforge.fml.loading.moddiscovery.ModDiscoverer/CORE]: Found Mod Locators : (mods folder:null),(maven libs:null),(exploded directory:null),(minecraft:null),(userdev classpath:null)
[13Jul2025 17:20:12.595] [main/DEBUG] [net.minecraftforge.fml.loading.moddiscovery.ModDiscoverer/CORE]: Found Dependency Locators : (JarInJar:null)
[13Jul2025 17:20:12.604] [main/DEBUG] [net.minecraftforge.fml.loading.moddiscovery.ModFileParser/LOADING]: Considering mod file candidate /workspaces/server/servidor_minecraft/mods/alexsmobs-1.21.1.jar
[13Jul2025 17:20:12.647] [main/DEBUG] [net.minecraftforge.fml.loading.moddiscovery.ModFileInfo/LOADING]: Found valid mod file alexsmobs-1.21.1.jar with {alexsmobs} mods - versions {1.21.1}
[13Jul2025 17:20:12.648] [main/DEBUG] [net.minecraftforge.fml.loading.moddiscovery.ModFileParser/LOADING]: Considering mod file candidate /workspaces/server/servidor_minecraft/mods/appleskin-forge-mc1.19-2.4.2.jar
[13Jul2025 17:20:12.651] [main/DEBUG] [net.minecraftforge.fml.loading.moddiscovery.ModFileInfo/LOADING]: Found valid mod file appleskin-forge-mc1.19-2.4.2.jar with {appleskin} mods - versions {2.4.2+mc1.19}
[13Jul2025 17:20:12.653] [main/DEBUG] [net.minecraftforge.fml.loading.moddiscovery.ModFileParser/LOADING]: Considering mod file candidate /workspaces/server/servidor_minecraft/mods/aquamirae-6.API15.jar
[13Jul2025 17:20:12.654] [main/DEBUG] [net.minecraftforge.fml.loading.moddiscovery.ModFileInfo/LOADING]: Found valid mod file aquamirae-6.API15.jar with {aquamirae} mods - versions {6.API15}
[13Jul2025 17:20:12.655] [main/DEBUG] [net.minecraftforge.fml.loading.moddiscovery.ModFileParser/LOADING]: Considering mod file candidate /workspaces/server/servidor_minecraft/mods/BOMD-Forge-1.19.2-1.0.6.jar
[13Jul2025 17:20:12.657] [main/DEBUG] [net.minecraftforge.fml.loading.moddiscovery.ModFileInfo/LOADING]: Found valid mod file BOMD-Forge-1.19.2-1.0.6.jar with {bosses_of_mass_destruction} mods - versions {1.0.6}
[13Jul2025 17:20:12.659] [main/DEBUG] [net.minecraftforge.fml.loading.moddiscovery.ModFileParser/LOADING]: Considering mod file candidate /workspaces/server/servidor_minecraft/mods/born_in_chaos_[Forge]1.19.2_1.10.1.jar
[13Jul2025 17:20:12.660] [main/DEBUG] [net.minecraftforge.fml.loading.moddiscovery.ModFileInfo/LOADING]: Found valid mod file born_in_chaos_[Forge]1.19.2_1.10.1.jar with {born_in_chaos_v1} mods - versions {1.0.0}
[13Jul2025 17:20:12.661] [main/DEBUG] [net.minecraftforge.fml.loading.moddiscovery.ModFileParser/LOADING]: Considering mod file candidate /workspaces/server/servidor_minecraft/mods/cartoon_dweller-1.19.2-1.8.0.jar
[13Jul2025 17:20:12.662] [main/DEBUG] [net.minecraftforge.fml.loading.moddiscovery.ModFileInfo/LOADING]: Found valid mod file cartoon_dweller-1.19.2-1.8.0.jar with {cartoon_dweller} mods - versions {1.7.0}
[13Jul2025 17:20:12.662] [main/DEBUG] [net.minecraftforge.fml.loading.moddiscovery.ModFileParser/LOADING]: Considering mod file candidate /workspaces/server/servidor_minecraft/mods/Cave Dweller Reimagined.jar
[13Jul2025 17:20:12.663] [main/DEBUG] [net.minecraftforge.fml.loading.moddiscovery.ModFileInfo/LOADING]: Found valid mod file Cave Dweller Reimagined.jar with {cave_dweller} mods - versions {1.6.4}
[13Jul2025 17:20:12.664] [main/DEBUG] [net.minecraftforge.fml.loading.moddiscovery.ModFileParser/LOADING]: Considering mod file candidate /workspaces/server/servidor_minecraft/mods/cgm-forge-1.19.2-1.3.7.jar
[13Jul2025 17:20:12.666] [main/DEBUG] [net.minecraftforge.fml.loading.moddiscovery.ModFileInfo/LOADING]: Found valid mod file cgm-forge-1.19.2-1.3.7.jar with {cgm} mods - versions {1.3.7}
[13Jul2025 17:20:12.668] [main/DEBUG] [net.minecraftforge.fml.loading.moddiscovery.ModFileParser/LOADING]: Considering mod file candidate /workspaces/server/servidor_minecraft/mods/citadel-2.1.4-1.19.jar
[13Jul2025 17:20:12.669] [main/DEBUG] [net.minecraftforge.fml.loading.moddiscovery.ModFileInfo/LOADING]: Found valid mod file citadel-2.1.4-1.19.jar with {citadel} mods - versions {2.1.4}
[13Jul2025 17:20:12.670] [main/DEBUG] [net.minecraftforge.fml.loading.moddiscovery.ModFileParser/LOADING]: Considering mod file candidate /workspaces/server/servidor_minecraft/mods/cloth-config-8.3.134-forge.jar
[13Jul2025 17:20:12.671] [main/DEBUG] [net.minecraftforge.fml.loading.moddiscovery.ModFileInfo/LOADING]: Found valid mod file cloth-config-8.3.134-forge.jar with {cloth_config} mods - versions {8.3.134}
[13Jul2025 17:20:12.671] [main/DEBUG] [net.minecraftforge.fml.loading.moddiscovery.ModFileParser/LOADING]: Considering mod file candidate /workspaces/server/servidor_minecraft/mods/CuckooClock-forge-1.19.2-2.3.jar
[13Jul2025 17:20:12.672] [main/DEBUG] [net.minecraftforge.fml.loading.moddiscovery.ModFileInfo/LOADING]: Found valid mod file CuckooClock-forge-1.19.2-2.3.jar with {the_cuckoo_clock} mods - versions {1.0.0}
[13Jul2025 17:20:12.674] [main/DEBUG] [net.minecraftforge.fml.loading.moddiscovery.ModFileParser/LOADING]: Considering mod file candidate /workspaces/server/servidor_minecraft/mods/eeeabsmobs-1.19.2-0.97-Fix.jar
[13Jul2025 17:20:12.675] [main/DEBUG] [net.minecraftforge.fml.loading.moddiscovery.ModFileInfo/LOADING]: Found valid mod file eeeabsmobs-1.19.2-0.97-Fix.jar with {eeeabsmobs} mods - versions {1.19.2-0.97}
[13Jul2025 17:20:12.675] [main/DEBUG] [net.minecraftforge.fml.loading.moddiscovery.ModFileParser/LOADING]: Considering mod file candidate /workspaces/server/servidor_minecraft/mods/firstperson-forge-2.4.9-mc1.19.2.jar
[13Jul2025 17:20:12.676] [main/DEBUG] [net.minecraftforge.fml.loading.moddiscovery.ModFileInfo/LOADING]: Found valid mod file firstperson-forge-2.4.9-mc1.19.2.jar with {firstperson} mods - versions {2.4.9}
[13Jul2025 17:20:12.679] [main/DEBUG] [net.minecraftforge.fml.loading.moddiscovery.ModFileParser/LOADING]: Considering mod file candidate /workspaces/server/servidor_minecraft/mods/framework-forge-1.19.2-0.7.12.jar
[13Jul2025 17:20:12.680] [main/DEBUG] [net.minecraftforge.fml.loading.moddiscovery.ModFileInfo/LOADING]: Found valid mod file framework-forge-1.19.2-0.7.12.jar with {framework} mods - versions {0.7.12}
[13Jul2025 17:20:12.682] [main/DEBUG] [net.minecraftforge.fml.loading.moddiscovery.ModFileParser/LOADING]: Considering mod file candidate /workspaces/server/servidor_minecraft/mods/geckolib-forge-1.19-3.1.40.jar
[13Jul2025 17:20:12.683] [main/DEBUG] [net.minecraftforge.fml.loading.moddiscovery.ModFileInfo/LOADING]: Found valid mod file geckolib-forge-1.19-3.1.40.jar with {geckolib3} mods - versions {3.1.40}
[13Jul2025 17:20:12.683] [main/DEBUG] [net.minecraftforge.fml.loading.moddiscovery.ModFileParser/LOADING]: Considering mod file candidate /workspaces/server/servidor_minecraft/mods/irritator-1.8_Mini-Update.jar
[13Jul2025 17:20:12.684] [main/DEBUG] [net.minecraftforge.fml.loading.moddiscovery.ModFileInfo/LOADING]: Found valid mod file irritator-1.8_Mini-Update.jar with {irritator} mods - versions {1.7.0}
[13Jul2025 17:20:12.685] [main/DEBUG] [net.minecraftforge.fml.loading.moddiscovery.ModFileParser/LOADING]: Considering mod file candidate /workspaces/server/servidor_minecraft/mods/jei-1.19.2-forge-11.8.1.1034.jar
[13Jul2025 17:20:12.686] [main/DEBUG] [net.minecraftforge.fml.loading.moddiscovery.ModFileInfo/LOADING]: Found valid mod file jei-1.19.2-forge-11.8.1.1034.jar with {jei} mods - versions {11.8.1.1034}
[13Jul2025 17:20:12.687] [main/DEBUG] [net.minecraftforge.fml.loading.moddiscovery.ModFileParser/LOADING]: Considering mod file candidate /workspaces/server/servidor_minecraft/mods/justzoom_forge_2.1.1_MC_1.19.2.jar
[13Jul2025 17:20:12.688] [main/DEBUG] [net.minecraftforge.fml.loading.moddiscovery.ModFileInfo/LOADING]: Found valid mod file justzoom_forge_2.1.1_MC_1.19.2.jar with {justzoom} mods - versions {2.1.1}
[13Jul2025 17:20:12.688] [main/DEBUG] [net.minecraftforge.fml.loading.moddiscovery.ModFileParser/LOADING]: Considering mod file candidate /workspaces/server/servidor_minecraft/mods/knightlib-forge-1.19.2-1.2.0.jar
[13Jul2025 17:20:12.690] [main/DEBUG] [net.minecraftforge.fml.loading.moddiscovery.ModFileInfo/LOADING]: Found valid mod file knightlib-forge-1.19.2-1.2.0.jar with {knightlib} mods - versions {1.2.0}
[13Jul2025 17:20:12.691] [main/DEBUG] [net.minecraftforge.fml.loading.moddiscovery.ModFileParser/LOADING]: Considering mod file candidate /workspaces/server/servidor_minecraft/mods/knightquest-1.8.4.jar
[13Jul2025 17:20:12.692] [main/DEBUG] [net.minecraftforge.fml.loading.moddiscovery.ModFileInfo/LOADING]: Found valid mod file knightquest-1.8.4.jar with {knightquest} mods - versions {1.8.4}
[13Jul2025 17:20:12.693] [main/DEBUG] [net.minecraftforge.fml.loading.moddiscovery.ModFileParser/LOADING]: Considering mod file candidate /workspaces/server/servidor_minecraft/mods/konkrete_forge_1.8.0_MC_1.19-1.19.2.jar
[13Jul2025 17:20:12.694] [main/DEBUG] [net.minecraftforge.fml.loading.moddiscovery.ModFileInfo/LOADING]: Found valid mod file konkrete_forge_1.8.0_MC_1.19-1.19.2.jar with {konkrete} mods - versions {1.8.0}
[13Jul2025 17:20:12.695] [main/DEBUG] [net.minecraftforge.fml.loading.moddiscovery.ModFileParser/LOADING]: Considering mod file candidate /workspaces/server/servidor_minecraft/mods/legendarymonsters-1.0.7 MC 1.19.2.jar
[13Jul2025 17:20:12.696] [main/DEBUG] [net.minecraftforge.fml.loading.moddiscovery.ModFileInfo/LOADING]: Found valid mod file legendarymonsters-1.0.7 MC 1.19.2.jar with {legendary_monsters} mods - versions {1.20.1}
[13Jul2025 17:20:12.696] [main/DEBUG] [net.minecraftforge.fml.loading.moddiscovery.ModFileParser/LOADING]: Considering mod file candidate /workspaces/server/servidor_minecraft/mods/Mimicer v4 2.0.jar
[13Jul2025 17:20:12.697] [main/DEBUG] [net.minecraftforge.fml.loading.moddiscovery.ModFileInfo/LOADING]: Found valid mod file Mimicer v4 2.0.jar with {mimicer} mods - versions {1.7.0}
[13Jul2025 17:20:12.698] [main/DEBUG] [net.minecraftforge.fml.loading.moddiscovery.ModFileParser/LOADING]: Considering mod file candidate /workspaces/server/servidor_minecraft/mods/MOKEYneedsGeckoLib.jar
[13Jul2025 17:20:12.698] [main/DEBUG] [net.minecraftforge.fml.loading.moddiscovery.ModFileInfo/LOADING]: Found valid mod file MOKEYneedsGeckoLib.jar with {mokey} mods - versions {1.7.0}
[13Jul2025 17:20:12.700] [main/DEBUG] [net.minecraftforge.fml.loading.moddiscovery.ModFileParser/LOADING]: Considering mod file candidate /workspaces/server/servidor_minecraft/mods/mowziesmobs-1.6.3.jar
[13Jul2025 17:20:12.700] [main/DEBUG] [net.minecraftforge.fml.loading.moddiscovery.ModFileInfo/LOADING]: Found valid mod file mowziesmobs-1.6.3.jar with {mowziesmobs} mods - versions {1.6.3}
[13Jul2025 17:20:12.701] [main/DEBUG] [net.minecraftforge.fml.loading.moddiscovery.ModFileParser/LOADING]: Considering mod file candidate /workspaces/server/servidor_minecraft/mods/MyServerIsCompatible-1.19-1.0.jar
[13Jul2025 17:20:12.701] [main/DEBUG] [net.minecraftforge.fml.loading.moddiscovery.ModFileInfo/LOADING]: Found valid mod file MyServerIsCompatible-1.19-1.0.jar with {myserveriscompatible} mods - versions {1.0}
[13Jul2025 17:20:12.702] [main/DEBUG] [net.minecraftforge.fml.loading.moddiscovery.ModFileParser/LOADING]: Considering mod file candidate /workspaces/server/servidor_minecraft/mods/obscure_api-15.jar
[13Jul2025 17:20:12.703] [main/DEBUG] [net.minecraftforge.fml.loading.moddiscovery.ModFileInfo/LOADING]: Found valid mod file obscure_api-15.jar with {obscure_api} mods - versions {15}
[13Jul2025 17:20:12.703] [main/DEBUG] [net.minecraftforge.fml.loading.moddiscovery.ModFileParser/LOADING]: Considering mod file candidate /workspaces/server/servidor_minecraft/mods/rubidium-mc1.19.2-0.6.2c.jar
[13Jul2025 17:20:12.704] [main/DEBUG] [net.minecraftforge.fml.loading.moddiscovery.ModFileInfo/LOADING]: Found valid mod file rubidium-mc1.19.2-0.6.2c.jar with {rubidium} mods - versions {0.6.2c}
[13Jul2025 17:20:12.705] [main/DEBUG] [net.minecraftforge.fml.loading.moddiscovery.ModFileParser/LOADING]: Considering mod file candidate /workspaces/server/servidor_minecraft/mods/sackman-1.19.2-1.6.5.jar
[13Jul2025 17:20:12.705] [main/DEBUG] [net.minecraftforge.fml.loading.moddiscovery.ModFileInfo/LOADING]: Found valid mod file sackman-1.19.2-1.6.5.jar with {sackman} mods - versions {1.6.5}
[13Jul2025 17:20:12.707] [main/DEBUG] [net.minecraftforge.fml.loading.moddiscovery.ModFileParser/LOADING]: Considering mod file candidate /workspaces/server/servidor_minecraft/mods/sons-of-sins-1.19.2-2.1.6.jar
[13Jul2025 17:20:12.707] [main/DEBUG] [net.minecraftforge.fml.loading.moddiscovery.ModFileInfo/LOADING]: Found valid mod file sons-of-sins-1.19.2-2.1.6.jar with {sons_of_sins} mods - versions {2.1.6}
[13Jul2025 17:20:12.708] [main/DEBUG] [net.minecraftforge.fml.loading.moddiscovery.ModFileParser/LOADING]: Considering mod file candidate /workspaces/server/servidor_minecraft/mods/sound-physics-remastered-forge-1.19.2-1.4.5.jar
[13Jul2025 17:20:12.709] [main/DEBUG] [net.minecraftforge.fml.loading.moddiscovery.ModFileInfo/LOADING]: Found valid mod file sound-physics-remastered-forge-1.19.2-1.4.5.jar with {sound_physics_remastered} mods - versions {1.19.2-1.4.5}
[13Jul2025 17:20:12.711] [main/DEBUG] [net.minecraftforge.fml.loading.moddiscovery.ModFileParser/LOADING]: Considering mod file candidate /workspaces/server/servidor_minecraft/mods/Terralith_1.19.3_v2.3.12.jar
[13Jul2025 17:20:12.712] [main/DEBUG] [net.minecraftforge.fml.loading.moddiscovery.ModFileInfo/LOADING]: Found valid mod file Terralith_1.19.3_v2.3.12.jar with {terralith} mods - versions {2.3.12}
[13Jul2025 17:20:12.713] [main/DEBUG] [net.minecraftforge.fml.loading.moddiscovery.ModFileParser/LOADING]: Considering mod file candidate /workspaces/server/servidor_minecraft/mods/The-Man-From-The-Fog-1.3-1.19.2.jar
[13Jul2025 17:20:12.713] [main/DEBUG] [net.minecraftforge.fml.loading.moddiscovery.ModFileInfo/LOADING]: Found valid mod file The-Man-From-The-Fog-1.3-1.19.2.jar with {man} mods - versions {1.3}
[13Jul2025 17:20:12.715] [main/DEBUG] [net.minecraftforge.fml.loading.moddiscovery.ModFileParser/LOADING]: Considering mod file candidate /workspaces/server/servidor_minecraft/mods/The_Graveyard_2.5.3_(FORGE)_for_1.19.2..jar
[13Jul2025 17:20:12.715] [main/DEBUG] [net.minecraftforge.fml.loading.moddiscovery.ModFileInfo/LOADING]: Found valid mod file The_Graveyard_2.5.3_(FORGE)_for_1.19.2..jar with {graveyard} mods - versions {2.5.3}
[13Jul2025 17:20:12.716] [main/DEBUG] [net.minecraftforge.fml.loading.moddiscovery.ModFileParser/LOADING]: Considering mod file candidate /workspaces/server/servidor_minecraft/mods/the_knocker-1.4.0c-forge-1.19.2.jar
[13Jul2025 17:20:12.716] [main/DEBUG] [net.minecraftforge.fml.loading.moddiscovery.ModFileInfo/LOADING]: Found valid mod file the_knocker-1.4.0c-forge-1.19.2.jar with {the_knocker} mods - versions {1.4.0}
[13Jul2025 17:20:12.718] [main/DEBUG] [net.minecraftforge.fml.loading.moddiscovery.ModFileParser/LOADING]: Considering mod file candidate /workspaces/server/servidor_minecraft/mods/the_midnight_lurker_3.3.5.jar
[13Jul2025 17:20:12.719] [main/DEBUG] [net.minecraftforge.fml.loading.moddiscovery.ModFileInfo/LOADING]: Found valid mod file the_midnight_lurker_3.3.5.jar with {midnightlurker} mods - versions {3.3.5}
[13Jul2025 17:20:12.719] [main/DEBUG] [net.minecraftforge.fml.loading.moddiscovery.ModFileParser/LOADING]: Considering mod file candidate /workspaces/server/servidor_minecraft/mods/the_silence-0.2 patch 2.0 Fixed -CENSORED ver.jar
[13Jul2025 17:20:12.720] [main/DEBUG] [net.minecraftforge.fml.loading.moddiscovery.ModFileInfo/LOADING]: Found valid mod file the_silence-0.2 patch 2.0 Fixed -CENSORED ver.jar with {the_silence} mods - versions {0.2}
[13Jul2025 17:20:12.725] [main/DEBUG] [net.minecraftforge.fml.loading.moddiscovery.ModFileParser/LOADING]: Considering mod file candidate /workspaces/server/servidor_minecraft/mods/tl_skin_cape_forge_1.19_1.19.2-1.30.jar
[13Jul2025 17:20:12.726] [main/DEBUG] [net.minecraftforge.fml.loading.moddiscovery.ModFileInfo/LOADING]: Found valid mod file tl_skin_cape_forge_1.19_1.19.2-1.30.jar with {tlskincape} mods - versions {1.30}
[13Jul2025 17:20:12.727] [main/DEBUG] [net.minecraftforge.fml.loading.moddiscovery.ModFileParser/LOADING]: Considering mod file candidate /workspaces/server/servidor_minecraft/mods/TreeChop-1.19.2-forge-0.19.1.jar
[13Jul2025 17:20:12.727] [main/DEBUG] [net.minecraftforge.fml.loading.moddiscovery.ModFileInfo/LOADING]: Found valid mod file TreeChop-1.19.2-forge-0.19.1.jar with {treechop} mods - versions {0.19.0}
[13Jul2025 17:20:12.847] [main/DEBUG] [net.minecraftforge.fml.loading.moddiscovery.ModFileInfo/LOADING]: Found valid mod file server-1.19.2-20220805.130853-srg.jar with {minecraft} mods - versions {1.19.2}
[13Jul2025 17:20:12.851] [main/DEBUG] [net.minecraftforge.fml.loading.moddiscovery.ModFileParser/LOADING]: Considering mod file candidate /workspaces/server/servidor_minecraft/libraries/net/minecraftforge/fmlcore/1.19.2-43.4.2/fmlcore-1.19.2-43.4.2.jar
[13Jul2025 17:20:12.851] [main/WARN] [net.minecraftforge.fml.loading.moddiscovery.ModFileParser/LOADING]: Mod file /workspaces/server/servidor_minecraft/libraries/net/minecraftforge/fmlcore/1.19.2-43.4.2/fmlcore-1.19.2-43.4.2.jar is missing mods.toml file
[13Jul2025 17:20:12.853] [main/DEBUG] [net.minecraftforge.fml.loading.moddiscovery.ModFileParser/LOADING]: Considering mod file candidate /workspaces/server/servidor_minecraft/libraries/net/minecraftforge/javafmllanguage/1.19.2-43.4.2/javafmllanguage-1.19.2-43.4.2.jar
[13Jul2025 17:20:12.853] [main/WARN] [net.minecraftforge.fml.loading.moddiscovery.ModFileParser/LOADING]: Mod file /workspaces/server/servidor_minecraft/libraries/net/minecraftforge/javafmllanguage/1.19.2-43.4.2/javafmllanguage-1.19.2-43.4.2.jar is missing mods.toml file
[13Jul2025 17:20:12.854] [main/DEBUG] [net.minecraftforge.fml.loading.moddiscovery.ModFileParser/LOADING]: Considering mod file candidate /workspaces/server/servidor_minecraft/libraries/net/minecraftforge/lowcodelanguage/1.19.2-43.4.2/lowcodelanguage-1.19.2-43.4.2.jar
[13Jul2025 17:20:12.854] [main/WARN] [net.minecraftforge.fml.loading.moddiscovery.ModFileParser/LOADING]: Mod file /workspaces/server/servidor_minecraft/libraries/net/minecraftforge/lowcodelanguage/1.19.2-43.4.2/lowcodelanguage-1.19.2-43.4.2.jar is missing mods.toml file
[13Jul2025 17:20:12.856] [main/DEBUG] [net.minecraftforge.fml.loading.moddiscovery.ModFileParser/LOADING]: Considering mod file candidate /workspaces/server/servidor_minecraft/libraries/net/minecraftforge/mclanguage/1.19.2-43.4.2/mclanguage-1.19.2-43.4.2.jar
[13Jul2025 17:20:12.856] [main/WARN] [net.minecraftforge.fml.loading.moddiscovery.ModFileParser/LOADING]: Mod file /workspaces/server/servidor_minecraft/libraries/net/minecraftforge/mclanguage/1.19.2-43.4.2/mclanguage-1.19.2-43.4.2.jar is missing mods.toml file
[13Jul2025 17:20:12.906] [main/DEBUG] [net.minecraftforge.fml.loading.moddiscovery.ModFileParser/LOADING]: Considering mod file candidate /workspaces/server/servidor_minecraft/libraries/net/minecraftforge/forge/1.19.2-43.4.2/forge-1.19.2-43.4.2-universal.jar
[13Jul2025 17:20:12.907] [main/DEBUG] [net.minecraftforge.fml.loading.moddiscovery.ModFileInfo/LOADING]: Found valid mod file forge-1.19.2-43.4.2-universal.jar with {forge} mods - versions {43.4.2}
[13Jul2025 17:20:12.920] [main/DEBUG] [net.minecraftforge.fml.loading.moddiscovery.AbstractJarFileDependencyLocator/]: Failed to load resource META-INF/jarjar/metadata.json from server-1.19.2-20220805.130853-srg.jar, it does not contain dependency information.
[13Jul2025 17:20:12.920] [main/DEBUG] [net.minecraftforge.fml.loading.moddiscovery.AbstractJarFileDependencyLocator/]: Failed to load resource META-INF/jarjar/metadata.json from sons-of-sins-1.19.2-2.1.6.jar, it does not contain dependency information.
[13Jul2025 17:20:12.920] [main/DEBUG] [net.minecraftforge.fml.loading.moddiscovery.AbstractJarFileDependencyLocator/]: Failed to load resource META-INF/jarjar/metadata.json from TreeChop-1.19.2-forge-0.19.1.jar, it does not contain dependency information.
[13Jul2025 17:20:12.921] [main/DEBUG] [net.minecraftforge.fml.loading.moddiscovery.AbstractJarFileDependencyLocator/]: Failed to load resource META-INF/jarjar/metadata.json from the_midnight_lurker_3.3.5.jar, it does not contain dependency information.
[13Jul2025 17:20:12.921] [main/DEBUG] [net.minecraftforge.fml.loading.moddiscovery.AbstractJarFileDependencyLocator/]: Failed to load resource META-INF/jarjar/metadata.json from mowziesmobs-1.6.3.jar, it does not contain dependency information.
[13Jul2025 17:20:12.921] [main/DEBUG] [net.minecraftforge.fml.loading.moddiscovery.AbstractJarFileDependencyLocator/]: Failed to load resource META-INF/jarjar/metadata.json from alexsmobs-1.21.1.jar, it does not contain dependency information.
[13Jul2025 17:20:12.921] [main/DEBUG] [net.minecraftforge.fml.loading.moddiscovery.AbstractJarFileDependencyLocator/]: Failed to load resource META-INF/jarjar/metadata.json from cgm-forge-1.19.2-1.3.7.jar, it does not contain dependency information.
[13Jul2025 17:20:12.921] [main/DEBUG] [net.minecraftforge.fml.loading.moddiscovery.AbstractJarFileDependencyLocator/]: Failed to load resource META-INF/jarjar/metadata.json from MOKEYneedsGeckoLib.jar, it does not contain dependency information.
[13Jul2025 17:20:12.921] [main/DEBUG] [net.minecraftforge.fml.loading.moddiscovery.AbstractJarFileDependencyLocator/]: Failed to load resource META-INF/jarjar/metadata.json from knightquest-1.8.4.jar, it does not contain dependency information.
[13Jul2025 17:20:12.921] [main/DEBUG] [net.minecraftforge.fml.loading.moddiscovery.AbstractJarFileDependencyLocator/]: Failed to load resource META-INF/jarjar/metadata.json from jei-1.19.2-forge-11.8.1.1034.jar, it does not contain dependency information.
[13Jul2025 17:20:12.922] [main/DEBUG] [net.minecraftforge.fml.loading.moddiscovery.AbstractJarFileDependencyLocator/]: Failed to load resource META-INF/jarjar/metadata.json from eeeabsmobs-1.19.2-0.97-Fix.jar, it does not contain dependency information.
[13Jul2025 17:20:12.922] [main/DEBUG] [net.minecraftforge.fml.loading.moddiscovery.AbstractJarFileDependencyLocator/]: Failed to load resource META-INF/jarjar/metadata.json from firstperson-forge-2.4.9-mc1.19.2.jar, it does not contain dependency information.
[13Jul2025 17:20:12.922] [main/DEBUG] [net.minecraftforge.fml.loading.moddiscovery.AbstractJarFileDependencyLocator/]: Failed to load resource META-INF/jarjar/metadata.json from The_Graveyard_2.5.3_(FORGE)_for_1.19.2..jar, it does not contain dependency information.
[13Jul2025 17:20:12.922] [main/DEBUG] [net.minecraftforge.fml.loading.moddiscovery.AbstractJarFileDependencyLocator/]: Failed to load resource META-INF/jarjar/metadata.json from the_silence-0.2 patch 2.0 Fixed -CENSORED ver.jar, it does not contain dependency information.
[13Jul2025 17:20:12.922] [main/DEBUG] [net.minecraftforge.fml.loading.moddiscovery.AbstractJarFileDependencyLocator/]: Failed to load resource META-INF/jarjar/metadata.json from born_in_chaos_[Forge]1.19.2_1.10.1.jar, it does not contain dependency information.
[13Jul2025 17:20:12.922] [main/DEBUG] [net.minecraftforge.fml.loading.moddiscovery.AbstractJarFileDependencyLocator/]: Failed to load resource META-INF/jarjar/metadata.json from obscure_api-15.jar, it does not contain dependency information.
[13Jul2025 17:20:12.922] [main/DEBUG] [net.minecraftforge.fml.loading.moddiscovery.AbstractJarFileDependencyLocator/]: Failed to load resource META-INF/jarjar/metadata.json from rubidium-mc1.19.2-0.6.2c.jar, it does not contain dependency information.
[13Jul2025 17:20:12.923] [main/DEBUG] [net.minecraftforge.fml.loading.moddiscovery.AbstractJarFileDependencyLocator/]: Failed to load resource META-INF/jarjar/metadata.json from sound-physics-remastered-forge-1.19.2-1.4.5.jar, it does not contain dependency information.
[13Jul2025 17:20:12.923] [main/DEBUG] [net.minecraftforge.fml.loading.moddiscovery.AbstractJarFileDependencyLocator/]: Failed to load resource META-INF/jarjar/metadata.json from CuckooClock-forge-1.19.2-2.3.jar, it does not contain dependency information.
[13Jul2025 17:20:12.923] [main/DEBUG] [net.minecraftforge.fml.loading.moddiscovery.AbstractJarFileDependencyLocator/]: Failed to load resource META-INF/jarjar/metadata.json from The-Man-From-The-Fog-1.3-1.19.2.jar, it does not contain dependency information.
[13Jul2025 17:20:12.923] [main/DEBUG] [net.minecraftforge.fml.loading.moddiscovery.AbstractJarFileDependencyLocator/]: Failed to load resource META-INF/jarjar/metadata.json from citadel-2.1.4-1.19.jar, it does not contain dependency information.
[13Jul2025 17:20:12.923] [main/DEBUG] [net.minecraftforge.fml.loading.moddiscovery.AbstractJarFileDependencyLocator/]: Failed to load resource META-INF/jarjar/metadata.json from legendarymonsters-1.0.7 MC 1.19.2.jar, it does not contain dependency information.
[13Jul2025 17:20:12.924] [main/DEBUG] [net.minecraftforge.fml.loading.moddiscovery.AbstractJarFileDependencyLocator/]: Failed to load resource META-INF/jarjar/metadata.json from MyServerIsCompatible-1.19-1.0.jar, it does not contain dependency information.
[13Jul2025 17:20:12.924] [main/DEBUG] [net.minecraftforge.fml.loading.moddiscovery.AbstractJarFileDependencyLocator/]: Failed to load resource META-INF/jarjar/metadata.json from knightlib-forge-1.19.2-1.2.0.jar, it does not contain dependency information.
[13Jul2025 17:20:12.924] [main/DEBUG] [net.minecraftforge.fml.loading.moddiscovery.AbstractJarFileDependencyLocator/]: Failed to load resource META-INF/jarjar/metadata.json from Cave Dweller Reimagined.jar, it does not contain dependency information.
[13Jul2025 17:20:12.924] [main/DEBUG] [net.minecraftforge.fml.loading.moddiscovery.AbstractJarFileDependencyLocator/]: Failed to load resource META-INF/jarjar/metadata.json from appleskin-forge-mc1.19-2.4.2.jar, it does not contain dependency information.
[13Jul2025 17:20:12.925] [main/DEBUG] [net.minecraftforge.fml.loading.moddiscovery.AbstractJarFileDependencyLocator/]: Failed to load resource META-INF/jarjar/metadata.json from BOMD-Forge-1.19.2-1.0.6.jar, it does not contain dependency information.
[13Jul2025 17:20:12.925] [main/DEBUG] [net.minecraftforge.fml.loading.moddiscovery.AbstractJarFileDependencyLocator/]: Failed to load resource META-INF/jarjar/metadata.json from Terralith_1.19.3_v2.3.12.jar, it does not contain dependency information.
[13Jul2025 17:20:12.925] [main/DEBUG] [net.minecraftforge.fml.loading.moddiscovery.AbstractJarFileDependencyLocator/]: Failed to load resource META-INF/jarjar/metadata.json from irritator-1.8_Mini-Update.jar, it does not contain dependency information.
[13Jul2025 17:20:12.925] [main/DEBUG] [net.minecraftforge.fml.loading.moddiscovery.AbstractJarFileDependencyLocator/]: Failed to load resource META-INF/jarjar/metadata.json from the_knocker-1.4.0c-forge-1.19.2.jar, it does not contain dependency information.
[13Jul2025 17:20:12.926] [main/DEBUG] [net.minecraftforge.fml.loading.moddiscovery.AbstractJarFileDependencyLocator/]: Failed to load resource META-INF/jarjar/metadata.json from framework-forge-1.19.2-0.7.12.jar, it does not contain dependency information.
[13Jul2025 17:20:12.926] [main/DEBUG] [net.minecraftforge.fml.loading.moddiscovery.AbstractJarFileDependencyLocator/]: Failed to load resource META-INF/jarjar/metadata.json from cloth-config-8.3.134-forge.jar, it does not contain dependency information.
[13Jul2025 17:20:12.926] [main/DEBUG] [net.minecraftforge.fml.loading.moddiscovery.AbstractJarFileDependencyLocator/]: Failed to load resource META-INF/jarjar/metadata.json from forge-1.19.2-43.4.2-universal.jar, it does not contain dependency information.
[13Jul2025 17:20:12.927] [main/DEBUG] [net.minecraftforge.fml.loading.moddiscovery.AbstractJarFileDependencyLocator/]: Failed to load resource META-INF/jarjar/metadata.json from cartoon_dweller-1.19.2-1.8.0.jar, it does not contain dependency information.
[13Jul2025 17:20:12.927] [main/DEBUG] [net.minecraftforge.fml.loading.moddiscovery.AbstractJarFileDependencyLocator/]: Failed to load resource META-INF/jarjar/metadata.json from tl_skin_cape_forge_1.19_1.19.2-1.30.jar, it does not contain dependency information.
[13Jul2025 17:20:12.927] [main/DEBUG] [net.minecraftforge.fml.loading.moddiscovery.AbstractJarFileDependencyLocator/]: Failed to load resource META-INF/jarjar/metadata.json from konkrete_forge_1.8.0_MC_1.19-1.19.2.jar, it does not contain dependency information.
[13Jul2025 17:20:12.928] [main/DEBUG] [net.minecraftforge.fml.loading.moddiscovery.AbstractJarFileDependencyLocator/]: Failed to load resource META-INF/jarjar/metadata.json from geckolib-forge-1.19-3.1.40.jar, it does not contain dependency information.
[13Jul2025 17:20:12.928] [main/DEBUG] [net.minecraftforge.fml.loading.moddiscovery.AbstractJarFileDependencyLocator/]: Failed to load resource META-INF/jarjar/metadata.json from sackman-1.19.2-1.6.5.jar, it does not contain dependency information.
[13Jul2025 17:20:12.928] [main/DEBUG] [net.minecraftforge.fml.loading.moddiscovery.AbstractJarFileDependencyLocator/]: Failed to load resource META-INF/jarjar/metadata.json from Mimicer v4 2.0.jar, it does not contain dependency information.
[13Jul2025 17:20:12.929] [main/DEBUG] [net.minecraftforge.fml.loading.moddiscovery.AbstractJarFileDependencyLocator/]: Failed to load resource META-INF/jarjar/metadata.json from aquamirae-6.API15.jar, it does not contain dependency information.
[13Jul2025 17:20:12.929] [main/DEBUG] [net.minecraftforge.fml.loading.moddiscovery.AbstractJarFileDependencyLocator/]: Failed to load resource META-INF/jarjar/metadata.json from mclanguage-1.19.2-43.4.2.jar, it does not contain dependency information.
[13Jul2025 17:20:12.929] [main/DEBUG] [net.minecraftforge.fml.loading.moddiscovery.AbstractJarFileDependencyLocator/]: Failed to load resource META-INF/jarjar/metadata.json from javafmllanguage-1.19.2-43.4.2.jar, it does not contain dependency information.
[13Jul2025 17:20:12.930] [main/DEBUG] [net.minecraftforge.fml.loading.moddiscovery.AbstractJarFileDependencyLocator/]: Failed to load resource META-INF/jarjar/metadata.json from fmlcore-1.19.2-43.4.2.jar, it does not contain dependency information.
[13Jul2025 17:20:12.930] [main/DEBUG] [net.minecraftforge.fml.loading.moddiscovery.AbstractJarFileDependencyLocator/]: Failed to load resource META-INF/jarjar/metadata.json from lowcodelanguage-1.19.2-43.4.2.jar, it does not contain dependency information.
[13Jul2025 17:20:12.973] [main/DEBUG] [net.minecraftforge.fml.loading.moddiscovery.ModFileParser/LOADING]: Considering mod file candidate 
[13Jul2025 17:20:12.974] [main/DEBUG] [net.minecraftforge.fml.loading.moddiscovery.ModFileInfo/LOADING]: Found valid mod file mixinextras-forge-0.3.5.jar with {mixinextras} mods - versions {0.3.5}
[13Jul2025 17:20:12.980] [main/DEBUG] [net.minecraftforge.fml.loading.moddiscovery.AbstractJarFileDependencyLocator/]: Failed to load resource META-INF/jarjar/metadata.json from MixinExtras-0.3.5.jar, it does not contain dependency information.
[13Jul2025 17:20:13.005] [main/DEBUG] [net.minecraftforge.fml.loading.moddiscovery.ModFileParser/LOADING]: Considering mod file candidate 
[13Jul2025 17:20:13.006] [main/DEBUG] [net.minecraftforge.fml.loading.moddiscovery.ModFileInfo/LOADING]: Found valid mod file mixinextras-forge-0.3.5.jar with {mixinextras} mods - versions {0.3.5}
[13Jul2025 17:20:13.008] [main/INFO] [net.minecraftforge.fml.loading.moddiscovery.JarInJarDependencyLocator/]: Found 2 dependencies adding them to mods collection
[13Jul2025 17:20:13.010] [main/DEBUG] [net.minecraftforge.fml.loading.moddiscovery.ModFileParser/LOADING]: Considering mod file candidate /workspaces/server/servidor_minecraft/mods/sons-of-sins-1.19.2-2.1.6.jar
[13Jul2025 17:20:13.011] [main/DEBUG] [net.minecraftforge.fml.loading.moddiscovery.ModFileInfo/LOADING]: Found valid mod file sons-of-sins-1.19.2-2.1.6.jar with {sons_of_sins} mods - versions {2.1.6}
[13Jul2025 17:20:13.014] [main/DEBUG] [net.minecraftforge.fml.loading.moddiscovery.ModFile/LOADING]: Loading mod file /workspaces/server/servidor_minecraft/mods/sons-of-sins-1.19.2-2.1.6.jar with languages [LanguageSpec[languageName=javafml, acceptedVersions=[43,)]]
[13Jul2025 17:20:13.015] [main/DEBUG] [net.minecraftforge.fml.loading.moddiscovery.ModFileInfo/LOADING]: Found valid mod file server-1.19.2-20220805.130853-srg.jar with {minecraft} mods - versions {1.19.2}
[13Jul2025 17:20:13.015] [main/DEBUG] [net.minecraftforge.fml.loading.moddiscovery.ModFile/LOADING]: Loading mod file /workspaces/server/servidor_minecraft/libraries/net/minecraft/server/1.19.2-20220805.130853/server-1.19.2-20220805.130853-srg.jar with languages [LanguageSpec[languageName=minecraft, acceptedVersions=1]]
[13Jul2025 17:20:13.015] [main/DEBUG] [net.minecraftforge.fml.loading.moddiscovery.ModFileParser/LOADING]: Considering mod file candidate /workspaces/server/servidor_minecraft/mods/TreeChop-1.19.2-forge-0.19.1.jar
[13Jul2025 17:20:13.016] [main/DEBUG] [net.minecraftforge.fml.loading.moddiscovery.ModFileInfo/LOADING]: Found valid mod file TreeChop-1.19.2-forge-0.19.1.jar with {treechop} mods - versions {0.19.0}
[13Jul2025 17:20:13.016] [main/DEBUG] [net.minecraftforge.fml.loading.moddiscovery.ModFile/LOADING]: Loading mod file /workspaces/server/servidor_minecraft/mods/TreeChop-1.19.2-forge-0.19.1.jar with languages [LanguageSpec[languageName=javafml, acceptedVersions=[32,)]]
[13Jul2025 17:20:13.016] [main/DEBUG] [net.minecraftforge.fml.loading.moddiscovery.ModFileParser/LOADING]: Considering mod file candidate /workspaces/server/servidor_minecraft/mods/mowziesmobs-1.6.3.jar
[13Jul2025 17:20:13.017] [main/DEBUG] [net.minecraftforge.fml.loading.moddiscovery.ModFileInfo/LOADING]: Found valid mod file mowziesmobs-1.6.3.jar with {mowziesmobs} mods - versions {1.6.3}
[13Jul2025 17:20:13.017] [main/DEBUG] [net.minecraftforge.fml.loading.moddiscovery.ModFile/LOADING]: Loading mod file /workspaces/server/servidor_minecraft/mods/mowziesmobs-1.6.3.jar with languages [LanguageSpec[languageName=javafml, acceptedVersions=[43,)]]
[13Jul2025 17:20:13.017] [main/DEBUG] [net.minecraftforge.fml.loading.moddiscovery.ModFileParser/LOADING]: Considering mod file candidate /workspaces/server/servidor_minecraft/mods/the_midnight_lurker_3.3.5.jar
[13Jul2025 17:20:13.017] [main/DEBUG] [net.minecraftforge.fml.loading.moddiscovery.ModFileInfo/LOADING]: Found valid mod file the_midnight_lurker_3.3.5.jar with {midnightlurker} mods - versions {3.3.5}
[13Jul2025 17:20:13.018] [main/DEBUG] [net.minecraftforge.fml.loading.moddiscovery.ModFile/LOADING]: Loading mod file /workspaces/server/servidor_minecraft/mods/the_midnight_lurker_3.3.5.jar with languages [LanguageSpec[languageName=javafml, acceptedVersions=[43,)]]
[13Jul2025 17:20:13.018] [main/DEBUG] [net.minecraftforge.fml.loading.moddiscovery.ModFileParser/LOADING]: Considering mod file candidate /workspaces/server/servidor_minecraft/mods/alexsmobs-1.21.1.jar
[13Jul2025 17:20:13.018] [main/DEBUG] [net.minecraftforge.fml.loading.moddiscovery.ModFileInfo/LOADING]: Found valid mod file alexsmobs-1.21.1.jar with {alexsmobs} mods - versions {1.21.1}
[13Jul2025 17:20:13.019] [main/DEBUG] [net.minecraftforge.fml.loading.moddiscovery.ModFile/LOADING]: Loading mod file /workspaces/server/servidor_minecraft/mods/alexsmobs-1.21.1.jar with languages [LanguageSpec[languageName=javafml, acceptedVersions=[42,)]]
[13Jul2025 17:20:13.019] [main/DEBUG] [net.minecraftforge.fml.loading.moddiscovery.ModFileParser/LOADING]: Considering mod file candidate /workspaces/server/servidor_minecraft/mods/cgm-forge-1.19.2-1.3.7.jar
[13Jul2025 17:20:13.019] [main/DEBUG] [net.minecraftforge.fml.loading.moddiscovery.ModFileInfo/LOADING]: Found valid mod file cgm-forge-1.19.2-1.3.7.jar with {cgm} mods - versions {1.3.7}
[13Jul2025 17:20:13.020] [main/DEBUG] [net.minecraftforge.fml.loading.moddiscovery.ModFile/LOADING]: Loading mod file /workspaces/server/servidor_minecraft/mods/cgm-forge-1.19.2-1.3.7.jar with languages [LanguageSpec[languageName=javafml, acceptedVersions=[39,)]]
[13Jul2025 17:20:13.020] [main/DEBUG] [net.minecraftforge.fml.loading.moddiscovery.ModFileParser/LOADING]: Considering mod file candidate /workspaces/server/servidor_minecraft/mods/MOKEYneedsGeckoLib.jar
[13Jul2025 17:20:13.020] [main/DEBUG] [net.minecraftforge.fml.loading.moddiscovery.ModFileInfo/LOADING]: Found valid mod file MOKEYneedsGeckoLib.jar with {mokey} mods - versions {1.7.0}
[13Jul2025 17:20:13.021] [main/DEBUG] [net.minecraftforge.fml.loading.moddiscovery.ModFile/LOADING]: Loading mod file /workspaces/server/servidor_minecraft/mods/MOKEYneedsGeckoLib.jar with languages [LanguageSpec[languageName=javafml, acceptedVersions=[43,)]]
[13Jul2025 17:20:13.021] [main/DEBUG] [net.minecraftforge.fml.loading.moddiscovery.ModFileParser/LOADING]: Considering mod file candidate /workspaces/server/servidor_minecraft/mods/knightquest-1.8.4.jar
[13Jul2025 17:20:13.022] [main/DEBUG] [net.minecraftforge.fml.loading.moddiscovery.ModFileInfo/LOADING]: Found valid mod file knightquest-1.8.4.jar with {knightquest} mods - versions {1.8.4}
[13Jul2025 17:20:13.022] [main/DEBUG] [net.minecraftforge.fml.loading.moddiscovery.ModFile/LOADING]: Loading mod file /workspaces/server/servidor_minecraft/mods/knightquest-1.8.4.jar with languages [LanguageSpec[languageName=javafml, acceptedVersions=[43,)]]
[13Jul2025 17:20:13.022] [main/DEBUG] [net.minecraftforge.fml.loading.moddiscovery.ModFileParser/LOADING]: Considering mod file candidate /workspaces/server/servidor_minecraft/mods/eeeabsmobs-1.19.2-0.97-Fix.jar
[13Jul2025 17:20:13.023] [main/DEBUG] [net.minecraftforge.fml.loading.moddiscovery.ModFileInfo/LOADING]: Found valid mod file eeeabsmobs-1.19.2-0.97-Fix.jar with {eeeabsmobs} mods - versions {1.19.2-0.97}
[13Jul2025 17:20:13.023] [main/DEBUG] [net.minecraftforge.fml.loading.moddiscovery.ModFile/LOADING]: Loading mod file /workspaces/server/servidor_minecraft/mods/eeeabsmobs-1.19.2-0.97-Fix.jar with languages [LanguageSpec[languageName=javafml, acceptedVersions=[43,)]]
[13Jul2025 17:20:13.023] [main/DEBUG] [net.minecraftforge.fml.loading.moddiscovery.ModFileParser/LOADING]: Considering mod file candidate /workspaces/server/servidor_minecraft/mods/jei-1.19.2-forge-11.8.1.1034.jar
[13Jul2025 17:20:13.024] [main/DEBUG] [net.minecraftforge.fml.loading.moddiscovery.ModFileInfo/LOADING]: Found valid mod file jei-1.19.2-forge-11.8.1.1034.jar with {jei} mods - versions {11.8.1.1034}
[13Jul2025 17:20:13.025] [main/DEBUG] [net.minecraftforge.fml.loading.moddiscovery.ModFile/LOADING]: Loading mod file /workspaces/server/servidor_minecraft/mods/jei-1.19.2-forge-11.8.1.1034.jar with languages [LanguageSpec[languageName=javafml, acceptedVersions=[41,)]]
[13Jul2025 17:20:13.025] [main/DEBUG] [net.minecraftforge.fml.loading.moddiscovery.ModFileParser/LOADING]: Considering mod file candidate /workspaces/server/servidor_minecraft/mods/firstperson-forge-2.4.9-mc1.19.2.jar
[13Jul2025 17:20:13.026] [main/DEBUG] [net.minecraftforge.fml.loading.moddiscovery.ModFileInfo/LOADING]: Found valid mod file firstperson-forge-2.4.9-mc1.19.2.jar with {firstperson} mods - versions {2.4.9}
[13Jul2025 17:20:13.026] [main/DEBUG] [net.minecraftforge.fml.loading.moddiscovery.ModFile/LOADING]: Loading mod file /workspaces/server/servidor_minecraft/mods/firstperson-forge-2.4.9-mc1.19.2.jar with languages [LanguageSpec[languageName=javafml, acceptedVersions=[28,)]]
[13Jul2025 17:20:13.026] [main/DEBUG] [net.minecraftforge.fml.loading.moddiscovery.ModFileParser/LOADING]: Considering mod file candidate /workspaces/server/servidor_minecraft/mods/The_Graveyard_2.5.3_(FORGE)_for_1.19.2..jar
[13Jul2025 17:20:13.027] [main/DEBUG] [net.minecraftforge.fml.loading.moddiscovery.ModFileInfo/LOADING]: Found valid mod file The_Graveyard_2.5.3_(FORGE)_for_1.19.2..jar with {graveyard} mods - versions {2.5.3}
[13Jul2025 17:20:13.027] [main/DEBUG] [net.minecraftforge.fml.loading.moddiscovery.ModFile/LOADING]: Loading mod file /workspaces/server/servidor_minecraft/mods/The_Graveyard_2.5.3_(FORGE)_for_1.19.2..jar with languages [LanguageSpec[languageName=javafml, acceptedVersions=[38,)]]
[13Jul2025 17:20:13.027] [main/DEBUG] [net.minecraftforge.fml.loading.moddiscovery.ModFileParser/LOADING]: Considering mod file candidate /workspaces/server/servidor_minecraft/mods/born_in_chaos_[Forge]1.19.2_1.10.1.jar
[13Jul2025 17:20:13.028] [main/DEBUG] [net.minecraftforge.fml.loading.moddiscovery.ModFileInfo/LOADING]: Found valid mod file born_in_chaos_[Forge]1.19.2_1.10.1.jar with {born_in_chaos_v1} mods - versions {1.0.0}
[13Jul2025 17:20:13.028] [main/DEBUG] [net.minecraftforge.fml.loading.moddiscovery.ModFile/LOADING]: Loading mod file /workspaces/server/servidor_minecraft/mods/born_in_chaos_[Forge]1.19.2_1.10.1.jar with languages [LanguageSpec[languageName=javafml, acceptedVersions=[43,)]]
[13Jul2025 17:20:13.028] [main/DEBUG] [net.minecraftforge.fml.loading.moddiscovery.ModFileParser/LOADING]: Considering mod file candidate /workspaces/server/servidor_minecraft/mods/the_silence-0.2 patch 2.0 Fixed -CENSORED ver.jar
[13Jul2025 17:20:13.029] [main/DEBUG] [net.minecraftforge.fml.loading.moddiscovery.ModFileInfo/LOADING]: Found valid mod file the_silence-0.2 patch 2.0 Fixed -CENSORED ver.jar with {the_silence} mods - versions {0.2}
[13Jul2025 17:20:13.029] [main/DEBUG] [net.minecraftforge.fml.loading.moddiscovery.ModFile/LOADING]: Loading mod file /workspaces/server/servidor_minecraft/mods/the_silence-0.2 patch 2.0 Fixed -CENSORED ver.jar with languages [LanguageSpec[languageName=javafml, acceptedVersions=[43,)]]
[13Jul2025 17:20:13.029] [main/DEBUG] [net.minecraftforge.fml.loading.moddiscovery.ModFileParser/LOADING]: Considering mod file candidate /workspaces/server/servidor_minecraft/mods/obscure_api-15.jar
[13Jul2025 17:20:13.030] [main/DEBUG] [net.minecraftforge.fml.loading.moddiscovery.ModFileInfo/LOADING]: Found valid mod file obscure_api-15.jar with {obscure_api} mods - versions {15}
[13Jul2025 17:20:13.031] [main/DEBUG] [net.minecraftforge.fml.loading.moddiscovery.ModFile/LOADING]: Loading mod file /workspaces/server/servidor_minecraft/mods/obscure_api-15.jar with languages [LanguageSpec[languageName=javafml, acceptedVersions=[43,)]]
[13Jul2025 17:20:13.031] [main/DEBUG] [net.minecraftforge.fml.loading.moddiscovery.ModFileParser/LOADING]: Considering mod file candidate /workspaces/server/servidor_minecraft/mods/rubidium-mc1.19.2-0.6.2c.jar
[13Jul2025 17:20:13.032] [main/DEBUG] [net.minecraftforge.fml.loading.moddiscovery.ModFileInfo/LOADING]: Found valid mod file rubidium-mc1.19.2-0.6.2c.jar with {rubidium} mods - versions {0.6.2c}
[13Jul2025 17:20:13.032] [main/DEBUG] [net.minecraftforge.fml.loading.moddiscovery.ModFile/LOADING]: Loading mod file /workspaces/server/servidor_minecraft/mods/rubidium-mc1.19.2-0.6.2c.jar with languages [LanguageSpec[languageName=javafml, acceptedVersions=[39,)]]
[13Jul2025 17:20:13.032] [main/DEBUG] [net.minecraftforge.fml.loading.moddiscovery.ModFileParser/LOADING]: Considering mod file candidate /workspaces/server/servidor_minecraft/mods/sound-physics-remastered-forge-1.19.2-1.4.5.jar
[13Jul2025 17:20:13.033] [main/DEBUG] [net.minecraftforge.fml.loading.moddiscovery.ModFileInfo/LOADING]: Found valid mod file sound-physics-remastered-forge-1.19.2-1.4.5.jar with {sound_physics_remastered} mods - versions {1.19.2-1.4.5}
[13Jul2025 17:20:13.034] [main/DEBUG] [net.minecraftforge.fml.loading.moddiscovery.ModFile/LOADING]: Loading mod file /workspaces/server/servidor_minecraft/mods/sound-physics-remastered-forge-1.19.2-1.4.5.jar with languages [LanguageSpec[languageName=javafml, acceptedVersions=*]]
[13Jul2025 17:20:13.034] [main/DEBUG] [net.minecraftforge.fml.loading.moddiscovery.ModFileParser/LOADING]: Considering mod file candidate /workspaces/server/servidor_minecraft/mods/CuckooClock-forge-1.19.2-2.3.jar
[13Jul2025 17:20:13.035] [main/DEBUG] [net.minecraftforge.fml.loading.moddiscovery.ModFileInfo/LOADING]: Found valid mod file CuckooClock-forge-1.19.2-2.3.jar with {the_cuckoo_clock} mods - versions {1.0.0}
[13Jul2025 17:20:13.035] [main/DEBUG] [net.minecraftforge.fml.loading.moddiscovery.ModFile/LOADING]: Loading mod file /workspaces/server/servidor_minecraft/mods/CuckooClock-forge-1.19.2-2.3.jar with languages [LanguageSpec[languageName=javafml, acceptedVersions=[43,)]]
[13Jul2025 17:20:13.035] [main/DEBUG] [net.minecraftforge.fml.loading.moddiscovery.ModFileParser/LOADING]: Considering mod file candidate /workspaces/server/servidor_minecraft/mods/The-Man-From-The-Fog-1.3-1.19.2.jar
[13Jul2025 17:20:13.036] [main/DEBUG] [net.minecraftforge.fml.loading.moddiscovery.ModFileInfo/LOADING]: Found valid mod file The-Man-From-The-Fog-1.3-1.19.2.jar with {man} mods - versions {1.3}
[13Jul2025 17:20:13.036] [main/DEBUG] [net.minecraftforge.fml.loading.moddiscovery.ModFile/LOADING]: Loading mod file /workspaces/server/servidor_minecraft/mods/The-Man-From-The-Fog-1.3-1.19.2.jar with languages [LanguageSpec[languageName=javafml, acceptedVersions=[43,)]]
[13Jul2025 17:20:13.036] [main/DEBUG] [net.minecraftforge.fml.loading.moddiscovery.ModFileParser/LOADING]: Considering mod file candidate /workspaces/server/servidor_minecraft/mods/citadel-2.1.4-1.19.jar
[13Jul2025 17:20:13.037] [main/DEBUG] [net.minecraftforge.fml.loading.moddiscovery.ModFileInfo/LOADING]: Found valid mod file citadel-2.1.4-1.19.jar with {citadel} mods - versions {2.1.4}
[13Jul2025 17:20:13.037] [main/DEBUG] [net.minecraftforge.fml.loading.moddiscovery.ModFile/LOADING]: Loading mod file /workspaces/server/servidor_minecraft/mods/citadel-2.1.4-1.19.jar with languages [LanguageSpec[languageName=javafml, acceptedVersions=[41,)]]
[13Jul2025 17:20:13.037] [main/DEBUG] [net.minecraftforge.fml.loading.moddiscovery.ModFileParser/LOADING]: Considering mod file candidate /workspaces/server/servidor_minecraft/mods/legendarymonsters-1.0.7 MC 1.19.2.jar
[13Jul2025 17:20:13.038] [main/DEBUG] [net.minecraftforge.fml.loading.moddiscovery.ModFileInfo/LOADING]: Found valid mod file legendarymonsters-1.0.7 MC 1.19.2.jar with {legendary_monsters} mods - versions {1.20.1}
[13Jul2025 17:20:13.038] [main/DEBUG] [net.minecraftforge.fml.loading.moddiscovery.ModFile/LOADING]: Loading mod file /workspaces/server/servidor_minecraft/mods/legendarymonsters-1.0.7 MC 1.19.2.jar with languages [LanguageSpec[languageName=javafml, acceptedVersions=[43,)]]
[13Jul2025 17:20:13.039] [main/DEBUG] [net.minecraftforge.fml.loading.moddiscovery.ModFileParser/LOADING]: Considering mod file candidate /workspaces/server/servidor_minecraft/mods/MyServerIsCompatible-1.19-1.0.jar
[13Jul2025 17:20:13.039] [main/DEBUG] [net.minecraftforge.fml.loading.moddiscovery.ModFileInfo/LOADING]: Found valid mod file MyServerIsCompatible-1.19-1.0.jar with {myserveriscompatible} mods - versions {1.0}
[13Jul2025 17:20:13.040] [main/DEBUG] [net.minecraftforge.fml.loading.moddiscovery.ModFile/LOADING]: Loading mod file /workspaces/server/servidor_minecraft/mods/MyServerIsCompatible-1.19-1.0.jar with languages [LanguageSpec[languageName=javafml, acceptedVersions=[41,)]]
[13Jul2025 17:20:13.040] [main/DEBUG] [net.minecraftforge.fml.loading.moddiscovery.ModFileParser/LOADING]: Considering mod file candidate /workspaces/server/servidor_minecraft/mods/knightlib-forge-1.19.2-1.2.0.jar
[13Jul2025 17:20:13.041] [main/DEBUG] [net.minecraftforge.fml.loading.moddiscovery.ModFileInfo/LOADING]: Found valid mod file knightlib-forge-1.19.2-1.2.0.jar with {knightlib} mods - versions {1.2.0}
[13Jul2025 17:20:13.041] [main/DEBUG] [net.minecraftforge.fml.loading.moddiscovery.ModFile/LOADING]: Loading mod file /workspaces/server/servidor_minecraft/mods/knightlib-forge-1.19.2-1.2.0.jar with languages [LanguageSpec[languageName=javafml, acceptedVersions=[43,)]]
[13Jul2025 17:20:13.042] [main/DEBUG] [net.minecraftforge.fml.loading.moddiscovery.ModFileParser/LOADING]: Considering mod file candidate /workspaces/server/servidor_minecraft/mods/appleskin-forge-mc1.19-2.4.2.jar
[13Jul2025 17:20:13.042] [main/DEBUG] [net.minecraftforge.fml.loading.moddiscovery.ModFileInfo/LOADING]: Found valid mod file appleskin-forge-mc1.19-2.4.2.jar with {appleskin} mods - versions {2.4.2+mc1.19}
[13Jul2025 17:20:13.043] [main/DEBUG] [net.minecraftforge.fml.loading.moddiscovery.ModFile/LOADING]: Loading mod file /workspaces/server/servidor_minecraft/mods/appleskin-forge-mc1.19-2.4.2.jar with languages [LanguageSpec[languageName=javafml, acceptedVersions=[41,)]]
[13Jul2025 17:20:13.043] [main/DEBUG] [net.minecraftforge.fml.loading.moddiscovery.ModFileParser/LOADING]: Considering mod file candidate /workspaces/server/servidor_minecraft/mods/Cave Dweller Reimagined.jar
[13Jul2025 17:20:13.043] [main/DEBUG] [net.minecraftforge.fml.loading.moddiscovery.ModFileInfo/LOADING]: Found valid mod file Cave Dweller Reimagined.jar with {cave_dweller} mods - versions {1.6.4}
[13Jul2025 17:20:13.043] [main/DEBUG] [net.minecraftforge.fml.loading.moddiscovery.ModFile/LOADING]: Loading mod file /workspaces/server/servidor_minecraft/mods/Cave Dweller Reimagined.jar with languages [LanguageSpec[languageName=javafml, acceptedVersions=[43,)]]
[13Jul2025 17:20:13.044] [main/DEBUG] [net.minecraftforge.fml.loading.moddiscovery.ModFileParser/LOADING]: Considering mod file candidate /workspaces/server/servidor_minecraft/mods/BOMD-Forge-1.19.2-1.0.6.jar
[13Jul2025 17:20:13.044] [main/DEBUG] [net.minecraftforge.fml.loading.moddiscovery.ModFileInfo/LOADING]: Found valid mod file BOMD-Forge-1.19.2-1.0.6.jar with {bosses_of_mass_destruction} mods - versions {1.0.6}
[13Jul2025 17:20:13.045] [main/DEBUG] [net.minecraftforge.fml.loading.moddiscovery.ModFile/LOADING]: Loading mod file /workspaces/server/servidor_minecraft/mods/BOMD-Forge-1.19.2-1.0.6.jar with languages [LanguageSpec[languageName=javafml, acceptedVersions=[43,)]]
[13Jul2025 17:20:13.045] [main/DEBUG] [net.minecraftforge.fml.loading.moddiscovery.ModFileParser/LOADING]: Considering mod file candidate /workspaces/server/servidor_minecraft/mods/Terralith_1.19.3_v2.3.12.jar
[13Jul2025 17:20:13.045] [main/DEBUG] [net.minecraftforge.fml.loading.moddiscovery.ModFileInfo/LOADING]: Found valid mod file Terralith_1.19.3_v2.3.12.jar with {terralith} mods - versions {2.3.12}
[13Jul2025 17:20:13.046] [main/DEBUG] [net.minecraftforge.fml.loading.moddiscovery.ModFile/LOADING]: Loading mod file /workspaces/server/servidor_minecraft/mods/Terralith_1.19.3_v2.3.12.jar with languages [LanguageSpec[languageName=javafml, acceptedVersions=[40,)]]
[13Jul2025 17:20:13.046] [main/DEBUG] [net.minecraftforge.fml.loading.moddiscovery.ModFileParser/LOADING]: Considering mod file candidate /workspaces/server/servidor_minecraft/mods/irritator-1.8_Mini-Update.jar
[13Jul2025 17:20:13.046] [main/DEBUG] [net.minecraftforge.fml.loading.moddiscovery.ModFileInfo/LOADING]: Found valid mod file irritator-1.8_Mini-Update.jar with {irritator} mods - versions {1.7.0}
[13Jul2025 17:20:13.047] [main/DEBUG] [net.minecraftforge.fml.loading.moddiscovery.ModFile/LOADING]: Loading mod file /workspaces/server/servidor_minecraft/mods/irritator-1.8_Mini-Update.jar with languages [LanguageSpec[languageName=javafml, acceptedVersions=[43,)]]
[13Jul2025 17:20:13.047] [main/DEBUG] [net.minecraftforge.fml.loading.moddiscovery.ModFileParser/LOADING]: Considering mod file candidate /workspaces/server/servidor_minecraft/mods/justzoom_forge_2.1.1_MC_1.19.2.jar
[13Jul2025 17:20:13.048] [main/DEBUG] [net.minecraftforge.fml.loading.moddiscovery.ModFileInfo/LOADING]: Found valid mod file justzoom_forge_2.1.1_MC_1.19.2.jar with {justzoom} mods - versions {2.1.1}
[13Jul2025 17:20:13.048] [main/DEBUG] [net.minecraftforge.fml.loading.moddiscovery.ModFile/LOADING]: Loading mod file /workspaces/server/servidor_minecraft/mods/justzoom_forge_2.1.1_MC_1.19.2.jar with languages [LanguageSpec[languageName=javafml, acceptedVersions=[43,)]]
[13Jul2025 17:20:13.048] [main/DEBUG] [net.minecraftforge.fml.loading.moddiscovery.ModFileParser/LOADING]: Considering mod file candidate /workspaces/server/servidor_minecraft/mods/the_knocker-1.4.0c-forge-1.19.2.jar
[13Jul2025 17:20:13.049] [main/DEBUG] [net.minecraftforge.fml.loading.moddiscovery.ModFileInfo/LOADING]: Found valid mod file the_knocker-1.4.0c-forge-1.19.2.jar with {the_knocker} mods - versions {1.4.0}
[13Jul2025 17:20:13.049] [main/DEBUG] [net.minecraftforge.fml.loading.moddiscovery.ModFile/LOADING]: Loading mod file /workspaces/server/servidor_minecraft/mods/the_knocker-1.4.0c-forge-1.19.2.jar with languages [LanguageSpec[languageName=javafml, acceptedVersions=[43,)]]
[13Jul2025 17:20:13.049] [main/DEBUG] [net.minecraftforge.fml.loading.moddiscovery.ModFileParser/LOADING]: Considering mod file candidate /workspaces/server/servidor_minecraft/mods/framework-forge-1.19.2-0.7.12.jar
[13Jul2025 17:20:13.050] [main/DEBUG] [net.minecraftforge.fml.loading.moddiscovery.ModFileInfo/LOADING]: Found valid mod file framework-forge-1.19.2-0.7.12.jar with {framework} mods - versions {0.7.12}
[13Jul2025 17:20:13.050] [main/DEBUG] [net.minecraftforge.fml.loading.moddiscovery.ModFile/LOADING]: Loading mod file /workspaces/server/servidor_minecraft/mods/framework-forge-1.19.2-0.7.12.jar with languages [LanguageSpec[languageName=javafml, acceptedVersions=[39,)]]
[13Jul2025 17:20:13.050] [main/DEBUG] [net.minecraftforge.fml.loading.moddiscovery.ModFileParser/LOADING]: Considering mod file candidate /workspaces/server/servidor_minecraft/mods/cloth-config-8.3.134-forge.jar
[13Jul2025 17:20:13.050] [main/DEBUG] [net.minecraftforge.fml.loading.moddiscovery.ModFileInfo/LOADING]: Found valid mod file cloth-config-8.3.134-forge.jar with {cloth_config} mods - versions {8.3.134}
[13Jul2025 17:20:13.050] [main/DEBUG] [net.minecraftforge.fml.loading.moddiscovery.ModFile/LOADING]: Loading mod file /workspaces/server/servidor_minecraft/mods/cloth-config-8.3.134-forge.jar with languages [LanguageSpec[languageName=javafml, acceptedVersions=[34,)]]
[13Jul2025 17:20:13.051] [main/DEBUG] [net.minecraftforge.fml.loading.moddiscovery.ModFileParser/LOADING]: Considering mod file candidate /workspaces/server/servidor_minecraft/libraries/net/minecraftforge/forge/1.19.2-43.4.2/forge-1.19.2-43.4.2-universal.jar
[13Jul2025 17:20:13.051] [main/DEBUG] [net.minecraftforge.fml.loading.moddiscovery.ModFileInfo/LOADING]: Found valid mod file forge-1.19.2-43.4.2-universal.jar with {forge} mods - versions {43.4.2}
[13Jul2025 17:20:13.051] [main/DEBUG] [net.minecraftforge.fml.loading.moddiscovery.ModFile/LOADING]: Loading mod file /workspaces/server/servidor_minecraft/libraries/net/minecraftforge/forge/1.19.2-43.4.2/forge-1.19.2-43.4.2-universal.jar with languages [LanguageSpec[languageName=javafml, acceptedVersions=[24,]]]
[13Jul2025 17:20:13.054] [main/DEBUG] [net.minecraftforge.fml.loading.moddiscovery.ModFileParser/LOADING]: Found coremod field_to_method with Javascript path coremods/field_to_method.js
[13Jul2025 17:20:13.054] [main/DEBUG] [net.minecraftforge.fml.loading.moddiscovery.ModFileParser/LOADING]: Found coremod field_to_instanceof with Javascript path coremods/field_to_instanceof.js
[13Jul2025 17:20:13.054] [main/DEBUG] [net.minecraftforge.fml.loading.moddiscovery.ModFileParser/LOADING]: Found coremod add_bouncer_method with Javascript path coremods/add_bouncer_method.js
[13Jul2025 17:20:13.054] [main/DEBUG] [net.minecraftforge.fml.loading.moddiscovery.ModFile/LOADING]: Found coremod coremods/field_to_method.js
[13Jul2025 17:20:13.055] [main/DEBUG] [net.minecraftforge.fml.loading.moddiscovery.ModFile/LOADING]: Found coremod coremods/field_to_instanceof.js
[13Jul2025 17:20:13.055] [main/DEBUG] [net.minecraftforge.fml.loading.moddiscovery.ModFile/LOADING]: Found coremod coremods/add_bouncer_method.js
[13Jul2025 17:20:13.055] [main/DEBUG] [net.minecraftforge.fml.loading.moddiscovery.ModFileParser/LOADING]: Considering mod file candidate /workspaces/server/servidor_minecraft/mods/cartoon_dweller-1.19.2-1.8.0.jar
[13Jul2025 17:20:13.055] [main/DEBUG] [net.minecraftforge.fml.loading.moddiscovery.ModFileInfo/LOADING]: Found valid mod file cartoon_dweller-1.19.2-1.8.0.jar with {cartoon_dweller} mods - versions {1.7.0}
[13Jul2025 17:20:13.055] [main/DEBUG] [net.minecraftforge.fml.loading.moddiscovery.ModFile/LOADING]: Loading mod file /workspaces/server/servidor_minecraft/mods/cartoon_dweller-1.19.2-1.8.0.jar with languages [LanguageSpec[languageName=javafml, acceptedVersions=[43,)]]
[13Jul2025 17:20:13.055] [main/DEBUG] [net.minecraftforge.fml.loading.moddiscovery.ModFileParser/LOADING]: Considering mod file candidate /workspaces/server/servidor_minecraft/mods/tl_skin_cape_forge_1.19_1.19.2-1.30.jar
[13Jul2025 17:20:13.056] [main/DEBUG] [net.minecraftforge.fml.loading.moddiscovery.ModFileInfo/LOADING]: Found valid mod file tl_skin_cape_forge_1.19_1.19.2-1.30.jar with {tlskincape} mods - versions {1.30}
[13Jul2025 17:20:13.056] [main/DEBUG] [net.minecraftforge.fml.loading.moddiscovery.ModFile/LOADING]: Loading mod file /workspaces/server/servidor_minecraft/mods/tl_skin_cape_forge_1.19_1.19.2-1.30.jar with languages [LanguageSpec[languageName=javafml, acceptedVersions=[25,)]]
[13Jul2025 17:20:13.056] [main/DEBUG] [net.minecraftforge.fml.loading.moddiscovery.ModFileParser/LOADING]: Considering mod file candidate /workspaces/server/servidor_minecraft/mods/geckolib-forge-1.19-3.1.40.jar
[13Jul2025 17:20:13.057] [main/DEBUG] [net.minecraftforge.fml.loading.moddiscovery.ModFileInfo/LOADING]: Found valid mod file geckolib-forge-1.19-3.1.40.jar with {geckolib3} mods - versions {3.1.40}
[13Jul2025 17:20:13.057] [main/DEBUG] [net.minecraftforge.fml.loading.moddiscovery.ModFile/LOADING]: Loading mod file /workspaces/server/servidor_minecraft/mods/geckolib-forge-1.19-3.1.40.jar with languages [LanguageSpec[languageName=javafml, acceptedVersions=[41,)]]
[13Jul2025 17:20:13.057] [main/DEBUG] [net.minecraftforge.fml.loading.moddiscovery.ModFileParser/LOADING]: Considering mod file candidate /workspaces/server/servidor_minecraft/mods/konkrete_forge_1.8.0_MC_1.19-1.19.2.jar
[13Jul2025 17:20:13.058] [main/DEBUG] [net.minecraftforge.fml.loading.moddiscovery.ModFileInfo/LOADING]: Found valid mod file konkrete_forge_1.8.0_MC_1.19-1.19.2.jar with {konkrete} mods - versions {1.8.0}
[13Jul2025 17:20:13.058] [main/DEBUG] [net.minecraftforge.fml.loading.moddiscovery.ModFile/LOADING]: Loading mod file /workspaces/server/servidor_minecraft/mods/konkrete_forge_1.8.0_MC_1.19-1.19.2.jar with languages [LanguageSpec[languageName=javafml, acceptedVersions=[41,)]]
[13Jul2025 17:20:13.058] [main/DEBUG] [net.minecraftforge.fml.loading.moddiscovery.ModFileParser/LOADING]: Considering mod file candidate /workspaces/server/servidor_minecraft/mods/sackman-1.19.2-1.6.5.jar
[13Jul2025 17:20:13.059] [main/DEBUG] [net.minecraftforge.fml.loading.moddiscovery.ModFileInfo/LOADING]: Found valid mod file sackman-1.19.2-1.6.5.jar with {sackman} mods - versions {1.6.5}
[13Jul2025 17:20:13.059] [main/DEBUG] [net.minecraftforge.fml.loading.moddiscovery.ModFile/LOADING]: Loading mod file /workspaces/server/servidor_minecraft/mods/sackman-1.19.2-1.6.5.jar with languages [LanguageSpec[languageName=javafml, acceptedVersions=[43,)]]
[13Jul2025 17:20:13.059] [main/DEBUG] [net.minecraftforge.fml.loading.moddiscovery.ModFileParser/LOADING]: Considering mod file candidate /workspaces/server/servidor_minecraft/mods/aquamirae-6.API15.jar
[13Jul2025 17:20:13.059] [main/DEBUG] [net.minecraftforge.fml.loading.moddiscovery.ModFileInfo/LOADING]: Found valid mod file aquamirae-6.API15.jar with {aquamirae} mods - versions {6.API15}
[13Jul2025 17:20:13.059] [main/DEBUG] [net.minecraftforge.fml.loading.moddiscovery.ModFile/LOADING]: Loading mod file /workspaces/server/servidor_minecraft/mods/aquamirae-6.API15.jar with languages [LanguageSpec[languageName=javafml, acceptedVersions=[43,)]]
[13Jul2025 17:20:13.060] [main/DEBUG] [net.minecraftforge.fml.loading.moddiscovery.ModFileParser/LOADING]: Considering mod file candidate /workspaces/server/servidor_minecraft/mods/Mimicer v4 2.0.jar
[13Jul2025 17:20:13.060] [main/DEBUG] [net.minecraftforge.fml.loading.moddiscovery.ModFileInfo/LOADING]: Found valid mod file Mimicer v4 2.0.jar with {mimicer} mods - versions {1.7.0}
[13Jul2025 17:20:13.060] [main/DEBUG] [net.minecraftforge.fml.loading.moddiscovery.ModFile/LOADING]: Loading mod file /workspaces/server/servidor_minecraft/mods/Mimicer v4 2.0.jar with languages [LanguageSpec[languageName=javafml, acceptedVersions=[43,)]]
[13Jul2025 17:20:13.060] [main/DEBUG] [net.minecraftforge.fml.loading.moddiscovery.ModFileParser/LOADING]: Considering mod file candidate 
[13Jul2025 17:20:13.061] [main/DEBUG] [net.minecraftforge.fml.loading.moddiscovery.ModFileInfo/LOADING]: Found valid mod file mixinextras-forge-0.3.5.jar with {mixinextras} mods - versions {0.3.5}
[13Jul2025 17:20:13.061] [main/DEBUG] [net.minecraftforge.fml.loading.moddiscovery.ModFile/LOADING]: Loading mod file  with languages [LanguageSpec[languageName=javafml, acceptedVersions=*]]
[13Jul2025 17:20:13.061] [main/DEBUG] [net.minecraftforge.fml.loading.moddiscovery.ModFile/LOADING]: Loading mod file  with languages []
[13Jul2025 17:20:13.062] [main/DEBUG] [cpw.mods.modlauncher.TransformationServiceDecorator/MODLAUNCHER]: End scan trigger - transformation service fml
[13Jul2025 17:20:13.074] [main/DEBUG] [net.minecraftforge.fml.loading.LanguageLoadingProvider/CORE]: Found 3 language providers
[13Jul2025 17:20:13.075] [main/DEBUG] [net.minecraftforge.fml.loading.LanguageLoadingProvider/CORE]: Found language provider minecraft, version 1.0
[13Jul2025 17:20:13.076] [main/DEBUG] [net.minecraftforge.fml.loading.LanguageLoadingProvider/CORE]: Found language provider lowcodefml, version 43
[13Jul2025 17:20:13.076] [main/DEBUG] [net.minecraftforge.fml.loading.LanguageLoadingProvider/CORE]: Found language provider javafml, version 43
[13Jul2025 17:20:13.082] [main/DEBUG] [net.minecraftforge.fml.loading.ModSorter/]: Configured system mods: [minecraft, forge]
[13Jul2025 17:20:13.082] [main/DEBUG] [net.minecraftforge.fml.loading.ModSorter/]: Found system mod: minecraft
[13Jul2025 17:20:13.082] [main/DEBUG] [net.minecraftforge.fml.loading.ModSorter/]: Found system mod: forge
[13Jul2025 17:20:13.085] [main/DEBUG] [net.minecraftforge.fml.loading.ModSorter/LOADING]: Found 81 mod requirements (73 mandatory, 8 optional)
[13Jul2025 17:20:13.086] [main/DEBUG] [net.minecraftforge.fml.loading.ModSorter/LOADING]: Found 0 mod requirements missing (0 mandatory, 0 optional)
[13Jul2025 17:20:13.590] [main/DEBUG] [cpw.mods.modlauncher.TransformationServicesHandler/MODLAUNCHER]: Transformation services loading transformers
[13Jul2025 17:20:13.591] [main/DEBUG] [cpw.mods.modlauncher.TransformationServiceDecorator/MODLAUNCHER]: Initializing transformers for transformation service mixin
[13Jul2025 17:20:13.592] [main/DEBUG] [cpw.mods.modlauncher.TransformationServiceDecorator/MODLAUNCHER]: Initialized transformers for transformation service mixin
[13Jul2025 17:20:13.593] [main/DEBUG] [cpw.mods.modlauncher.TransformationServiceDecorator/MODLAUNCHER]: Initializing transformers for transformation service fml
[13Jul2025 17:20:13.593] [main/DEBUG] [net.minecraftforge.fml.loading.FMLServiceProvider/CORE]: Loading coremod transformers
[13Jul2025 17:20:13.594] [main/DEBUG] [net.minecraftforge.coremod.CoreModEngine/COREMOD]: Loading CoreMod from coremods/field_to_method.js
[13Jul2025 17:20:13.807] [main/DEBUG] [net.minecraftforge.coremod.CoreModEngine/COREMOD]: CoreMod loaded successfully
[13Jul2025 17:20:13.808] [main/DEBUG] [net.minecraftforge.coremod.CoreModEngine/COREMOD]: Loading CoreMod from coremods/field_to_instanceof.js
[13Jul2025 17:20:13.916] [main/DEBUG] [net.minecraftforge.coremod.CoreModEngine/COREMOD]: CoreMod loaded successfully
[13Jul2025 17:20:13.916] [main/DEBUG] [net.minecraftforge.coremod.CoreModEngine/COREMOD]: Loading CoreMod from coremods/add_bouncer_method.js
[13Jul2025 17:20:13.963] [main/DEBUG] [net.minecraftforge.coremod.CoreModEngine/COREMOD]: CoreMod loaded successfully
[13Jul2025 17:20:13.971] [main/DEBUG] [cpw.mods.modlauncher.TransformStore/MODLAUNCHER]: Adding transformer net.minecraftforge.coremod.transformer.CoreModClassTransformer@11900483 to Target : CLASS {Lnet/minecraft/world/level/biome/Biome;} {} {V}
[13Jul2025 17:20:13.972] [main/DEBUG] [cpw.mods.modlauncher.TransformStore/MODLAUNCHER]: Adding transformer net.minecraftforge.coremod.transformer.CoreModClassTransformer@2100d047 to Target : CLASS {Lnet/minecraft/world/level/levelgen/structure/Structure;} {} {V}
[13Jul2025 17:20:13.972] [main/DEBUG] [cpw.mods.modlauncher.TransformStore/MODLAUNCHER]: Adding transformer net.minecraftforge.coremod.transformer.CoreModClassTransformer@4af45442 to Target : CLASS {Lnet/minecraft/world/effect/MobEffectInstance;} {} {V}
[13Jul2025 17:20:13.973] [main/DEBUG] [cpw.mods.modlauncher.TransformStore/MODLAUNCHER]: Adding transformer net.minecraftforge.coremod.transformer.CoreModClassTransformer@1d805aa1 to Target : CLASS {Lnet/minecraft/world/level/block/LiquidBlock;} {} {V}
[13Jul2025 17:20:13.973] [main/DEBUG] [cpw.mods.modlauncher.TransformStore/MODLAUNCHER]: Adding transformer net.minecraftforge.coremod.transformer.CoreModClassTransformer@176f7f3b to Target : CLASS {Lnet/minecraft/world/item/BucketItem;} {} {V}
[13Jul2025 17:20:13.975] [main/DEBUG] [cpw.mods.modlauncher.TransformStore/MODLAUNCHER]: Adding transformer net.minecraftforge.coremod.transformer.CoreModClassTransformer@30ca0779 to Target : CLASS {Lnet/minecraft/world/level/block/StairBlock;} {} {V}
[13Jul2025 17:20:13.975] [main/DEBUG] [cpw.mods.modlauncher.TransformStore/MODLAUNCHER]: Adding transformer net.minecraftforge.coremod.transformer.CoreModClassTransformer@58740366 to Target : CLASS {Lnet/minecraft/world/level/block/FlowerPotBlock;} {} {V}
[13Jul2025 17:20:13.975] [main/DEBUG] [cpw.mods.modlauncher.TransformStore/MODLAUNCHER]: Adding transformer net.minecraftforge.coremod.transformer.CoreModClassTransformer@47be0f9b to Target : CLASS {Lnet/minecraft/world/item/ItemStack;} {} {V}
[13Jul2025 17:20:13.975] [main/DEBUG] [cpw.mods.modlauncher.TransformStore/MODLAUNCHER]: Adding transformer net.minecraftforge.coremod.transformer.CoreModClassTransformer@2bc426f0 to Target : CLASS {Lnet/minecraft/network/play/client/CClientSettingsPacket;} {} {V}
[13Jul2025 17:20:13.975] [main/DEBUG] [cpw.mods.modlauncher.TransformationServiceDecorator/MODLAUNCHER]: Initialized transformers for transformation service fml
[13Jul2025 17:20:14.723] [main/DEBUG] [mixin/]: Processing prepare() for PlatformAgent[MixinPlatformAgentDefault:ModLauncher Root Container(ModLauncher:4f56a0a2)]
[13Jul2025 17:20:14.724] [main/DEBUG] [mixin/]: Processing launch tasks for PlatformAgent[MixinPlatformAgentDefault:ModLauncher Root Container(ModLauncher:4f56a0a2)]
[13Jul2025 17:20:14.725] [main/DEBUG] [mixin/]: Adding mixin platform agents for container SecureJarResource(sons_of_sins)
[13Jul2025 17:20:14.725] [main/DEBUG] [mixin/]: Instancing new MixinPlatformAgentMinecraftForge for SecureJarResource(sons_of_sins)
[13Jul2025 17:20:14.725] [main/DEBUG] [mixin/]: MixinPlatformAgentMinecraftForge rejected container SecureJarResource(sons_of_sins)
[13Jul2025 17:20:14.726] [main/DEBUG] [mixin/]: Instancing new MixinPlatformAgentDefault for SecureJarResource(sons_of_sins)
[13Jul2025 17:20:14.726] [main/DEBUG] [mixin/]: MixinPlatformAgentDefault accepted container SecureJarResource(sons_of_sins)
[13Jul2025 17:20:14.727] [main/DEBUG] [mixin/]: Processing prepare() for PlatformAgent[MixinPlatformAgentDefault:SecureJarResource(sons_of_sins)]
[13Jul2025 17:20:14.727] [main/DEBUG] [mixin/]: Adding mixin platform agents for container SecureJarResource(minecraft)
[13Jul2025 17:20:14.727] [main/DEBUG] [mixin/]: Instancing new MixinPlatformAgentMinecraftForge for SecureJarResource(minecraft)
[13Jul2025 17:20:14.727] [main/DEBUG] [mixin/]: MixinPlatformAgentMinecraftForge rejected container SecureJarResource(minecraft)
[13Jul2025 17:20:14.727] [main/DEBUG] [mixin/]: Instancing new MixinPlatformAgentDefault for SecureJarResource(minecraft)
[13Jul2025 17:20:14.727] [main/DEBUG] [mixin/]: MixinPlatformAgentDefault accepted container SecureJarResource(minecraft)
[13Jul2025 17:20:14.727] [main/DEBUG] [mixin/]: Processing prepare() for PlatformAgent[MixinPlatformAgentDefault:SecureJarResource(minecraft)]
[13Jul2025 17:20:14.727] [main/DEBUG] [mixin/]: Adding mixin platform agents for container SecureJarResource(treechop)
[13Jul2025 17:20:14.727] [main/DEBUG] [mixin/]: Instancing new MixinPlatformAgentMinecraftForge for SecureJarResource(treechop)
[13Jul2025 17:20:14.728] [main/DEBUG] [mixin/]: MixinPlatformAgentMinecraftForge rejected container SecureJarResource(treechop)
[13Jul2025 17:20:14.728] [main/DEBUG] [mixin/]: Instancing new MixinPlatformAgentDefault for SecureJarResource(treechop)
[13Jul2025 17:20:14.728] [main/DEBUG] [mixin/]: MixinPlatformAgentDefault accepted container SecureJarResource(treechop)
[13Jul2025 17:20:14.728] [main/DEBUG] [mixin/]: Processing prepare() for PlatformAgent[MixinPlatformAgentDefault:SecureJarResource(treechop)]
[13Jul2025 17:20:14.728] [main/DEBUG] [mixin/]: Registering mixin config: treechop.mixins.json
[13Jul2025 17:20:14.757] [main/DEBUG] [mixin/]: Compatibility level JAVA_17 specified by treechop.mixins.json is higher than the maximum level supported by this version of mixin (JAVA_13).
[13Jul2025 17:20:14.762] [main/INFO] [mixin/]: Compatibility level set to JAVA_17
[13Jul2025 17:20:14.765] [main/DEBUG] [mixin/]: Registering mixin config: treechop.forge.compat.mixins.json
[13Jul2025 17:20:14.767] [main/DEBUG] [mixin/]: Adding mixin platform agents for container SecureJarResource(mowziesmobs)
[13Jul2025 17:20:14.767] [main/DEBUG] [mixin/]: Instancing new MixinPlatformAgentMinecraftForge for SecureJarResource(mowziesmobs)
[13Jul2025 17:20:14.767] [main/DEBUG] [mixin/]: MixinPlatformAgentMinecraftForge rejected container SecureJarResource(mowziesmobs)
[13Jul2025 17:20:14.767] [main/DEBUG] [mixin/]: Instancing new MixinPlatformAgentDefault for SecureJarResource(mowziesmobs)
[13Jul2025 17:20:14.767] [main/DEBUG] [mixin/]: MixinPlatformAgentDefault accepted container SecureJarResource(mowziesmobs)
[13Jul2025 17:20:14.767] [main/DEBUG] [mixin/]: Processing prepare() for PlatformAgent[MixinPlatformAgentDefault:SecureJarResource(mowziesmobs)]
[13Jul2025 17:20:14.768] [main/DEBUG] [mixin/]: Adding mixin platform agents for container SecureJarResource(midnightlurker)
[13Jul2025 17:20:14.768] [main/DEBUG] [mixin/]: Instancing new MixinPlatformAgentMinecraftForge for SecureJarResource(midnightlurker)
[13Jul2025 17:20:14.768] [main/DEBUG] [mixin/]: MixinPlatformAgentMinecraftForge rejected container SecureJarResource(midnightlurker)
[13Jul2025 17:20:14.768] [main/DEBUG] [mixin/]: Instancing new MixinPlatformAgentDefault for SecureJarResource(midnightlurker)
[13Jul2025 17:20:14.768] [main/DEBUG] [mixin/]: MixinPlatformAgentDefault accepted container SecureJarResource(midnightlurker)
[13Jul2025 17:20:14.768] [main/DEBUG] [mixin/]: Processing prepare() for PlatformAgent[MixinPlatformAgentDefault:SecureJarResource(midnightlurker)]
[13Jul2025 17:20:14.768] [main/DEBUG] [mixin/]: Adding mixin platform agents for container SecureJarResource(alexsmobs)
[13Jul2025 17:20:14.768] [main/DEBUG] [mixin/]: Instancing new MixinPlatformAgentMinecraftForge for SecureJarResource(alexsmobs)
[13Jul2025 17:20:14.768] [main/DEBUG] [mixin/]: MixinPlatformAgentMinecraftForge rejected container SecureJarResource(alexsmobs)
[13Jul2025 17:20:14.768] [main/DEBUG] [mixin/]: Instancing new MixinPlatformAgentDefault for SecureJarResource(alexsmobs)
[13Jul2025 17:20:14.769] [main/DEBUG] [mixin/]: MixinPlatformAgentDefault accepted container SecureJarResource(alexsmobs)
[13Jul2025 17:20:14.769] [main/DEBUG] [mixin/]: Processing prepare() for PlatformAgent[MixinPlatformAgentDefault:SecureJarResource(alexsmobs)]
[13Jul2025 17:20:14.769] [main/DEBUG] [mixin/]: Adding mixin platform agents for container SecureJarResource(cgm)
[13Jul2025 17:20:14.769] [main/DEBUG] [mixin/]: Instancing new MixinPlatformAgentMinecraftForge for SecureJarResource(cgm)
[13Jul2025 17:20:14.769] [main/DEBUG] [mixin/]: MixinPlatformAgentMinecraftForge rejected container SecureJarResource(cgm)
[13Jul2025 17:20:14.770] [main/DEBUG] [mixin/]: Instancing new MixinPlatformAgentDefault for SecureJarResource(cgm)
[13Jul2025 17:20:14.770] [main/DEBUG] [mixin/]: MixinPlatformAgentDefault accepted container SecureJarResource(cgm)
[13Jul2025 17:20:14.770] [main/DEBUG] [mixin/]: Processing prepare() for PlatformAgent[MixinPlatformAgentDefault:SecureJarResource(cgm)]
[13Jul2025 17:20:14.770] [main/DEBUG] [mixin/]: Registering mixin config: cgm.mixins.json
[13Jul2025 17:20:14.772] [main/DEBUG] [mixin/]: Compatibility level JAVA_8 specified by cgm.mixins.json is lower than the default level supported by the current mixin service (JAVA_16).
[13Jul2025 17:20:14.772] [main/DEBUG] [mixin/]: Adding mixin platform agents for container SecureJarResource(mokey)
[13Jul2025 17:20:14.773] [main/DEBUG] [mixin/]: Instancing new MixinPlatformAgentMinecraftForge for SecureJarResource(mokey)
[13Jul2025 17:20:14.773] [main/DEBUG] [mixin/]: MixinPlatformAgentMinecraftForge rejected container SecureJarResource(mokey)
[13Jul2025 17:20:14.773] [main/DEBUG] [mixin/]: Instancing new MixinPlatformAgentDefault for SecureJarResource(mokey)
[13Jul2025 17:20:14.773] [main/DEBUG] [mixin/]: MixinPlatformAgentDefault accepted container SecureJarResource(mokey)
[13Jul2025 17:20:14.773] [main/DEBUG] [mixin/]: Processing prepare() for PlatformAgent[MixinPlatformAgentDefault:SecureJarResource(mokey)]
[13Jul2025 17:20:14.773] [main/DEBUG] [mixin/]: Registering mixin config: mokey.mixins.json
[13Jul2025 17:20:14.776] [main/DEBUG] [mixin/]: Adding mixin platform agents for container SecureJarResource(knightquest)
[13Jul2025 17:20:14.776] [main/DEBUG] [mixin/]: Instancing new MixinPlatformAgentMinecraftForge for SecureJarResource(knightquest)
[13Jul2025 17:20:14.777] [main/DEBUG] [mixin/]: MixinPlatformAgentMinecraftForge rejected container SecureJarResource(knightquest)
[13Jul2025 17:20:14.777] [main/DEBUG] [mixin/]: Instancing new MixinPlatformAgentDefault for SecureJarResource(knightquest)
[13Jul2025 17:20:14.777] [main/DEBUG] [mixin/]: MixinPlatformAgentDefault accepted container SecureJarResource(knightquest)
[13Jul2025 17:20:14.777] [main/DEBUG] [mixin/]: Processing prepare() for PlatformAgent[MixinPlatformAgentDefault:SecureJarResource(knightquest)]
[13Jul2025 17:20:14.777] [main/DEBUG] [mixin/]: Adding mixin platform agents for container SecureJarResource(eeeabsmobs)
[13Jul2025 17:20:14.777] [main/DEBUG] [mixin/]: Instancing new MixinPlatformAgentMinecraftForge for SecureJarResource(eeeabsmobs)
[13Jul2025 17:20:14.777] [main/DEBUG] [mixin/]: MixinPlatformAgentMinecraftForge rejected container SecureJarResource(eeeabsmobs)
[13Jul2025 17:20:14.777] [main/DEBUG] [mixin/]: Instancing new MixinPlatformAgentDefault for SecureJarResource(eeeabsmobs)
[13Jul2025 17:20:14.777] [main/DEBUG] [mixin/]: MixinPlatformAgentDefault accepted container SecureJarResource(eeeabsmobs)
[13Jul2025 17:20:14.777] [main/DEBUG] [mixin/]: Processing prepare() for PlatformAgent[MixinPlatformAgentDefault:SecureJarResource(eeeabsmobs)]
[13Jul2025 17:20:14.777] [main/DEBUG] [mixin/]: Registering mixin config: eeeabsmobs.mixins.json
[13Jul2025 17:20:14.781] [main/DEBUG] [mixin/]: Adding mixin platform agents for container SecureJarResource(jei)
[13Jul2025 17:20:14.781] [main/DEBUG] [mixin/]: Instancing new MixinPlatformAgentMinecraftForge for SecureJarResource(jei)
[13Jul2025 17:20:14.781] [main/DEBUG] [mixin/]: MixinPlatformAgentMinecraftForge rejected container SecureJarResource(jei)
[13Jul2025 17:20:14.781] [main/DEBUG] [mixin/]: Instancing new MixinPlatformAgentDefault for SecureJarResource(jei)
[13Jul2025 17:20:14.781] [main/DEBUG] [mixin/]: MixinPlatformAgentDefault accepted container SecureJarResource(jei)
[13Jul2025 17:20:14.781] [main/DEBUG] [mixin/]: Processing prepare() for PlatformAgent[MixinPlatformAgentDefault:SecureJarResource(jei)]
[13Jul2025 17:20:14.782] [main/DEBUG] [mixin/]: Adding mixin platform agents for container SecureJarResource(firstperson)
[13Jul2025 17:20:14.782] [main/DEBUG] [mixin/]: Instancing new MixinPlatformAgentMinecraftForge for SecureJarResource(firstperson)
[13Jul2025 17:20:14.782] [main/DEBUG] [mixin/]: MixinPlatformAgentMinecraftForge rejected container SecureJarResource(firstperson)
[13Jul2025 17:20:14.782] [main/DEBUG] [mixin/]: Instancing new MixinPlatformAgentDefault for SecureJarResource(firstperson)
[13Jul2025 17:20:14.782] [main/DEBUG] [mixin/]: MixinPlatformAgentDefault accepted container SecureJarResource(firstperson)
[13Jul2025 17:20:14.782] [main/DEBUG] [mixin/]: Processing prepare() for PlatformAgent[MixinPlatformAgentDefault:SecureJarResource(firstperson)]
[13Jul2025 17:20:14.782] [main/DEBUG] [mixin/]: Registering mixin config: firstperson.mixins.json
[13Jul2025 17:20:14.786] [main/DEBUG] [mixin/]: Compatibility level JAVA_8 specified by firstperson.mixins.json is lower than the default level supported by the current mixin service (JAVA_16).
[13Jul2025 17:20:14.787] [main/ERROR] [mixin/]: Mixin config firstperson.mixins.json does not specify "minVersion" property
[13Jul2025 17:20:14.789] [main/DEBUG] [mixin/]: Adding mixin platform agents for container SecureJarResource(graveyard)
[13Jul2025 17:20:14.789] [main/DEBUG] [mixin/]: Instancing new MixinPlatformAgentMinecraftForge for SecureJarResource(graveyard)
[13Jul2025 17:20:14.789] [main/DEBUG] [mixin/]: MixinPlatformAgentMinecraftForge rejected container SecureJarResource(graveyard)
[13Jul2025 17:20:14.789] [main/DEBUG] [mixin/]: Instancing new MixinPlatformAgentDefault for SecureJarResource(graveyard)
[13Jul2025 17:20:14.789] [main/DEBUG] [mixin/]: MixinPlatformAgentDefault accepted container SecureJarResource(graveyard)
[13Jul2025 17:20:14.789] [main/DEBUG] [mixin/]: Processing prepare() for PlatformAgent[MixinPlatformAgentDefault:SecureJarResource(graveyard)]
[13Jul2025 17:20:14.790] [main/DEBUG] [mixin/]: Registering mixin config: graveyard.mixins.json
[13Jul2025 17:20:14.791] [main/DEBUG] [mixin/]: Compatibility level JAVA_8 specified by graveyard.mixins.json is lower than the default level supported by the current mixin service (JAVA_16).
[13Jul2025 17:20:14.791] [main/DEBUG] [mixin/]: Adding mixin platform agents for container SecureJarResource(born_in_chaos_v1)
[13Jul2025 17:20:14.791] [main/DEBUG] [mixin/]: Instancing new MixinPlatformAgentMinecraftForge for SecureJarResource(born_in_chaos_v1)
[13Jul2025 17:20:14.792] [main/DEBUG] [mixin/]: MixinPlatformAgentMinecraftForge rejected container SecureJarResource(born_in_chaos_v1)
[13Jul2025 17:20:14.792] [main/DEBUG] [mixin/]: Instancing new MixinPlatformAgentDefault for SecureJarResource(born_in_chaos_v1)
[13Jul2025 17:20:14.792] [main/DEBUG] [mixin/]: MixinPlatformAgentDefault accepted container SecureJarResource(born_in_chaos_v1)
[13Jul2025 17:20:14.792] [main/DEBUG] [mixin/]: Processing prepare() for PlatformAgent[MixinPlatformAgentDefault:SecureJarResource(born_in_chaos_v1)]
[13Jul2025 17:20:14.792] [main/DEBUG] [mixin/]: Adding mixin platform agents for container SecureJarResource(the_silence)
[13Jul2025 17:20:14.792] [main/DEBUG] [mixin/]: Instancing new MixinPlatformAgentMinecraftForge for SecureJarResource(the_silence)
[13Jul2025 17:20:14.792] [main/DEBUG] [mixin/]: MixinPlatformAgentMinecraftForge rejected container SecureJarResource(the_silence)
[13Jul2025 17:20:14.792] [main/DEBUG] [mixin/]: Instancing new MixinPlatformAgentDefault for SecureJarResource(the_silence)
[13Jul2025 17:20:14.793] [main/DEBUG] [mixin/]: MixinPlatformAgentDefault accepted container SecureJarResource(the_silence)
[13Jul2025 17:20:14.793] [main/DEBUG] [mixin/]: Processing prepare() for PlatformAgent[MixinPlatformAgentDefault:SecureJarResource(the_silence)]
[13Jul2025 17:20:14.793] [main/DEBUG] [mixin/]: Adding mixin platform agents for container SecureJarResource(obscure_api)
[13Jul2025 17:20:14.793] [main/DEBUG] [mixin/]: Instancing new MixinPlatformAgentMinecraftForge for SecureJarResource(obscure_api)
[13Jul2025 17:20:14.793] [main/DEBUG] [mixin/]: MixinPlatformAgentMinecraftForge rejected container SecureJarResource(obscure_api)
[13Jul2025 17:20:14.793] [main/DEBUG] [mixin/]: Instancing new MixinPlatformAgentDefault for SecureJarResource(obscure_api)
[13Jul2025 17:20:14.793] [main/DEBUG] [mixin/]: MixinPlatformAgentDefault accepted container SecureJarResource(obscure_api)
[13Jul2025 17:20:14.793] [main/DEBUG] [mixin/]: Processing prepare() for PlatformAgent[MixinPlatformAgentDefault:SecureJarResource(obscure_api)]
[13Jul2025 17:20:14.793] [main/DEBUG] [mixin/]: Registering mixin config: obscure_api.mixins.json
[13Jul2025 17:20:14.797] [main/DEBUG] [mixin/]: Adding mixin platform agents for container SecureJarResource(rubidium)
[13Jul2025 17:20:14.798] [main/DEBUG] [mixin/]: Instancing new MixinPlatformAgentMinecraftForge for SecureJarResource(rubidium)
[13Jul2025 17:20:14.798] [main/DEBUG] [mixin/]: MixinPlatformAgentMinecraftForge rejected container SecureJarResource(rubidium)
[13Jul2025 17:20:14.798] [main/DEBUG] [mixin/]: Instancing new MixinPlatformAgentDefault for SecureJarResource(rubidium)
[13Jul2025 17:20:14.798] [main/DEBUG] [mixin/]: MixinPlatformAgentDefault accepted container SecureJarResource(rubidium)
[13Jul2025 17:20:14.798] [main/DEBUG] [mixin/]: Processing prepare() for PlatformAgent[MixinPlatformAgentDefault:SecureJarResource(rubidium)]
[13Jul2025 17:20:14.798] [main/DEBUG] [mixin/]: Registering mixin config: rubidium.mixins.json
[13Jul2025 17:20:14.802] [main/DEBUG] [mixin/]: Registering mixin config: rubidium.compat.mixins.json
[13Jul2025 17:20:14.804] [main/DEBUG] [mixin/]: Compatibility level JAVA_8 specified by rubidium.compat.mixins.json is lower than the default level supported by the current mixin service (JAVA_16).
[13Jul2025 17:20:14.804] [main/DEBUG] [mixin/]: Adding mixin platform agents for container SecureJarResource(sound_physics_remastered)
[13Jul2025 17:20:14.804] [main/DEBUG] [mixin/]: Instancing new MixinPlatformAgentMinecraftForge for SecureJarResource(sound_physics_remastered)
[13Jul2025 17:20:14.804] [main/DEBUG] [mixin/]: MixinPlatformAgentMinecraftForge rejected container SecureJarResource(sound_physics_remastered)
[13Jul2025 17:20:14.804] [main/DEBUG] [mixin/]: Instancing new MixinPlatformAgentDefault for SecureJarResource(sound_physics_remastered)
[13Jul2025 17:20:14.804] [main/DEBUG] [mixin/]: MixinPlatformAgentDefault accepted container SecureJarResource(sound_physics_remastered)
[13Jul2025 17:20:14.804] [main/DEBUG] [mixin/]: Processing prepare() for PlatformAgent[MixinPlatformAgentDefault:SecureJarResource(sound_physics_remastered)]
[13Jul2025 17:20:14.805] [main/DEBUG] [mixin/]: Adding mixin platform agents for container SecureJarResource(the_cuckoo_clock)
[13Jul2025 17:20:14.805] [main/DEBUG] [mixin/]: Instancing new MixinPlatformAgentMinecraftForge for SecureJarResource(the_cuckoo_clock)
[13Jul2025 17:20:14.805] [main/DEBUG] [mixin/]: MixinPlatformAgentMinecraftForge rejected container SecureJarResource(the_cuckoo_clock)
[13Jul2025 17:20:14.805] [main/DEBUG] [mixin/]: Instancing new MixinPlatformAgentDefault for SecureJarResource(the_cuckoo_clock)
[13Jul2025 17:20:14.805] [main/DEBUG] [mixin/]: MixinPlatformAgentDefault accepted container SecureJarResource(the_cuckoo_clock)
[13Jul2025 17:20:14.805] [main/DEBUG] [mixin/]: Processing prepare() for PlatformAgent[MixinPlatformAgentDefault:SecureJarResource(the_cuckoo_clock)]
[13Jul2025 17:20:14.805] [main/DEBUG] [mixin/]: Adding mixin platform agents for container SecureJarResource(man)
[13Jul2025 17:20:14.805] [main/DEBUG] [mixin/]: Instancing new MixinPlatformAgentMinecraftForge for SecureJarResource(man)
[13Jul2025 17:20:14.805] [main/DEBUG] [mixin/]: MixinPlatformAgentMinecraftForge rejected container SecureJarResource(man)
[13Jul2025 17:20:14.805] [main/DEBUG] [mixin/]: Instancing new MixinPlatformAgentDefault for SecureJarResource(man)
[13Jul2025 17:20:14.805] [main/DEBUG] [mixin/]: MixinPlatformAgentDefault accepted container SecureJarResource(man)
[13Jul2025 17:20:14.806] [main/DEBUG] [mixin/]: Processing prepare() for PlatformAgent[MixinPlatformAgentDefault:SecureJarResource(man)]
[13Jul2025 17:20:14.806] [main/DEBUG] [mixin/]: Adding mixin platform agents for container SecureJarResource(citadel)
[13Jul2025 17:20:14.806] [main/DEBUG] [mixin/]: Instancing new MixinPlatformAgentMinecraftForge for SecureJarResource(citadel)
[13Jul2025 17:20:14.806] [main/DEBUG] [mixin/]: MixinPlatformAgentMinecraftForge rejected container SecureJarResource(citadel)
[13Jul2025 17:20:14.806] [main/DEBUG] [mixin/]: Instancing new MixinPlatformAgentDefault for SecureJarResource(citadel)
[13Jul2025 17:20:14.806] [main/DEBUG] [mixin/]: MixinPlatformAgentDefault accepted container SecureJarResource(citadel)
[13Jul2025 17:20:14.806] [main/DEBUG] [mixin/]: Processing prepare() for PlatformAgent[MixinPlatformAgentDefault:SecureJarResource(citadel)]
[13Jul2025 17:20:14.806] [main/DEBUG] [mixin/]: Registering mixin config: citadel.mixins.json
[13Jul2025 17:20:14.810] [main/DEBUG] [mixin/]: Adding mixin platform agents for container SecureJarResource(legendary_monsters)
[13Jul2025 17:20:14.810] [main/DEBUG] [mixin/]: Instancing new MixinPlatformAgentMinecraftForge for SecureJarResource(legendary_monsters)
[13Jul2025 17:20:14.810] [main/DEBUG] [mixin/]: MixinPlatformAgentMinecraftForge rejected container SecureJarResource(legendary_monsters)
[13Jul2025 17:20:14.811] [main/DEBUG] [mixin/]: Instancing new MixinPlatformAgentDefault for SecureJarResource(legendary_monsters)
[13Jul2025 17:20:14.811] [main/DEBUG] [mixin/]: MixinPlatformAgentDefault accepted container SecureJarResource(legendary_monsters)
[13Jul2025 17:20:14.811] [main/DEBUG] [mixin/]: Processing prepare() for PlatformAgent[MixinPlatformAgentDefault:SecureJarResource(legendary_monsters)]
[13Jul2025 17:20:14.811] [main/DEBUG] [mixin/]: Adding mixin platform agents for container SecureJarResource(myserveriscompatible)
[13Jul2025 17:20:14.811] [main/DEBUG] [mixin/]: Instancing new MixinPlatformAgentMinecraftForge for SecureJarResource(myserveriscompatible)
[13Jul2025 17:20:14.811] [main/DEBUG] [mixin/]: MixinPlatformAgentMinecraftForge rejected container SecureJarResource(myserveriscompatible)
[13Jul2025 17:20:14.811] [main/DEBUG] [mixin/]: Instancing new MixinPlatformAgentDefault for SecureJarResource(myserveriscompatible)
[13Jul2025 17:20:14.811] [main/DEBUG] [mixin/]: MixinPlatformAgentDefault accepted container SecureJarResource(myserveriscompatible)
[13Jul2025 17:20:14.811] [main/DEBUG] [mixin/]: Processing prepare() for PlatformAgent[MixinPlatformAgentDefault:SecureJarResource(myserveriscompatible)]
[13Jul2025 17:20:14.811] [main/DEBUG] [mixin/]: Registering mixin config: myserveriscompatible.mixins.json
[13Jul2025 17:20:14.813] [main/DEBUG] [mixin/]: Adding mixin platform agents for container SecureJarResource(knightlib)
[13Jul2025 17:20:14.813] [main/DEBUG] [mixin/]: Instancing new MixinPlatformAgentMinecraftForge for SecureJarResource(knightlib)
[13Jul2025 17:20:14.813] [main/DEBUG] [mixin/]: MixinPlatformAgentMinecraftForge rejected container SecureJarResource(knightlib)
[13Jul2025 17:20:14.813] [main/DEBUG] [mixin/]: Instancing new MixinPlatformAgentDefault for SecureJarResource(knightlib)
[13Jul2025 17:20:14.813] [main/DEBUG] [mixin/]: MixinPlatformAgentDefault accepted container SecureJarResource(knightlib)
[13Jul2025 17:20:14.813] [main/DEBUG] [mixin/]: Processing prepare() for PlatformAgent[MixinPlatformAgentDefault:SecureJarResource(knightlib)]
[13Jul2025 17:20:14.815] [main/DEBUG] [mixin/]: Adding mixin platform agents for container SecureJarResource(appleskin)
[13Jul2025 17:20:14.815] [main/DEBUG] [mixin/]: Instancing new MixinPlatformAgentMinecraftForge for SecureJarResource(appleskin)
[13Jul2025 17:20:14.815] [main/DEBUG] [mixin/]: MixinPlatformAgentMinecraftForge rejected container SecureJarResource(appleskin)
[13Jul2025 17:20:14.815] [main/DEBUG] [mixin/]: Instancing new MixinPlatformAgentDefault for SecureJarResource(appleskin)
[13Jul2025 17:20:14.816] [main/DEBUG] [mixin/]: MixinPlatformAgentDefault accepted container SecureJarResource(appleskin)
[13Jul2025 17:20:14.816] [main/DEBUG] [mixin/]: Processing prepare() for PlatformAgent[MixinPlatformAgentDefault:SecureJarResource(appleskin)]
[13Jul2025 17:20:14.816] [main/DEBUG] [mixin/]: Adding mixin platform agents for container SecureJarResource(cave_dweller)
[13Jul2025 17:20:14.816] [main/DEBUG] [mixin/]: Instancing new MixinPlatformAgentMinecraftForge for SecureJarResource(cave_dweller)
[13Jul2025 17:20:14.816] [main/DEBUG] [mixin/]: MixinPlatformAgentMinecraftForge rejected container SecureJarResource(cave_dweller)
[13Jul2025 17:20:14.818] [main/DEBUG] [mixin/]: Instancing new MixinPlatformAgentDefault for SecureJarResource(cave_dweller)
[13Jul2025 17:20:14.818] [main/DEBUG] [mixin/]: MixinPlatformAgentDefault accepted container SecureJarResource(cave_dweller)
[13Jul2025 17:20:14.818] [main/DEBUG] [mixin/]: Processing prepare() for PlatformAgent[MixinPlatformAgentDefault:SecureJarResource(cave_dweller)]
[13Jul2025 17:20:14.818] [main/DEBUG] [mixin/]: Registering mixin config: cave_dweller.mixins.json
[13Jul2025 17:20:14.819] [main/DEBUG] [mixin/]: Adding mixin platform agents for container SecureJarResource(bosses_of_mass_destruction)
[13Jul2025 17:20:14.820] [main/DEBUG] [mixin/]: Instancing new MixinPlatformAgentMinecraftForge for SecureJarResource(bosses_of_mass_destruction)
[13Jul2025 17:20:14.820] [main/DEBUG] [mixin/]: MixinPlatformAgentMinecraftForge rejected container SecureJarResource(bosses_of_mass_destruction)
[13Jul2025 17:20:14.820] [main/DEBUG] [mixin/]: Instancing new MixinPlatformAgentDefault for SecureJarResource(bosses_of_mass_destruction)
[13Jul2025 17:20:14.820] [main/DEBUG] [mixin/]: MixinPlatformAgentDefault accepted container SecureJarResource(bosses_of_mass_destruction)
[13Jul2025 17:20:14.820] [main/DEBUG] [mixin/]: Processing prepare() for PlatformAgent[MixinPlatformAgentDefault:SecureJarResource(bosses_of_mass_destruction)]
[13Jul2025 17:20:14.820] [main/DEBUG] [mixin/]: Registering mixin config: mixins.bosses_of_mass_destruction.json
[13Jul2025 17:20:14.824] [main/DEBUG] [mixin/]: Adding mixin platform agents for container SecureJarResource(terralith)
[13Jul2025 17:20:14.824] [main/DEBUG] [mixin/]: Instancing new MixinPlatformAgentMinecraftForge for SecureJarResource(terralith)
[13Jul2025 17:20:14.824] [main/DEBUG] [mixin/]: MixinPlatformAgentMinecraftForge rejected container SecureJarResource(terralith)
[13Jul2025 17:20:14.824] [main/DEBUG] [mixin/]: Instancing new MixinPlatformAgentDefault for SecureJarResource(terralith)
[13Jul2025 17:20:14.824] [main/DEBUG] [mixin/]: MixinPlatformAgentDefault accepted container SecureJarResource(terralith)
[13Jul2025 17:20:14.824] [main/DEBUG] [mixin/]: Processing prepare() for PlatformAgent[MixinPlatformAgentDefault:SecureJarResource(terralith)]
[13Jul2025 17:20:14.824] [main/DEBUG] [mixin/]: Adding mixin platform agents for container SecureJarResource(irritator)
[13Jul2025 17:20:14.824] [main/DEBUG] [mixin/]: Instancing new MixinPlatformAgentMinecraftForge for SecureJarResource(irritator)
[13Jul2025 17:20:14.824] [main/DEBUG] [mixin/]: MixinPlatformAgentMinecraftForge rejected container SecureJarResource(irritator)
[13Jul2025 17:20:14.824] [main/DEBUG] [mixin/]: Instancing new MixinPlatformAgentDefault for SecureJarResource(irritator)
[13Jul2025 17:20:14.824] [main/DEBUG] [mixin/]: MixinPlatformAgentDefault accepted container SecureJarResource(irritator)
[13Jul2025 17:20:14.825] [main/DEBUG] [mixin/]: Processing prepare() for PlatformAgent[MixinPlatformAgentDefault:SecureJarResource(irritator)]
[13Jul2025 17:20:14.825] [main/DEBUG] [mixin/]: Registering mixin config: irritator.mixins.json
[13Jul2025 17:20:14.828] [main/DEBUG] [mixin/]: Adding mixin platform agents for container SecureJarResource(justzoom)
[13Jul2025 17:20:14.828] [main/DEBUG] [mixin/]: Instancing new MixinPlatformAgentMinecraftForge for SecureJarResource(justzoom)
[13Jul2025 17:20:14.828] [main/DEBUG] [mixin/]: MixinPlatformAgentMinecraftForge rejected container SecureJarResource(justzoom)
[13Jul2025 17:20:14.828] [main/DEBUG] [mixin/]: Instancing new MixinPlatformAgentDefault for SecureJarResource(justzoom)
[13Jul2025 17:20:14.828] [main/DEBUG] [mixin/]: MixinPlatformAgentDefault accepted container SecureJarResource(justzoom)
[13Jul2025 17:20:14.828] [main/DEBUG] [mixin/]: Processing prepare() for PlatformAgent[MixinPlatformAgentDefault:SecureJarResource(justzoom)]
[13Jul2025 17:20:14.828] [main/DEBUG] [mixin/]: Registering mixin config: justzoom.mixins.json
[13Jul2025 17:20:14.830] [main/DEBUG] [mixin/]: Registering mixin config: justzoom.forge.mixins.json
[13Jul2025 17:20:14.835] [main/DEBUG] [mixin/]: Adding mixin platform agents for container SecureJarResource(the_knocker)
[13Jul2025 17:20:14.835] [main/DEBUG] [mixin/]: Instancing new MixinPlatformAgentMinecraftForge for SecureJarResource(the_knocker)
[13Jul2025 17:20:14.835] [main/DEBUG] [mixin/]: MixinPlatformAgentMinecraftForge rejected container SecureJarResource(the_knocker)
[13Jul2025 17:20:14.835] [main/DEBUG] [mixin/]: Instancing new MixinPlatformAgentDefault for SecureJarResource(the_knocker)
[13Jul2025 17:20:14.835] [main/DEBUG] [mixin/]: MixinPlatformAgentDefault accepted container SecureJarResource(the_knocker)
[13Jul2025 17:20:14.835] [main/DEBUG] [mixin/]: Processing prepare() for PlatformAgent[MixinPlatformAgentDefault:SecureJarResource(the_knocker)]
[13Jul2025 17:20:14.835] [main/DEBUG] [mixin/]: Adding mixin platform agents for container SecureJarResource(framework)
[13Jul2025 17:20:14.835] [main/DEBUG] [mixin/]: Instancing new MixinPlatformAgentMinecraftForge for SecureJarResource(framework)
[13Jul2025 17:20:14.836] [main/DEBUG] [mixin/]: MixinPlatformAgentMinecraftForge rejected container SecureJarResource(framework)
[13Jul2025 17:20:14.836] [main/DEBUG] [mixin/]: Instancing new MixinPlatformAgentDefault for SecureJarResource(framework)
[13Jul2025 17:20:14.836] [main/DEBUG] [mixin/]: MixinPlatformAgentDefault accepted container SecureJarResource(framework)
[13Jul2025 17:20:14.836] [main/DEBUG] [mixin/]: Processing prepare() for PlatformAgent[MixinPlatformAgentDefault:SecureJarResource(framework)]
[13Jul2025 17:20:14.836] [main/DEBUG] [mixin/]: Adding mixin platform agents for container SecureJarResource(cloth_config)
[13Jul2025 17:20:14.836] [main/DEBUG] [mixin/]: Instancing new MixinPlatformAgentMinecraftForge for SecureJarResource(cloth_config)
[13Jul2025 17:20:14.836] [main/DEBUG] [mixin/]: MixinPlatformAgentMinecraftForge rejected container SecureJarResource(cloth_config)
[13Jul2025 17:20:14.836] [main/DEBUG] [mixin/]: Instancing new MixinPlatformAgentDefault for SecureJarResource(cloth_config)
[13Jul2025 17:20:14.836] [main/DEBUG] [mixin/]: MixinPlatformAgentDefault accepted container SecureJarResource(cloth_config)
[13Jul2025 17:20:14.836] [main/DEBUG] [mixin/]: Processing prepare() for PlatformAgent[MixinPlatformAgentDefault:SecureJarResource(cloth_config)]
[13Jul2025 17:20:14.836] [main/DEBUG] [mixin/]: Adding mixin platform agents for container SecureJarResource(forge)
[13Jul2025 17:20:14.836] [main/DEBUG] [mixin/]: Instancing new MixinPlatformAgentMinecraftForge for SecureJarResource(forge)
[13Jul2025 17:20:14.837] [main/DEBUG] [mixin/]: MixinPlatformAgentMinecraftForge rejected container SecureJarResource(forge)
[13Jul2025 17:20:14.837] [main/DEBUG] [mixin/]: Instancing new MixinPlatformAgentDefault for SecureJarResource(forge)
[13Jul2025 17:20:14.837] [main/DEBUG] [mixin/]: MixinPlatformAgentDefault accepted container SecureJarResource(forge)
[13Jul2025 17:20:14.837] [main/DEBUG] [mixin/]: Processing prepare() for PlatformAgent[MixinPlatformAgentDefault:SecureJarResource(forge)]
[13Jul2025 17:20:14.837] [main/DEBUG] [mixin/]: Adding mixin platform agents for container SecureJarResource(cartoon_dweller)
[13Jul2025 17:20:14.837] [main/DEBUG] [mixin/]: Instancing new MixinPlatformAgentMinecraftForge for SecureJarResource(cartoon_dweller)
[13Jul2025 17:20:14.837] [main/DEBUG] [mixin/]: MixinPlatformAgentMinecraftForge rejected container SecureJarResource(cartoon_dweller)
[13Jul2025 17:20:14.837] [main/DEBUG] [mixin/]: Instancing new MixinPlatformAgentDefault for SecureJarResource(cartoon_dweller)
[13Jul2025 17:20:14.839] [main/DEBUG] [mixin/]: MixinPlatformAgentDefault accepted container SecureJarResource(cartoon_dweller)
[13Jul2025 17:20:14.839] [main/DEBUG] [mixin/]: Processing prepare() for PlatformAgent[MixinPlatformAgentDefault:SecureJarResource(cartoon_dweller)]
[13Jul2025 17:20:14.839] [main/DEBUG] [mixin/]: Registering mixin config: cartoon_dweller.mixins.json
[13Jul2025 17:20:14.841] [main/DEBUG] [mixin/]: Adding mixin platform agents for container SecureJarResource(tlskincape)
[13Jul2025 17:20:14.841] [main/DEBUG] [mixin/]: Instancing new MixinPlatformAgentMinecraftForge for SecureJarResource(tlskincape)
[13Jul2025 17:20:14.841] [main/DEBUG] [mixin/]: MixinPlatformAgentMinecraftForge rejected container SecureJarResource(tlskincape)
[13Jul2025 17:20:14.841] [main/DEBUG] [mixin/]: Instancing new MixinPlatformAgentDefault for SecureJarResource(tlskincape)
[13Jul2025 17:20:14.841] [main/DEBUG] [mixin/]: MixinPlatformAgentDefault accepted container SecureJarResource(tlskincape)
[13Jul2025 17:20:14.841] [main/DEBUG] [mixin/]: Processing prepare() for PlatformAgent[MixinPlatformAgentDefault:SecureJarResource(tlskincape)]
[13Jul2025 17:20:14.841] [main/DEBUG] [mixin/]: Adding mixin platform agents for container SecureJarResource(geckolib3)
[13Jul2025 17:20:14.841] [main/DEBUG] [mixin/]: Instancing new MixinPlatformAgentMinecraftForge for SecureJarResource(geckolib3)
[13Jul2025 17:20:14.841] [main/DEBUG] [mixin/]: MixinPlatformAgentMinecraftForge rejected container SecureJarResource(geckolib3)
[13Jul2025 17:20:14.841] [main/DEBUG] [mixin/]: Instancing new MixinPlatformAgentDefault for SecureJarResource(geckolib3)
[13Jul2025 17:20:14.841] [main/DEBUG] [mixin/]: MixinPlatformAgentDefault accepted container SecureJarResource(geckolib3)
[13Jul2025 17:20:14.841] [main/DEBUG] [mixin/]: Processing prepare() for PlatformAgent[MixinPlatformAgentDefault:SecureJarResource(geckolib3)]
[13Jul2025 17:20:14.842] [main/DEBUG] [mixin/]: Adding mixin platform agents for container SecureJarResource(konkrete)
[13Jul2025 17:20:14.842] [main/DEBUG] [mixin/]: Instancing new MixinPlatformAgentMinecraftForge for SecureJarResource(konkrete)
[13Jul2025 17:20:14.842] [main/DEBUG] [mixin/]: MixinPlatformAgentMinecraftForge rejected container SecureJarResource(konkrete)
[13Jul2025 17:20:14.842] [main/DEBUG] [mixin/]: Instancing new MixinPlatformAgentDefault for SecureJarResource(konkrete)
[13Jul2025 17:20:14.842] [main/DEBUG] [mixin/]: MixinPlatformAgentDefault accepted container SecureJarResource(konkrete)
[13Jul2025 17:20:14.842] [main/DEBUG] [mixin/]: Processing prepare() for PlatformAgent[MixinPlatformAgentDefault:SecureJarResource(konkrete)]
[13Jul2025 17:20:14.842] [main/DEBUG] [mixin/]: Registering mixin config: konkrete.mixin.json
[13Jul2025 17:20:14.846] [main/DEBUG] [mixin/]: Adding mixin platform agents for container SecureJarResource(sackman)
[13Jul2025 17:20:14.846] [main/DEBUG] [mixin/]: Instancing new MixinPlatformAgentMinecraftForge for SecureJarResource(sackman)
[13Jul2025 17:20:14.846] [main/DEBUG] [mixin/]: MixinPlatformAgentMinecraftForge rejected container SecureJarResource(sackman)
[13Jul2025 17:20:14.846] [main/DEBUG] [mixin/]: Instancing new MixinPlatformAgentDefault for SecureJarResource(sackman)
[13Jul2025 17:20:14.846] [main/DEBUG] [mixin/]: MixinPlatformAgentDefault accepted container SecureJarResource(sackman)
[13Jul2025 17:20:14.846] [main/DEBUG] [mixin/]: Processing prepare() for PlatformAgent[MixinPlatformAgentDefault:SecureJarResource(sackman)]
[13Jul2025 17:20:14.846] [main/DEBUG] [mixin/]: Registering mixin config: sackman.mixins.json
[13Jul2025 17:20:14.847] [main/DEBUG] [mixin/]: Adding mixin platform agents for container SecureJarResource(aquamirae)
[13Jul2025 17:20:14.847] [main/DEBUG] [mixin/]: Instancing new MixinPlatformAgentMinecraftForge for SecureJarResource(aquamirae)
[13Jul2025 17:20:14.847] [main/DEBUG] [mixin/]: MixinPlatformAgentMinecraftForge rejected container SecureJarResource(aquamirae)
[13Jul2025 17:20:14.848] [main/DEBUG] [mixin/]: Instancing new MixinPlatformAgentDefault for SecureJarResource(aquamirae)
[13Jul2025 17:20:14.848] [main/DEBUG] [mixin/]: MixinPlatformAgentDefault accepted container SecureJarResource(aquamirae)
[13Jul2025 17:20:14.848] [main/DEBUG] [mixin/]: Processing prepare() for PlatformAgent[MixinPlatformAgentDefault:SecureJarResource(aquamirae)]
[13Jul2025 17:20:14.848] [main/DEBUG] [mixin/]: Registering mixin config: aquamirae.mixins.json
[13Jul2025 17:20:14.850] [main/DEBUG] [mixin/]: Adding mixin platform agents for container SecureJarResource(mimicer)
[13Jul2025 17:20:14.850] [main/DEBUG] [mixin/]: Instancing new MixinPlatformAgentMinecraftForge for SecureJarResource(mimicer)
[13Jul2025 17:20:14.850] [main/DEBUG] [mixin/]: MixinPlatformAgentMinecraftForge rejected container SecureJarResource(mimicer)
[13Jul2025 17:20:14.850] [main/DEBUG] [mixin/]: Instancing new MixinPlatformAgentDefault for SecureJarResource(mimicer)
[13Jul2025 17:20:14.850] [main/DEBUG] [mixin/]: MixinPlatformAgentDefault accepted container SecureJarResource(mimicer)
[13Jul2025 17:20:14.850] [main/DEBUG] [mixin/]: Processing prepare() for PlatformAgent[MixinPlatformAgentDefault:SecureJarResource(mimicer)]
[13Jul2025 17:20:14.851] [main/DEBUG] [mixin/]: Registering mixin config: mimicer.mixins.json
[13Jul2025 17:20:14.851] [main/DEBUG] [mixin/]: Adding mixin platform agents for container SecureJarResource(mixinextras)
[13Jul2025 17:20:14.852] [main/DEBUG] [mixin/]: Instancing new MixinPlatformAgentMinecraftForge for SecureJarResource(mixinextras)
[13Jul2025 17:20:14.852] [main/DEBUG] [mixin/]: MixinPlatformAgentMinecraftForge rejected container SecureJarResource(mixinextras)
[13Jul2025 17:20:14.852] [main/DEBUG] [mixin/]: Instancing new MixinPlatformAgentDefault for SecureJarResource(mixinextras)
[13Jul2025 17:20:14.852] [main/DEBUG] [mixin/]: MixinPlatformAgentDefault accepted container SecureJarResource(mixinextras)
[13Jul2025 17:20:14.852] [main/DEBUG] [mixin/]: Processing prepare() for PlatformAgent[MixinPlatformAgentDefault:SecureJarResource(mixinextras)]
[13Jul2025 17:20:14.852] [main/DEBUG] [mixin/]: Registering mixin config: mixinextras.init.mixins.json
[13Jul2025 17:20:14.857] [main/DEBUG] [mixin/]: Adding mixin platform agents for container SecureJarResource(MixinExtras)
[13Jul2025 17:20:14.857] [main/DEBUG] [mixin/]: Instancing new MixinPlatformAgentMinecraftForge for SecureJarResource(MixinExtras)
[13Jul2025 17:20:14.858] [main/DEBUG] [mixin/]: MixinPlatformAgentMinecraftForge rejected container SecureJarResource(MixinExtras)
[13Jul2025 17:20:14.858] [main/DEBUG] [mixin/]: Instancing new MixinPlatformAgentDefault for SecureJarResource(MixinExtras)
[13Jul2025 17:20:14.858] [main/DEBUG] [mixin/]: MixinPlatformAgentDefault accepted container SecureJarResource(MixinExtras)
[13Jul2025 17:20:14.858] [main/DEBUG] [mixin/]: Processing prepare() for PlatformAgent[MixinPlatformAgentDefault:SecureJarResource(MixinExtras)]
[13Jul2025 17:20:14.858] [main/DEBUG] [mixin/]: inject() running with 44 agents
[13Jul2025 17:20:14.858] [main/DEBUG] [mixin/]: Processing inject() for PlatformAgent[MixinPlatformAgentDefault:ModLauncher Root Container(ModLauncher:4f56a0a2)]
[13Jul2025 17:20:14.858] [main/DEBUG] [mixin/]: Processing inject() for PlatformAgent[MixinPlatformAgentDefault:SecureJarResource(sons_of_sins)]
[13Jul2025 17:20:14.858] [main/DEBUG] [mixin/]: Processing inject() for PlatformAgent[MixinPlatformAgentDefault:SecureJarResource(minecraft)]
[13Jul2025 17:20:14.858] [main/DEBUG] [mixin/]: Processing inject() for PlatformAgent[MixinPlatformAgentDefault:SecureJarResource(treechop)]
[13Jul2025 17:20:14.858] [main/DEBUG] [mixin/]: Processing inject() for PlatformAgent[MixinPlatformAgentDefault:SecureJarResource(mowziesmobs)]
[13Jul2025 17:20:14.858] [main/DEBUG] [mixin/]: Processing inject() for PlatformAgent[MixinPlatformAgentDefault:SecureJarResource(midnightlurker)]
[13Jul2025 17:20:14.858] [main/DEBUG] [mixin/]: Processing inject() for PlatformAgent[MixinPlatformAgentDefault:SecureJarResource(alexsmobs)]
[13Jul2025 17:20:14.859] [main/DEBUG] [mixin/]: Processing inject() for PlatformAgent[MixinPlatformAgentDefault:SecureJarResource(cgm)]
[13Jul2025 17:20:14.859] [main/DEBUG] [mixin/]: Processing inject() for PlatformAgent[MixinPlatformAgentDefault:SecureJarResource(mokey)]
[13Jul2025 17:20:14.859] [main/DEBUG] [mixin/]: Processing inject() for PlatformAgent[MixinPlatformAgentDefault:SecureJarResource(knightquest)]
[13Jul2025 17:20:14.859] [main/DEBUG] [mixin/]: Processing inject() for PlatformAgent[MixinPlatformAgentDefault:SecureJarResource(eeeabsmobs)]
[13Jul2025 17:20:14.859] [main/DEBUG] [mixin/]: Processing inject() for PlatformAgent[MixinPlatformAgentDefault:SecureJarResource(jei)]
[13Jul2025 17:20:14.859] [main/DEBUG] [mixin/]: Processing inject() for PlatformAgent[MixinPlatformAgentDefault:SecureJarResource(firstperson)]
[13Jul2025 17:20:14.859] [main/DEBUG] [mixin/]: Processing inject() for PlatformAgent[MixinPlatformAgentDefault:SecureJarResource(graveyard)]
[13Jul2025 17:20:14.859] [main/DEBUG] [mixin/]: Processing inject() for PlatformAgent[MixinPlatformAgentDefault:SecureJarResource(born_in_chaos_v1)]
[13Jul2025 17:20:14.859] [main/DEBUG] [mixin/]: Processing inject() for PlatformAgent[MixinPlatformAgentDefault:SecureJarResource(the_silence)]
[13Jul2025 17:20:14.859] [main/DEBUG] [mixin/]: Processing inject() for PlatformAgent[MixinPlatformAgentDefault:SecureJarResource(obscure_api)]
[13Jul2025 17:20:14.859] [main/DEBUG] [mixin/]: Processing inject() for PlatformAgent[MixinPlatformAgentDefault:SecureJarResource(rubidium)]
[13Jul2025 17:20:14.859] [main/DEBUG] [mixin/]: Processing inject() for PlatformAgent[MixinPlatformAgentDefault:SecureJarResource(sound_physics_remastered)]
[13Jul2025 17:20:14.859] [main/DEBUG] [mixin/]: Processing inject() for PlatformAgent[MixinPlatformAgentDefault:SecureJarResource(the_cuckoo_clock)]
[13Jul2025 17:20:14.860] [main/DEBUG] [mixin/]: Processing inject() for PlatformAgent[MixinPlatformAgentDefault:SecureJarResource(man)]
[13Jul2025 17:20:14.860] [main/DEBUG] [mixin/]: Processing inject() for PlatformAgent[MixinPlatformAgentDefault:SecureJarResource(citadel)]
[13Jul2025 17:20:14.860] [main/DEBUG] [mixin/]: Processing inject() for PlatformAgent[MixinPlatformAgentDefault:SecureJarResource(legendary_monsters)]
[13Jul2025 17:20:14.860] [main/DEBUG] [mixin/]: Processing inject() for PlatformAgent[MixinPlatformAgentDefault:SecureJarResource(myserveriscompatible)]
[13Jul2025 17:20:14.860] [main/DEBUG] [mixin/]: Processing inject() for PlatformAgent[MixinPlatformAgentDefault:SecureJarResource(knightlib)]
[13Jul2025 17:20:14.860] [main/DEBUG] [mixin/]: Processing inject() for PlatformAgent[MixinPlatformAgentDefault:SecureJarResource(appleskin)]
[13Jul2025 17:20:14.860] [main/DEBUG] [mixin/]: Processing inject() for PlatformAgent[MixinPlatformAgentDefault:SecureJarResource(cave_dweller)]
[13Jul2025 17:20:14.860] [main/DEBUG] [mixin/]: Processing inject() for PlatformAgent[MixinPlatformAgentDefault:SecureJarResource(bosses_of_mass_destruction)]
[13Jul2025 17:20:14.864] [main/DEBUG] [mixin/]: Processing inject() for PlatformAgent[MixinPlatformAgentDefault:SecureJarResource(terralith)]
[13Jul2025 17:20:14.864] [main/DEBUG] [mixin/]: Processing inject() for PlatformAgent[MixinPlatformAgentDefault:SecureJarResource(irritator)]
[13Jul2025 17:20:14.864] [main/DEBUG] [mixin/]: Processing inject() for PlatformAgent[MixinPlatformAgentDefault:SecureJarResource(justzoom)]
[13Jul2025 17:20:14.864] [main/DEBUG] [mixin/]: Processing inject() for PlatformAgent[MixinPlatformAgentDefault:SecureJarResource(the_knocker)]
[13Jul2025 17:20:14.864] [main/DEBUG] [mixin/]: Processing inject() for PlatformAgent[MixinPlatformAgentDefault:SecureJarResource(framework)]
[13Jul2025 17:20:14.864] [main/DEBUG] [mixin/]: Processing inject() for PlatformAgent[MixinPlatformAgentDefault:SecureJarResource(cloth_config)]
[13Jul2025 17:20:14.864] [main/DEBUG] [mixin/]: Processing inject() for PlatformAgent[MixinPlatformAgentDefault:SecureJarResource(forge)]
[13Jul2025 17:20:14.864] [main/DEBUG] [mixin/]: Processing inject() for PlatformAgent[MixinPlatformAgentDefault:SecureJarResource(cartoon_dweller)]
[13Jul2025 17:20:14.864] [main/DEBUG] [mixin/]: Processing inject() for PlatformAgent[MixinPlatformAgentDefault:SecureJarResource(tlskincape)]
[13Jul2025 17:20:14.865] [main/DEBUG] [mixin/]: Processing inject() for PlatformAgent[MixinPlatformAgentDefault:SecureJarResource(geckolib3)]
[13Jul2025 17:20:14.865] [main/DEBUG] [mixin/]: Processing inject() for PlatformAgent[MixinPlatformAgentDefault:SecureJarResource(konkrete)]
[13Jul2025 17:20:14.865] [main/DEBUG] [mixin/]: Processing inject() for PlatformAgent[MixinPlatformAgentDefault:SecureJarResource(sackman)]
[13Jul2025 17:20:14.865] [main/DEBUG] [mixin/]: Processing inject() for PlatformAgent[MixinPlatformAgentDefault:SecureJarResource(aquamirae)]
[13Jul2025 17:20:14.865] [main/DEBUG] [mixin/]: Processing inject() for PlatformAgent[MixinPlatformAgentDefault:SecureJarResource(mimicer)]
[13Jul2025 17:20:14.865] [main/DEBUG] [mixin/]: Processing inject() for PlatformAgent[MixinPlatformAgentDefault:SecureJarResource(mixinextras)]
[13Jul2025 17:20:14.865] [main/DEBUG] [mixin/]: Processing inject() for PlatformAgent[MixinPlatformAgentDefault:SecureJarResource(MixinExtras)]
[13Jul2025 17:20:14.898] [main/DEBUG] [mixin/]: Error cleaning class output directory: .mixin.out
[13Jul2025 17:20:14.899] [main/DEBUG] [mixin/]: Preparing mixins for MixinEnvironment[PREINIT]
[13Jul2025 17:20:14.906] [main/INFO] [mixin/]: Successfully loaded Mixin Connector [com.sonicether.soundphysics.MixinConnector]
[13Jul2025 17:20:14.908] [main/INFO] [mixin/]: Successfully loaded Mixin Connector [org.tlauncher.MixinConnector]
[13Jul2025 17:20:14.911] [main/DEBUG] [mixin/]: Compatibility level JAVA_16 specified by tlskincape-mixins.json is higher than the maximum level supported by this version of mixin (JAVA_13).
[13Jul2025 17:20:14.911] [main/INFO] [cpw.mods.modlauncher.LaunchServiceHandler/MODLAUNCHER]: Launching target 'forgeserver' with arguments [nogui]
[13Jul2025 17:20:14.917] [main/DEBUG] [mixin/]: Preparing mixins for MixinEnvironment[DEFAULT]
[13Jul2025 17:20:14.918] [main/DEBUG] [mixin/]: Selecting config treechop.mixins.json
[13Jul2025 17:20:14.921] [main/DEBUG] [mixin/]: Selecting config treechop.forge.compat.mixins.json
[13Jul2025 17:20:14.922] [main/DEBUG] [mixin/]: Selecting config cgm.mixins.json
[13Jul2025 17:20:14.928] [main/DEBUG] [mixin/]: Selecting config mokey.mixins.json
[13Jul2025 17:20:14.929] [main/DEBUG] [mixin/]: Selecting config eeeabsmobs.mixins.json
[13Jul2025 17:20:14.930] [main/DEBUG] [mixin/]: Selecting config firstperson.mixins.json
[13Jul2025 17:20:14.934] [main/DEBUG] [mixin/]: Selecting config graveyard.mixins.json
[13Jul2025 17:20:14.934] [main/DEBUG] [mixin/]: Selecting config obscure_api.mixins.json
[13Jul2025 17:20:14.935] [main/DEBUG] [mixin/]: Selecting config rubidium.mixins.json
[13Jul2025 17:20:14.947] [main/INFO] [Rubidium/]: Loaded configuration file for Rubidium: 30 options available, 0 override(s) found
[13Jul2025 17:20:14.950] [main/DEBUG] [mixin/]: Selecting config rubidium.compat.mixins.json
[13Jul2025 17:20:14.955] [main/DEBUG] [mixin/]: Selecting config citadel.mixins.json
[13Jul2025 17:20:14.959] [main/DEBUG] [mixin/]: Selecting config myserveriscompatible.mixins.json
[13Jul2025 17:20:14.960] [main/DEBUG] [mixin/]: Selecting config cave_dweller.mixins.json
[13Jul2025 17:20:14.963] [main/DEBUG] [mixin/]: Selecting config mixins.bosses_of_mass_destruction.json
[13Jul2025 17:20:14.964] [main/DEBUG] [mixin/]: Selecting config irritator.mixins.json
[13Jul2025 17:20:14.964] [main/DEBUG] [mixin/]: Selecting config justzoom.mixins.json
[13Jul2025 17:20:14.967] [main/DEBUG] [mixin/]: Selecting config justzoom.forge.mixins.json
[13Jul2025 17:20:14.967] [main/DEBUG] [mixin/]: Selecting config cartoon_dweller.mixins.json
[13Jul2025 17:20:14.970] [main/DEBUG] [mixin/]: Selecting config konkrete.mixin.json
[13Jul2025 17:20:14.971] [main/DEBUG] [mixin/]: Selecting config sackman.mixins.json
[13Jul2025 17:20:14.982] [main/DEBUG] [mixin/]: Selecting config aquamirae.mixins.json
[13Jul2025 17:20:14.984] [main/DEBUG] [mixin/]: Selecting config mimicer.mixins.json
[13Jul2025 17:20:14.986] [main/DEBUG] [mixin/]: Selecting config mixinextras.init.mixins.json
[13Jul2025 17:20:15.020] [main/DEBUG] [MixinExtras|Service/]: com.llamalad7.mixinextras.service.MixinExtrasServiceImpl(version=0.3.5) is taking over from null
[13Jul2025 17:20:15.089] [main/DEBUG] [mixin/]: Registering new injector for @Inject with org.spongepowered.asm.mixin.injection.struct.CallbackInjectionInfo
[13Jul2025 17:20:15.091] [main/DEBUG] [mixin/]: Registering new injector for @ModifyArg with org.spongepowered.asm.mixin.injection.struct.ModifyArgInjectionInfo
[13Jul2025 17:20:15.092] [main/DEBUG] [mixin/]: Registering new injector for @ModifyArgs with org.spongepowered.asm.mixin.injection.struct.ModifyArgsInjectionInfo
[13Jul2025 17:20:15.096] [main/DEBUG] [mixin/]: Registering new injector for @Redirect with org.spongepowered.asm.mixin.injection.struct.RedirectInjectionInfo
[13Jul2025 17:20:15.101] [main/DEBUG] [mixin/]: Registering new injector for @ModifyVariable with org.spongepowered.asm.mixin.injection.struct.ModifyVariableInjectionInfo
[13Jul2025 17:20:15.102] [main/DEBUG] [mixin/]: Registering new injector for @ModifyConstant with org.spongepowered.asm.mixin.injection.struct.ModifyConstantInjectionInfo
[13Jul2025 17:20:15.115] [main/DEBUG] [mixin/]: Selecting config sound_physics_remastered.mixins.json
[13Jul2025 17:20:15.118] [main/DEBUG] [mixin/]: Selecting config tlskincape-mixins.json
[13Jul2025 17:20:15.119] [main/DEBUG] [mixin/]: Preparing treechop.mixins.json (3)
[13Jul2025 17:20:15.216] [main/DEBUG] [mixin/]: Preparing treechop.forge.compat.mixins.json (1)
[13Jul2025 17:20:15.218] [main/WARN] [mixin/]: Error loading class: atomicstryker/multimine/client/MultiMineClient (java.lang.ClassNotFoundException: atomicstryker.multimine.client.MultiMineClient)
[13Jul2025 17:20:15.218] [main/WARN] [mixin/]: @Mixin target atomicstryker.multimine.client.MultiMineClient was not found treechop.forge.compat.mixins.json:MultiMineMixin
[13Jul2025 17:20:15.219] [main/DEBUG] [mixin/]: Preparing cgm.mixins.json (9)
[13Jul2025 17:20:15.259] [main/DEBUG] [mixin/]: Preparing mokey.mixins.json (3)
[13Jul2025 17:20:15.264] [main/DEBUG] [mixin/]: Preparing eeeabsmobs.mixins.json (1)
[13Jul2025 17:20:15.273] [main/DEBUG] [mixin/]: Preparing firstperson.mixins.json (16)
[13Jul2025 17:20:15.274] [main/DEBUG] [mixin/]: Preparing graveyard.mixins.json (8)
[13Jul2025 17:20:15.320] [main/DEBUG] [mixin/]: Preparing obscure_api.mixins.json (6)
[13Jul2025 17:20:15.327] [main/DEBUG] [mixin/]: Preparing rubidium.mixins.json (55)
[13Jul2025 17:20:15.327] [main/DEBUG] [mixin/]: Preparing rubidium.compat.mixins.json (1)
[13Jul2025 17:20:15.327] [main/DEBUG] [mixin/]: Preparing citadel.mixins.json (17)
[13Jul2025 17:20:15.397] [main/DEBUG] [mixin/]: Preparing myserveriscompatible.mixins.json (1)
[13Jul2025 17:20:15.397] [main/DEBUG] [mixin/]: Preparing cave_dweller.mixins.json (3)
[13Jul2025 17:20:15.399] [main/DEBUG] [mixin/]: Preparing mixins.bosses_of_mass_destruction.json (14)
[13Jul2025 17:20:15.422] [main/DEBUG] [mixin/]: Preparing irritator.mixins.json (3)
[13Jul2025 17:20:15.423] [main/DEBUG] [mixin/]: Preparing justzoom.mixins.json (5)
[13Jul2025 17:20:15.424] [main/DEBUG] [mixin/]: Preparing justzoom.forge.mixins.json (1)
[13Jul2025 17:20:15.429] [main/DEBUG] [mixin/]: Preparing cartoon_dweller.mixins.json (3)
[13Jul2025 17:20:15.430] [main/DEBUG] [mixin/]: Preparing konkrete.mixin.json (4)
[13Jul2025 17:20:15.430] [main/DEBUG] [mixin/]: Preparing sackman.mixins.json (3)
[13Jul2025 17:20:15.432] [main/DEBUG] [mixin/]: Preparing aquamirae.mixins.json (1)
[13Jul2025 17:20:15.434] [main/DEBUG] [mixin/]: Preparing mimicer.mixins.json (3)
[13Jul2025 17:20:15.436] [main/DEBUG] [mixin/]: Preparing mixinextras.init.mixins.json (0)
[13Jul2025 17:20:15.436] [main/DEBUG] [mixin/]: Preparing sound_physics_remastered.mixins.json (12)
[13Jul2025 17:20:15.438] [main/DEBUG] [mixin/]: Preparing tlskincape-mixins.json (4)
[13Jul2025 17:20:15.441] [main/ERROR] [net.minecraftforge.fml.loading.RuntimeDistCleaner/DISTXFORM]: Attempted to load class net/minecraft/client/player/AbstractClientPlayer for invalid dist DEDICATED_SERVER
[13Jul2025 17:20:15.441] [main/WARN] [mixin/]: Error loading class: net/minecraft/client/player/AbstractClientPlayer (java.lang.RuntimeException: Attempted to load class net/minecraft/client/player/AbstractClientPlayer for invalid dist DEDICATED_SERVER)
[13Jul2025 17:20:15.442] [main/WARN] [mixin/]: @Mixin target net.minecraft.client.player.AbstractClientPlayer was not found tlskincape-mixins.json:MixinAbstractPlayer
[13Jul2025 17:20:15.443] [main/ERROR] [net.minecraftforge.fml.loading.RuntimeDistCleaner/DISTXFORM]: Attempted to load class net/minecraft/client/gui/screens/TitleScreen for invalid dist DEDICATED_SERVER
[13Jul2025 17:20:15.443] [main/WARN] [mixin/]: Error loading class: net/minecraft/client/gui/screens/TitleScreen (java.lang.RuntimeException: Attempted to load class net/minecraft/client/gui/screens/TitleScreen for invalid dist DEDICATED_SERVER)
[13Jul2025 17:20:15.444] [main/WARN] [mixin/]: @Mixin target net.minecraft.client.gui.screens.TitleScreen was not found tlskincape-mixins.json:MixinMainMenu
[13Jul2025 17:20:15.459] [main/WARN] [mixin/]: Error loading class: net/minecraft/client/model/PlayerModel (java.lang.ClassNotFoundException: net.minecraft.client.model.PlayerModel)
[13Jul2025 17:20:15.460] [main/WARN] [mixin/]: @Mixin target net.minecraft.client.model.PlayerModel was not found tlskincape-mixins.json:MixinPlayerModel
[13Jul2025 17:20:15.510] [main/DEBUG] [mixin/]: Prepared 59 mixins in 0.590 sec (10.0ms avg) (0ms load, 0ms transform, 0ms plugin)
[13Jul2025 17:20:15.526] [main/INFO] [MixinExtras|Service/]: Initializing MixinExtras via com.llamalad7.mixinextras.service.MixinExtrasServiceImpl(version=0.3.5).
[13Jul2025 17:20:15.528] [main/DEBUG] [mixin/]: Registering new injector for @SugarWrapper with com.llamalad7.mixinextras.sugar.impl.SugarWrapperInjectionInfo
[13Jul2025 17:20:15.529] [main/DEBUG] [mixin/]: Registering new injector for @FactoryRedirectWrapper with com.llamalad7.mixinextras.wrapper.factory.FactoryRedirectWrapperInjectionInfo
[13Jul2025 17:20:15.535] [main/DEBUG] [mixin/]: Mixing MinecraftServerMixin from citadel.mixins.json into net.minecraft.server.MinecraftServer
[13Jul2025 17:20:15.702] [main/DEBUG] [io.netty.util.internal.logging.InternalLoggerFactory/]: Using SLF4J as the default logging framework
[13Jul2025 17:20:15.705] [main/DEBUG] [io.netty.util.ResourceLeakDetector/]: -Dio.netty.leakDetection.level: simple
[13Jul2025 17:20:15.705] [main/DEBUG] [io.netty.util.ResourceLeakDetector/]: -Dio.netty.leakDetection.targetRecords: 4
[13Jul2025 17:20:15.855] [main/DEBUG] [oshi.util.FileUtil/]: No oshi.properties file found from ClassLoader cpw.mods.modlauncher.TransformingClassLoader@427ae189
[13Jul2025 17:20:15.856] [main/DEBUG] [oshi.util.FileUtil/]: No oshi.properties file found from ClassLoader jdk.internal.loader.ClassLoaders$AppClassLoader@76ed5528
[13Jul2025 17:20:15.867] [main/DEBUG] [oshi.util.FileUtil/]: Reading file /proc/cpuinfo
[13Jul2025 17:20:15.868] [main/DEBUG] [oshi.util.FileUtil/]: Reading file /proc/cpuinfo
[13Jul2025 17:20:15.880] [main/DEBUG] [oshi.util.FileUtil/]: No oshi.architecture.properties file found from ClassLoader cpw.mods.modlauncher.TransformingClassLoader@427ae189
[13Jul2025 17:20:15.880] [main/DEBUG] [oshi.util.FileUtil/]: No oshi.architecture.properties file found from ClassLoader jdk.internal.loader.ClassLoaders$AppClassLoader@76ed5528
[13Jul2025 17:20:15.900] [main/DEBUG] [oshi.util.FileUtil/]: Reading file /proc/meminfo
[13Jul2025 17:20:15.901] [main/DEBUG] [oshi.util.FileUtil/]: Reading file /proc/meminfo
[13Jul2025 17:20:16.046] [main/DEBUG] [mixin/]: Mixing EntityChopSettingsMixin from treechop.mixins.json into net.minecraft.world.entity.Entity
[13Jul2025 17:20:16.056] [main/DEBUG] [mixin/]: Mixing multipart_entities.MixinEntity from mixins.bosses_of_mass_destruction.json into net.minecraft.world.entity.Entity
[13Jul2025 17:20:16.060] [main/DEBUG] [mixin/]: Mixing EntityMixin from sound_physics_remastered.mixins.json into net.minecraft.world.entity.Entity
[13Jul2025 17:20:16.148] [main/DEBUG] [mixin/]: Mixing common.LivingEntityMixin from cgm.mixins.json into net.minecraft.world.entity.LivingEntity
[13Jul2025 17:20:16.148] [main/DEBUG] [mixin/]: cgm.mixins.json:common.LivingEntityMixin: Class version 61 required is higher than the class version supported by the current version of Mixin (JAVA_8 supports class version 52)
[13Jul2025 17:20:16.157] [main/DEBUG] [mixin/]: Mixing MixinLivingEntity from mokey.mixins.json into net.minecraft.world.entity.LivingEntity
[13Jul2025 17:20:16.163] [main/DEBUG] [mixin/]: Mixing LivingEntityMixin from citadel.mixins.json into net.minecraft.world.entity.LivingEntity
[13Jul2025 17:20:16.170] [main/DEBUG] [mixin/]: Mixing MixinLivingEntity from cave_dweller.mixins.json into net.minecraft.world.entity.LivingEntity
[13Jul2025 17:20:16.175] [main/DEBUG] [mixin/]: Mixing LivingEntityMixin from mixins.bosses_of_mass_destruction.json into net.minecraft.world.entity.LivingEntity
[13Jul2025 17:20:16.176] [main/DEBUG] [mixin/]: Mixing MixinLivingEntity from irritator.mixins.json into net.minecraft.world.entity.LivingEntity
[13Jul2025 17:20:16.181] [main/DEBUG] [mixin/]: Mixing MixinLivingEntity from cartoon_dweller.mixins.json into net.minecraft.world.entity.LivingEntity
[13Jul2025 17:20:16.187] [main/DEBUG] [mixin/]: Mixing MixinLivingEntity from sackman.mixins.json into net.minecraft.world.entity.LivingEntity
[13Jul2025 17:20:16.194] [main/DEBUG] [mixin/]: Mixing MixinLivingEntity from mimicer.mixins.json into net.minecraft.world.entity.LivingEntity
[13Jul2025 17:20:16.199] [main/DEBUG] [mixin/]: Mixing LivingEntityMixin from obscure_api.mixins.json into net.minecraft.world.entity.LivingEntity
[13Jul2025 17:20:16.409] [main/DEBUG] [mixin/]: Mixing LevelMixin from citadel.mixins.json into net.minecraft.world.level.Level
[13Jul2025 17:20:16.445] [main/DEBUG] [mixin/]: Mixing ServerLevelMixin from citadel.mixins.json into net.minecraft.server.level.ServerLevel
[13Jul2025 17:20:16.447] [main/DEBUG] [mixin/]: Mixing ExplosionMixin from mixins.bosses_of_mass_destruction.json into net.minecraft.server.level.ServerLevel
[13Jul2025 17:20:16.458] [main/DEBUG] [mixin/]: Mixing ServerWorldMixin from sound_physics_remastered.mixins.json into net.minecraft.server.level.ServerLevel
[13Jul2025 17:20:16.488] [main/DEBUG] [mixin/]: Mixing MixinPlayer from tlskincape-mixins.json into net.minecraft.world.entity.player.Player
[13Jul2025 17:20:16.489] [main/DEBUG] [mixin/]: tlskincape-mixins.json:MixinPlayer: Class version 61 required is higher than the class version supported by the current version of Mixin (JAVA_16 supports class version 60)
[13Jul2025 17:20:16.653] [main/DEBUG] [net.minecraftforge.coremod.transformer.CoreModBaseTransformer/COREMOD]: Transforming net/minecraft/world/level/levelgen/structure/Structure
[13Jul2025 17:20:16.817] [main/DEBUG] [net.minecraftforge.coremod.transformer.CoreModBaseTransformer/COREMOD]: Transforming net/minecraft/world/level/block/LiquidBlock
[13Jul2025 17:20:16.909] [main/DEBUG] [net.minecraftforge.coremod.transformer.CoreModBaseTransformer/COREMOD]: Transforming net/minecraft/world/level/block/StairBlock
[13Jul2025 17:20:16.957] [main/DEBUG] [mixin/]: Mixing IceBlockMixin from mixins.bosses_of_mass_destruction.json into net.minecraft.world.level.block.IceBlock
[13Jul2025 17:20:16.994] [main/DEBUG] [net.minecraftforge.coremod.transformer.CoreModBaseTransformer/COREMOD]: Transforming net/minecraft/world/item/ItemStack
[13Jul2025 17:20:17.055] [main/DEBUG] [mixin/]: Mixing common.EndPortalBlockMixin from cgm.mixins.json into net.minecraft.world.level.block.EndPortalBlock
[13Jul2025 17:20:17.056] [main/DEBUG] [mixin/]: cgm.mixins.json:common.EndPortalBlockMixin: Class version 61 required is higher than the class version supported by the current version of Mixin (JAVA_8 supports class version 52)
[13Jul2025 17:20:17.071] [main/DEBUG] [net.minecraftforge.coremod.transformer.CoreModBaseTransformer/COREMOD]: Transforming net/minecraft/world/level/block/FlowerPotBlock
[13Jul2025 17:20:17.425] [main/DEBUG] [mixin/]: Mixing multipart_entities.MixinVoxelShapes from mixins.bosses_of_mass_destruction.json into net.minecraft.world.phys.shapes.Shapes
[13Jul2025 17:20:17.439] [main/DEBUG] [mixin/]: Mixing multipart_entities.MixinVoxelShape from mixins.bosses_of_mass_destruction.json into net.minecraft.world.phys.shapes.VoxelShape
[13Jul2025 17:20:17.444] [main/DEBUG] [mixin/]: Mixing multipart_entities.InvokerArrayVoxelShape from mixins.bosses_of_mass_destruction.json into net.minecraft.world.phys.shapes.ArrayVoxelShape
[13Jul2025 17:20:17.444] [main/DEBUG] [mixin/]: Renaming @Invoker method init(Lnet/minecraft/world/phys/shapes/DiscreteVoxelShape;Lit/unimi/dsi/fastutil/doubles/DoubleList;Lit/unimi/dsi/fastutil/doubles/DoubleList;Lit/unimi/dsi/fastutil/doubles/DoubleList;)Lnet/minecraft/world/phys/shapes/ArrayVoxelShape; to init_$md$43c044$0 in mixins.bosses_of_mass_destruction.json:multipart_entities.InvokerArrayVoxelShape
[13Jul2025 17:20:18.051] [main/DEBUG] [mixin/]: Mixing multipart_entities.MixinBox from mixins.bosses_of_mass_destruction.json into net.minecraft.world.phys.AABB
[13Jul2025 17:20:18.081] [main/DEBUG] [mixin/]: Mixing MobMixin from eeeabsmobs.mixins.json into net.minecraft.world.entity.Mob
[13Jul2025 17:20:18.191] [main/DEBUG] [net.minecraftforge.coremod.transformer.CoreModBaseTransformer/COREMOD]: Transforming net/minecraft/world/item/ItemStack
[13Jul2025 17:20:18.397] [main/DEBUG] [mixin/]: Mixing multipart_entities.MixinProjectile from mixins.bosses_of_mass_destruction.json into net.minecraft.world.entity.projectile.Projectile
[13Jul2025 17:20:18.658] [main/DEBUG] [mixin/]: Mixing SmithingMenuMixin from citadel.mixins.json into net.minecraft.world.inventory.SmithingMenu
[13Jul2025 17:20:18.903] [main/DEBUG] [mixin/]: Mixing TreeFeatureMixin from graveyard.mixins.json into net.minecraft.world.level.levelgen.feature.TreeFeature
[13Jul2025 17:20:18.904] [main/DEBUG] [mixin/]: graveyard.mixins.json:TreeFeatureMixin: Class version 61 required is higher than the class version supported by the current version of Mixin (JAVA_8 supports class version 52)
[13Jul2025 17:20:18.923] [main/DEBUG] [mixin/]: Mixing LakeFeatureMixin from graveyard.mixins.json into net.minecraft.world.level.levelgen.feature.LakeFeature
[13Jul2025 17:20:18.923] [main/DEBUG] [mixin/]: graveyard.mixins.json:LakeFeatureMixin: Class version 61 required is higher than the class version supported by the current version of Mixin (JAVA_8 supports class version 52)
[13Jul2025 17:20:18.927] [main/DEBUG] [net.minecraftforge.coremod.transformer.CoreModBaseTransformer/COREMOD]: Transforming net/minecraft/world/level/levelgen/structure/Structure
[13Jul2025 17:20:19.027] [main/DEBUG] [mixin/]: Mixing MixinPathNavigation from mokey.mixins.json into net.minecraft.world.entity.ai.navigation.PathNavigation
[13Jul2025 17:20:19.029] [main/DEBUG] [mixin/]: Mixing MixinPathNavigation from cave_dweller.mixins.json into net.minecraft.world.entity.ai.navigation.PathNavigation
[13Jul2025 17:20:19.030] [main/DEBUG] [mixin/]: Mixing MixinPathNavigation from irritator.mixins.json into net.minecraft.world.entity.ai.navigation.PathNavigation
[13Jul2025 17:20:19.031] [main/DEBUG] [mixin/]: Mixing MixinPathNavigation from cartoon_dweller.mixins.json into net.minecraft.world.entity.ai.navigation.PathNavigation
[13Jul2025 17:20:19.033] [main/DEBUG] [mixin/]: Mixing MixinPathNavigation from sackman.mixins.json into net.minecraft.world.entity.ai.navigation.PathNavigation
[13Jul2025 17:20:19.034] [main/DEBUG] [mixin/]: Mixing MixinPathNavigation from mimicer.mixins.json into net.minecraft.world.entity.ai.navigation.PathNavigation
[13Jul2025 17:20:19.047] [main/DEBUG] [mixin/]: Mixing MixinGroundPathNavigation from mokey.mixins.json into net.minecraft.world.entity.ai.navigation.GroundPathNavigation
[13Jul2025 17:20:19.048] [main/DEBUG] [mixin/]: Mixing MixinGroundPathNavigation from cave_dweller.mixins.json into net.minecraft.world.entity.ai.navigation.GroundPathNavigation
[13Jul2025 17:20:19.050] [main/DEBUG] [mixin/]: Mixing MixinGroundPathNavigation from irritator.mixins.json into net.minecraft.world.entity.ai.navigation.GroundPathNavigation
[13Jul2025 17:20:19.051] [main/DEBUG] [mixin/]: Mixing MixinGroundPathNavigation from cartoon_dweller.mixins.json into net.minecraft.world.entity.ai.navigation.GroundPathNavigation
[13Jul2025 17:20:19.052] [main/DEBUG] [mixin/]: Mixing MixinGroundPathNavigation from sackman.mixins.json into net.minecraft.world.entity.ai.navigation.GroundPathNavigation
[13Jul2025 17:20:19.053] [main/DEBUG] [mixin/]: Mixing MixinGroundPathNavigation from mimicer.mixins.json into net.minecraft.world.entity.ai.navigation.GroundPathNavigation
[13Jul2025 17:20:19.748] [main/INFO] [net.minecraft.util.datafix.DataFixers/]: Building unoptimized datafixer
[13Jul2025 17:20:19.833] [main/DEBUG] [mixin/]: Mixing CreeperEntityMixin from graveyard.mixins.json into net.minecraft.world.entity.monster.Creeper
[13Jul2025 17:20:19.833] [main/DEBUG] [mixin/]: graveyard.mixins.json:CreeperEntityMixin: Class version 61 required is higher than the class version supported by the current version of Mixin (JAVA_8 supports class version 52)
[13Jul2025 17:20:20.121] [main/DEBUG] [mixin/]: Mixing VillagerMixin from graveyard.mixins.json into net.minecraft.world.entity.npc.Villager
[13Jul2025 17:20:20.125] [main/DEBUG] [mixin/]: graveyard.mixins.json:VillagerMixin: Class version 61 required is higher than the class version supported by the current version of Mixin (JAVA_8 supports class version 52)
[13Jul2025 17:20:20.157] [main/DEBUG] [mixin/]: Mixing WanderingTraderMixin from graveyard.mixins.json into net.minecraft.world.entity.npc.WanderingTrader
[13Jul2025 17:20:20.158] [main/DEBUG] [mixin/]: graveyard.mixins.json:WanderingTraderMixin: Class version 61 required is higher than the class version supported by the current version of Mixin (JAVA_8 supports class version 52)
[13Jul2025 17:20:20.448] [main/DEBUG] [mixin/]: Mixing OverworldBiomesMixin from aquamirae.mixins.json into net.minecraft.data.worldgen.biome.OverworldBiomes
[13Jul2025 17:20:20.463] [main/DEBUG] [net.minecraftforge.coremod.transformer.CoreModBaseTransformer/COREMOD]: Transforming net/minecraft/world/level/biome/Biome
[13Jul2025 17:20:20.616] [main/DEBUG] [mixin/]: Mixing BiomeSourceMixin from citadel.mixins.json into net.minecraft.world.level.biome.BiomeSource
[13Jul2025 17:20:20.626] [main/DEBUG] [mixin/]: Mixing MultiNoiseBiomeSourceMixin from citadel.mixins.json into net.minecraft.world.level.biome.MultiNoiseBiomeSource
[13Jul2025 17:20:20.632] [main/DEBUG] [mixin/]: Mixing ChunkGeneratorMixin from citadel.mixins.json into net.minecraft.world.level.chunk.ChunkGenerator
[13Jul2025 17:20:20.634] [main/DEBUG] [net.minecraftforge.coremod.transformer.CoreModBaseTransformer/COREMOD]: Transforming net/minecraft/world/level/biome/Biome
[13Jul2025 17:20:20.641] [main/DEBUG] [mixin/]: Mixing NoiseBasedChunkGeneratorMixin from citadel.mixins.json into net.minecraft.world.level.levelgen.NoiseBasedChunkGenerator
[13Jul2025 17:20:20.895] [main/DEBUG] [net.minecraftforge.coremod.transformer.CoreModBaseTransformer/COREMOD]: Transforming net/minecraft/world/item/BucketItem
[13Jul2025 17:20:20.912] [main/DEBUG] [mixin/]: Mixing EnderEyeUseMixin from mixins.bosses_of_mass_destruction.json into net.minecraft.world.item.EnderEyeItem
[13Jul2025 17:20:20.981] [main/DEBUG] [net.minecraftforge.coremod.transformer.CoreModBaseTransformer/COREMOD]: Transforming net/minecraft/world/effect/MobEffectInstance
[13Jul2025 17:20:21.390] [main/DEBUG] [net.minecraftforge.common.ForgeI18n/CORE]: Loading I18N data entries: 5642
[13Jul2025 17:20:21.406] [main/DEBUG] [net.minecraftforge.fml.ModWorkManager/LOADING]: Using 4 threads for parallel mod-loading
[13Jul2025 17:20:21.413] [main/DEBUG] [net.minecraftforge.fml.javafmlmod.FMLJavaModLanguageProvider/LOADING]: Loading FMLModContainer from classloader cpw.mods.modlauncher.TransformingClassLoader@427ae189 - got cpw.mods.cl.ModuleClassLoader@4cee7fa0
[13Jul2025 17:20:21.413] [main/DEBUG] [net.minecraftforge.fml.javafmlmod.FMLModContainer/LOADING]: Creating FMLModContainer instance for net.mcreator.sonsofsins.SonsOfSinsMod
[13Jul2025 17:20:21.418] [main/DEBUG] [net.minecraftforge.fml.javafmlmod.FMLJavaModLanguageProvider/LOADING]: Loading FMLModContainer from classloader cpw.mods.modlauncher.TransformingClassLoader@427ae189 - got cpw.mods.cl.ModuleClassLoader@4cee7fa0
[13Jul2025 17:20:21.419] [main/DEBUG] [net.minecraftforge.fml.javafmlmod.FMLModContainer/LOADING]: Creating FMLModContainer instance for ht.treechop.TreeChopForge
[13Jul2025 17:20:21.420] [main/DEBUG] [net.minecraftforge.fml.javafmlmod.FMLJavaModLanguageProvider/LOADING]: Loading FMLModContainer from classloader cpw.mods.modlauncher.TransformingClassLoader@427ae189 - got cpw.mods.cl.ModuleClassLoader@4cee7fa0
[13Jul2025 17:20:21.420] [main/DEBUG] [net.minecraftforge.fml.javafmlmod.FMLModContainer/LOADING]: Creating FMLModContainer instance for net.mcreator.midnightlurker.MidnightlurkerMod
[13Jul2025 17:20:21.420] [main/DEBUG] [net.minecraftforge.fml.javafmlmod.FMLJavaModLanguageProvider/LOADING]: Loading FMLModContainer from classloader cpw.mods.modlauncher.TransformingClassLoader@427ae189 - got cpw.mods.cl.ModuleClassLoader@4cee7fa0
[13Jul2025 17:20:21.421] [main/DEBUG] [net.minecraftforge.fml.javafmlmod.FMLModContainer/LOADING]: Creating FMLModContainer instance for com.bobmowzie.mowziesmobs.MowziesMobs
[13Jul2025 17:20:21.421] [main/DEBUG] [net.minecraftforge.fml.javafmlmod.FMLJavaModLanguageProvider/LOADING]: Loading FMLModContainer from classloader cpw.mods.modlauncher.TransformingClassLoader@427ae189 - got cpw.mods.cl.ModuleClassLoader@4cee7fa0
[13Jul2025 17:20:21.421] [main/DEBUG] [net.minecraftforge.fml.javafmlmod.FMLModContainer/LOADING]: Creating FMLModContainer instance for com.mrcrayfish.guns.GunMod
[13Jul2025 17:20:21.422] [main/DEBUG] [net.minecraftforge.fml.javafmlmod.FMLJavaModLanguageProvider/LOADING]: Loading FMLModContainer from classloader cpw.mods.modlauncher.TransformingClassLoader@427ae189 - got cpw.mods.cl.ModuleClassLoader@4cee7fa0
[13Jul2025 17:20:21.422] [main/DEBUG] [net.minecraftforge.fml.javafmlmod.FMLModContainer/LOADING]: Creating FMLModContainer instance for net.xylonity.knightquest.KnightQuest
[13Jul2025 17:20:21.423] [main/DEBUG] [net.minecraftforge.fml.javafmlmod.FMLJavaModLanguageProvider/LOADING]: Loading FMLModContainer from classloader cpw.mods.modlauncher.TransformingClassLoader@427ae189 - got cpw.mods.cl.ModuleClassLoader@4cee7fa0
[13Jul2025 17:20:21.423] [main/DEBUG] [net.minecraftforge.fml.javafmlmod.FMLModContainer/LOADING]: Creating FMLModContainer instance for mezz.jei.forge.JustEnoughItems
[13Jul2025 17:20:21.423] [main/DEBUG] [net.minecraftforge.fml.javafmlmod.FMLJavaModLanguageProvider/LOADING]: Loading FMLModContainer from classloader cpw.mods.modlauncher.TransformingClassLoader@427ae189 - got cpw.mods.cl.ModuleClassLoader@4cee7fa0
[13Jul2025 17:20:21.423] [main/DEBUG] [net.minecraftforge.fml.javafmlmod.FMLModContainer/LOADING]: Creating FMLModContainer instance for com.eeeab.eeeabsmobs.EEEABMobs
[13Jul2025 17:20:21.424] [main/DEBUG] [net.minecraftforge.fml.javafmlmod.FMLJavaModLanguageProvider/LOADING]: Loading FMLModContainer from classloader cpw.mods.modlauncher.TransformingClassLoader@427ae189 - got cpw.mods.cl.ModuleClassLoader@4cee7fa0
[13Jul2025 17:20:21.424] [main/DEBUG] [net.minecraftforge.fml.javafmlmod.FMLModContainer/LOADING]: Creating FMLModContainer instance for dev.tr7zw.firstperson.FirstPersonBootstrap
[13Jul2025 17:20:21.425] [main/DEBUG] [net.minecraftforge.fml.javafmlmod.FMLJavaModLanguageProvider/LOADING]: Loading FMLModContainer from classloader cpw.mods.modlauncher.TransformingClassLoader@427ae189 - got cpw.mods.cl.ModuleClassLoader@4cee7fa0
[13Jul2025 17:20:21.425] [main/DEBUG] [net.minecraftforge.fml.javafmlmod.FMLModContainer/LOADING]: Creating FMLModContainer instance for com.finallion.graveyard.TheGraveyard
[13Jul2025 17:20:21.425] [main/DEBUG] [net.minecraftforge.fml.javafmlmod.FMLJavaModLanguageProvider/LOADING]: Loading FMLModContainer from classloader cpw.mods.modlauncher.TransformingClassLoader@427ae189 - got cpw.mods.cl.ModuleClassLoader@4cee7fa0
[13Jul2025 17:20:21.425] [main/DEBUG] [net.minecraftforge.fml.javafmlmod.FMLModContainer/LOADING]: Creating FMLModContainer instance for sshh.ebalia.thesilence.TheSilenceMod
[13Jul2025 17:20:21.426] [main/DEBUG] [net.minecraftforge.fml.javafmlmod.FMLJavaModLanguageProvider/LOADING]: Loading FMLModContainer from classloader cpw.mods.modlauncher.TransformingClassLoader@427ae189 - got cpw.mods.cl.ModuleClassLoader@4cee7fa0
[13Jul2025 17:20:21.426] [main/DEBUG] [net.minecraftforge.fml.javafmlmod.FMLModContainer/LOADING]: Creating FMLModContainer instance for net.mcreator.borninchaosv.BornInChaosV1Mod
[13Jul2025 17:20:21.427] [main/DEBUG] [net.minecraftforge.fml.javafmlmod.FMLJavaModLanguageProvider/LOADING]: Loading FMLModContainer from classloader cpw.mods.modlauncher.TransformingClassLoader@427ae189 - got cpw.mods.cl.ModuleClassLoader@4cee7fa0
[13Jul2025 17:20:21.427] [main/DEBUG] [net.minecraftforge.fml.javafmlmod.FMLModContainer/LOADING]: Creating FMLModContainer instance for com.obscuria.obscureapi.ObscureAPI
[13Jul2025 17:20:21.427] [main/DEBUG] [net.minecraftforge.fml.javafmlmod.FMLJavaModLanguageProvider/LOADING]: Loading FMLModContainer from classloader cpw.mods.modlauncher.TransformingClassLoader@427ae189 - got cpw.mods.cl.ModuleClassLoader@4cee7fa0
[13Jul2025 17:20:21.428] [main/DEBUG] [net.minecraftforge.fml.javafmlmod.FMLModContainer/LOADING]: Creating FMLModContainer instance for me.jellysquid.mods.sodium.client.SodiumClientMod
[13Jul2025 17:20:21.428] [main/DEBUG] [net.minecraftforge.fml.javafmlmod.FMLJavaModLanguageProvider/LOADING]: Loading FMLModContainer from classloader cpw.mods.modlauncher.TransformingClassLoader@427ae189 - got cpw.mods.cl.ModuleClassLoader@4cee7fa0
[13Jul2025 17:20:21.428] [main/DEBUG] [net.minecraftforge.fml.javafmlmod.FMLModContainer/LOADING]: Creating FMLModContainer instance for net.mcreator.thecuckooclock.TheCuckooClockMod
[13Jul2025 17:20:21.429] [main/DEBUG] [net.minecraftforge.fml.javafmlmod.FMLJavaModLanguageProvider/LOADING]: Loading FMLModContainer from classloader cpw.mods.modlauncher.TransformingClassLoader@427ae189 - got cpw.mods.cl.ModuleClassLoader@4cee7fa0
[13Jul2025 17:20:21.429] [main/DEBUG] [net.minecraftforge.fml.javafmlmod.FMLModContainer/LOADING]: Creating FMLModContainer instance for net.mcreator.man.ManMod
[13Jul2025 17:20:21.430] [main/DEBUG] [net.minecraftforge.fml.javafmlmod.FMLJavaModLanguageProvider/LOADING]: Loading FMLModContainer from classloader cpw.mods.modlauncher.TransformingClassLoader@427ae189 - got cpw.mods.cl.ModuleClassLoader@4cee7fa0
[13Jul2025 17:20:21.430] [main/DEBUG] [net.minecraftforge.fml.javafmlmod.FMLModContainer/LOADING]: Creating FMLModContainer instance for com.github.alexthe666.citadel.Citadel
[13Jul2025 17:20:21.431] [main/DEBUG] [net.minecraftforge.fml.javafmlmod.FMLJavaModLanguageProvider/LOADING]: Loading FMLModContainer from classloader cpw.mods.modlauncher.TransformingClassLoader@427ae189 - got cpw.mods.cl.ModuleClassLoader@4cee7fa0
[13Jul2025 17:20:21.431] [main/DEBUG] [net.minecraftforge.fml.javafmlmod.FMLModContainer/LOADING]: Creating FMLModContainer instance for com.github.alexthe666.alexsmobs.AlexsMobs
[13Jul2025 17:20:21.432] [main/DEBUG] [net.minecraftforge.fml.javafmlmod.FMLJavaModLanguageProvider/LOADING]: Loading FMLModContainer from classloader cpw.mods.modlauncher.TransformingClassLoader@427ae189 - got cpw.mods.cl.ModuleClassLoader@4cee7fa0
[13Jul2025 17:20:21.432] [main/DEBUG] [net.minecraftforge.fml.javafmlmod.FMLModContainer/LOADING]: Creating FMLModContainer instance for net.miauczel.legendary_monsters.LegendaryMonsters
[13Jul2025 17:20:21.433] [main/DEBUG] [net.minecraftforge.fml.javafmlmod.FMLJavaModLanguageProvider/LOADING]: Loading FMLModContainer from classloader cpw.mods.modlauncher.TransformingClassLoader@427ae189 - got cpw.mods.cl.ModuleClassLoader@4cee7fa0
[13Jul2025 17:20:21.433] [main/DEBUG] [net.minecraftforge.fml.javafmlmod.FMLModContainer/LOADING]: Creating FMLModContainer instance for com.llamalad7.mixinextras.platform.forge.MixinExtrasMod
[13Jul2025 17:20:21.434] [main/DEBUG] [net.minecraftforge.fml.javafmlmod.FMLJavaModLanguageProvider/LOADING]: Loading FMLModContainer from classloader cpw.mods.modlauncher.TransformingClassLoader@427ae189 - got cpw.mods.cl.ModuleClassLoader@4cee7fa0
[13Jul2025 17:20:21.434] [main/DEBUG] [net.minecraftforge.fml.javafmlmod.FMLModContainer/LOADING]: Creating FMLModContainer instance for com.focamacho.myserveriscompatible.MyServerIsCompatible
[13Jul2025 17:20:21.434] [main/DEBUG] [net.minecraftforge.fml.javafmlmod.FMLJavaModLanguageProvider/LOADING]: Loading FMLModContainer from classloader cpw.mods.modlauncher.TransformingClassLoader@427ae189 - got cpw.mods.cl.ModuleClassLoader@4cee7fa0
[13Jul2025 17:20:21.434] [main/DEBUG] [net.minecraftforge.fml.javafmlmod.FMLModContainer/LOADING]: Creating FMLModContainer instance for dev.xylonity.knightlib.KnightLib
[13Jul2025 17:20:21.435] [main/DEBUG] [net.minecraftforge.fml.javafmlmod.FMLJavaModLanguageProvider/LOADING]: Loading FMLModContainer from classloader cpw.mods.modlauncher.TransformingClassLoader@427ae189 - got cpw.mods.cl.ModuleClassLoader@4cee7fa0
[13Jul2025 17:20:21.435] [main/DEBUG] [net.minecraftforge.fml.javafmlmod.FMLModContainer/LOADING]: Creating FMLModContainer instance for com.cerbon.bosses_of_mass_destruction.BossesOfMassDestruction
[13Jul2025 17:20:21.435] [main/DEBUG] [net.minecraftforge.fml.javafmlmod.FMLJavaModLanguageProvider/LOADING]: Loading FMLModContainer from classloader cpw.mods.modlauncher.TransformingClassLoader@427ae189 - got cpw.mods.cl.ModuleClassLoader@4cee7fa0
[13Jul2025 17:20:21.435] [main/DEBUG] [net.minecraftforge.fml.javafmlmod.FMLModContainer/LOADING]: Creating FMLModContainer instance for net.stardustlabs.terralith.Terralith
[13Jul2025 17:20:21.436] [main/DEBUG] [net.minecraftforge.fml.javafmlmod.FMLJavaModLanguageProvider/LOADING]: Loading FMLModContainer from classloader cpw.mods.modlauncher.TransformingClassLoader@427ae189 - got cpw.mods.cl.ModuleClassLoader@4cee7fa0
[13Jul2025 17:20:21.436] [main/DEBUG] [net.minecraftforge.fml.javafmlmod.FMLModContainer/LOADING]: Creating FMLModContainer instance for de.keksuccino.justzoom.JustZoomForge
[13Jul2025 17:20:21.436] [main/DEBUG] [net.minecraftforge.fml.javafmlmod.FMLJavaModLanguageProvider/LOADING]: Loading FMLModContainer from classloader cpw.mods.modlauncher.TransformingClassLoader@427ae189 - got cpw.mods.cl.ModuleClassLoader@4cee7fa0
[13Jul2025 17:20:21.436] [main/DEBUG] [net.minecraftforge.fml.javafmlmod.FMLModContainer/LOADING]: Creating FMLModContainer instance for net.mcreator.theknocker.TheKnockerMod
[13Jul2025 17:20:21.437] [main/DEBUG] [net.minecraftforge.fml.javafmlmod.FMLJavaModLanguageProvider/LOADING]: Loading FMLModContainer from classloader cpw.mods.modlauncher.TransformingClassLoader@427ae189 - got cpw.mods.cl.ModuleClassLoader@4cee7fa0
[13Jul2025 17:20:21.437] [main/DEBUG] [net.minecraftforge.fml.javafmlmod.FMLModContainer/LOADING]: Creating FMLModContainer instance for com.mrcrayfish.framework.FrameworkForge
[13Jul2025 17:20:21.437] [main/DEBUG] [net.minecraftforge.fml.javafmlmod.FMLJavaModLanguageProvider/LOADING]: Loading FMLModContainer from classloader cpw.mods.modlauncher.TransformingClassLoader@427ae189 - got cpw.mods.cl.ModuleClassLoader@4cee7fa0
[13Jul2025 17:20:21.437] [main/DEBUG] [net.minecraftforge.fml.javafmlmod.FMLModContainer/LOADING]: Creating FMLModContainer instance for me.shedaniel.clothconfig.ClothConfigForge
[13Jul2025 17:20:21.437] [main/DEBUG] [net.minecraftforge.fml.javafmlmod.FMLJavaModLanguageProvider/LOADING]: Loading FMLModContainer from classloader cpw.mods.modlauncher.TransformingClassLoader@427ae189 - got cpw.mods.cl.ModuleClassLoader@4cee7fa0
[13Jul2025 17:20:21.437] [main/DEBUG] [net.minecraftforge.fml.javafmlmod.FMLModContainer/LOADING]: Creating FMLModContainer instance for com.sonicether.soundphysics.ForgeSoundPhysicsMod
[13Jul2025 17:20:21.438] [main/DEBUG] [net.minecraftforge.fml.javafmlmod.FMLJavaModLanguageProvider/LOADING]: Loading FMLModContainer from classloader cpw.mods.modlauncher.TransformingClassLoader@427ae189 - got cpw.mods.cl.ModuleClassLoader@4cee7fa0
[13Jul2025 17:20:21.438] [main/DEBUG] [net.minecraftforge.fml.javafmlmod.FMLModContainer/LOADING]: Creating FMLModContainer instance for net.minecraftforge.common.ForgeMod
[13Jul2025 17:20:21.440] [main/DEBUG] [net.minecraftforge.fml.javafmlmod.FMLJavaModLanguageProvider/LOADING]: Loading FMLModContainer from classloader cpw.mods.modlauncher.TransformingClassLoader@427ae189 - got cpw.mods.cl.ModuleClassLoader@4cee7fa0
[13Jul2025 17:20:21.440] [main/DEBUG] [net.minecraftforge.fml.javafmlmod.FMLModContainer/LOADING]: Creating FMLModContainer instance for squeek.appleskin.AppleSkin
[13Jul2025 17:20:21.441] [main/DEBUG] [net.minecraftforge.fml.javafmlmod.FMLJavaModLanguageProvider/LOADING]: Loading FMLModContainer from classloader cpw.mods.modlauncher.TransformingClassLoader@427ae189 - got cpw.mods.cl.ModuleClassLoader@4cee7fa0
[13Jul2025 17:20:21.441] [main/DEBUG] [net.minecraftforge.fml.javafmlmod.FMLModContainer/LOADING]: Creating FMLModContainer instance for org.tlauncher.forge.ForgeMod
[13Jul2025 17:20:21.441] [main/DEBUG] [net.minecraftforge.fml.javafmlmod.FMLJavaModLanguageProvider/LOADING]: Loading FMLModContainer from classloader cpw.mods.modlauncher.TransformingClassLoader@427ae189 - got cpw.mods.cl.ModuleClassLoader@4cee7fa0
[13Jul2025 17:20:21.441] [main/DEBUG] [net.minecraftforge.fml.javafmlmod.FMLModContainer/LOADING]: Creating FMLModContainer instance for de.keksuccino.konkrete.Konkrete
[13Jul2025 17:20:21.441] [main/DEBUG] [net.minecraftforge.fml.javafmlmod.FMLJavaModLanguageProvider/LOADING]: Loading FMLModContainer from classloader cpw.mods.modlauncher.TransformingClassLoader@427ae189 - got cpw.mods.cl.ModuleClassLoader@4cee7fa0
[13Jul2025 17:20:21.441] [main/DEBUG] [net.minecraftforge.fml.javafmlmod.FMLModContainer/LOADING]: Creating FMLModContainer instance for software.bernie.example.GeckoLibMod
[13Jul2025 17:20:21.442] [main/DEBUG] [net.minecraftforge.fml.javafmlmod.FMLJavaModLanguageProvider/LOADING]: Loading FMLModContainer from classloader cpw.mods.modlauncher.TransformingClassLoader@427ae189 - got cpw.mods.cl.ModuleClassLoader@4cee7fa0
[13Jul2025 17:20:21.442] [main/DEBUG] [net.minecraftforge.fml.javafmlmod.FMLModContainer/LOADING]: Creating FMLModContainer instance for de.cadentem.mokey.Mokey
[13Jul2025 17:20:21.443] [main/DEBUG] [net.minecraftforge.fml.javafmlmod.FMLJavaModLanguageProvider/LOADING]: Loading FMLModContainer from classloader cpw.mods.modlauncher.TransformingClassLoader@427ae189 - got cpw.mods.cl.ModuleClassLoader@4cee7fa0
[13Jul2025 17:20:21.443] [main/DEBUG] [net.minecraftforge.fml.javafmlmod.FMLModContainer/LOADING]: Creating FMLModContainer instance for de.cadentem.cave_dweller.CaveDweller
[13Jul2025 17:20:21.444] [main/DEBUG] [net.minecraftforge.fml.javafmlmod.FMLJavaModLanguageProvider/LOADING]: Loading FMLModContainer from classloader cpw.mods.modlauncher.TransformingClassLoader@427ae189 - got cpw.mods.cl.ModuleClassLoader@4cee7fa0
[13Jul2025 17:20:21.444] [main/DEBUG] [net.minecraftforge.fml.javafmlmod.FMLModContainer/LOADING]: Creating FMLModContainer instance for de.cadentem.irritator.Irritator
[13Jul2025 17:20:21.445] [main/DEBUG] [net.minecraftforge.fml.javafmlmod.FMLJavaModLanguageProvider/LOADING]: Loading FMLModContainer from classloader cpw.mods.modlauncher.TransformingClassLoader@427ae189 - got cpw.mods.cl.ModuleClassLoader@4cee7fa0
[13Jul2025 17:20:21.445] [main/DEBUG] [net.minecraftforge.fml.javafmlmod.FMLModContainer/LOADING]: Creating FMLModContainer instance for de.cadentem.cartoon_dweller.CartoonDweller
[13Jul2025 17:20:21.445] [main/DEBUG] [net.minecraftforge.fml.javafmlmod.FMLJavaModLanguageProvider/LOADING]: Loading FMLModContainer from classloader cpw.mods.modlauncher.TransformingClassLoader@427ae189 - got cpw.mods.cl.ModuleClassLoader@4cee7fa0
[13Jul2025 17:20:21.446] [main/DEBUG] [net.minecraftforge.fml.javafmlmod.FMLModContainer/LOADING]: Creating FMLModContainer instance for de.cadentem.sackman.SackMan
[13Jul2025 17:20:21.446] [main/DEBUG] [net.minecraftforge.fml.javafmlmod.FMLJavaModLanguageProvider/LOADING]: Loading FMLModContainer from classloader cpw.mods.modlauncher.TransformingClassLoader@427ae189 - got cpw.mods.cl.ModuleClassLoader@4cee7fa0
[13Jul2025 17:20:21.446] [main/DEBUG] [net.minecraftforge.fml.javafmlmod.FMLModContainer/LOADING]: Creating FMLModContainer instance for de.cadentem.mimicer.Mimicer
[13Jul2025 17:20:21.447] [main/DEBUG] [net.minecraftforge.fml.javafmlmod.FMLJavaModLanguageProvider/LOADING]: Loading FMLModContainer from classloader cpw.mods.modlauncher.TransformingClassLoader@427ae189 - got cpw.mods.cl.ModuleClassLoader@4cee7fa0
[13Jul2025 17:20:21.447] [main/DEBUG] [net.minecraftforge.fml.javafmlmod.FMLModContainer/LOADING]: Creating FMLModContainer instance for com.obscuria.aquamirae.Aquamirae
[13Jul2025 17:20:21.595] [modloading-worker-0/DEBUG] [net.minecraftforge.fml.config.ConfigTracker/CONFIG]: Config file treechop-common.toml for treechop tracking
[13Jul2025 17:20:21.596] [modloading-worker-0/DEBUG] [net.minecraftforge.fml.config.ConfigTracker/CONFIG]: Config file treechop-client.toml for treechop tracking
[13Jul2025 17:20:21.638] [modloading-worker-0/DEBUG] [net.minecraftforge.fml.javafmlmod.AutomaticEventSubscriber/LOADING]: Attempting to inject @EventBusSubscriber classes into the eventbus for treechop
[13Jul2025 17:20:21.643] [modloading-worker-0/DEBUG] [net.minecraftforge.fml.javafmlmod.AutomaticEventSubscriber/LOADING]: Auto-subscribing ht.treechop.server.ForgeServer to MOD
[13Jul2025 17:20:21.648] [modloading-worker-0/DEBUG] [net.minecraftforge.fml.javafmlmod.AutomaticEventSubscriber/LOADING]: Auto-subscribing ht.treechop.compat.TreeChopForgeAPITest to MOD
[13Jul2025 17:20:21.660] [modloading-worker-0/DEBUG] [net.minecraftforge.fml.javafmlmod.AutomaticEventSubscriber/LOADING]: Auto-subscribing ht.treechop.compat.TheOneProbe to MOD
[13Jul2025 17:20:21.663] [modloading-worker-0/DEBUG] [net.minecraftforge.fml.javafmlmod.AutomaticEventSubscriber/LOADING]: Auto-subscribing ht.treechop.compat.SilentGear to MOD
[13Jul2025 17:20:21.667] [modloading-worker-0/DEBUG] [net.minecraftforge.fml.javafmlmod.AutomaticEventSubscriber/LOADING]: Auto-subscribing ht.treechop.compat.ProjectMMO to MOD
[13Jul2025 17:20:21.680] [modloading-worker-0/DEBUG] [net.minecraftforge.fml.javafmlmod.AutomaticEventSubscriber/LOADING]: Auto-subscribing ht.treechop.compat.NoChopRecursion to MOD
[13Jul2025 17:20:21.680] [modloading-worker-0/DEBUG] [net.minecraftforge.fml.javafmlmod.AutomaticEventSubscriber/LOADING]: Auto-subscribing ht.treechop.compat.NoChopOnRightClick to MOD
[13Jul2025 17:20:21.681] [modloading-worker-0/DEBUG] [net.minecraftforge.fml.javafmlmod.AutomaticEventSubscriber/LOADING]: Auto-subscribing ht.treechop.compat.CarryOn to MOD
[13Jul2025 17:20:21.682] [modloading-worker-0/DEBUG] [net.minecraftforge.fml.javafmlmod.AutomaticEventSubscriber/LOADING]: Auto-subscribing ht.treechop.compat.Apotheosis to MOD
[13Jul2025 17:20:21.689] [modloading-worker-0/DEBUG] [net.minecraftforge.fml.javafmlmod.AutomaticEventSubscriber/LOADING]: Auto-subscribing ht.treechop.common.ForgeCommon to FORGE
[13Jul2025 17:20:21.754] [modloading-worker-0/DEBUG] [net.minecraftforge.fml.config.ConfigTracker/CONFIG]: Config file cgm-client.toml for cgm tracking
[13Jul2025 17:20:21.755] [modloading-worker-0/DEBUG] [net.minecraftforge.fml.config.ConfigTracker/CONFIG]: Config file cgm-common.toml for cgm tracking
[13Jul2025 17:20:21.755] [modloading-worker-0/DEBUG] [net.minecraftforge.fml.config.ConfigTracker/CONFIG]: Config file cgm-server.toml for cgm tracking
[13Jul2025 17:20:21.768] [modloading-worker-0/DEBUG] [net.minecraftforge.fml.config.ConfigTracker/CONFIG]: Config file mowziesmobs-common.toml for mowziesmobs tracking
[13Jul2025 17:20:21.838] [modloading-worker-0/DEBUG] [net.minecraftforge.fml.javafmlmod.AutomaticEventSubscriber/LOADING]: Attempting to inject @EventBusSubscriber classes into the eventbus for sons_of_sins
[13Jul2025 17:20:21.838] [modloading-worker-0/DEBUG] [net.minecraftforge.fml.javafmlmod.AutomaticEventSubscriber/LOADING]: Auto-subscribing net.mcreator.sonsofsins.procedures.WhenEntityDieProcedure to FORGE
[13Jul2025 17:20:21.840] [modloading-worker-0/DEBUG] [net.minecraftforge.fml.javafmlmod.AutomaticEventSubscriber/LOADING]: Attempting to inject @EventBusSubscriber classes into the eventbus for midnightlurker
[13Jul2025 17:20:21.840] [modloading-worker-0/DEBUG] [net.minecraftforge.fml.javafmlmod.AutomaticEventSubscriber/LOADING]: Auto-subscribing net.mcreator.midnightlurker.procedures.VoidGatewayEntityIsHurtProcedure to FORGE
[13Jul2025 17:20:21.842] [modloading-worker-0/DEBUG] [net.minecraftforge.fml.javafmlmod.AutomaticEventSubscriber/LOADING]: Auto-subscribing net.mcreator.midnightlurker.procedures.TriestosleepwhilemonstersnearProcedure to FORGE
[13Jul2025 17:20:21.847] [modloading-worker-0/DEBUG] [net.minecraftforge.fml.javafmlmod.AutomaticEventSubscriber/LOADING]: Auto-subscribing net.mcreator.sonsofsins.procedures.WhenEntityDie2Procedure to FORGE
[13Jul2025 17:20:21.855] [modloading-worker-0/DEBUG] [net.minecraftforge.fml.javafmlmod.AutomaticEventSubscriber/LOADING]: Auto-subscribing net.mcreator.sonsofsins.procedures.ShapeShiftingToolsBreakProcedure to FORGE
[13Jul2025 17:20:21.858] [modloading-worker-0/DEBUG] [net.minecraftforge.fml.javafmlmod.AutomaticEventSubscriber/LOADING]: Auto-subscribing net.mcreator.midnightlurker.procedures.ScreenShakeProcedure to FORGE
[13Jul2025 17:20:21.860] [modloading-worker-0/DEBUG] [net.minecraftforge.fml.javafmlmod.AutomaticEventSubscriber/LOADING]: Auto-subscribing net.mcreator.sonsofsins.procedures.ShapeShiftingToolChangeProcedure to FORGE
[13Jul2025 17:20:21.863] [modloading-worker-0/DEBUG] [net.minecraftforge.fml.javafmlmod.AutomaticEventSubscriber/LOADING]: Auto-subscribing net.mcreator.sonsofsins.procedures.NReach to FORGE
[13Jul2025 17:20:21.875] [modloading-worker-0/DEBUG] [net.minecraftforge.fml.javafmlmod.AutomaticEventSubscriber/LOADING]: Auto-subscribing net.mcreator.midnightlurker.procedures.PlayerHitByAggroProcedure to FORGE
[13Jul2025 17:20:21.875] [modloading-worker-0/DEBUG] [net.minecraftforge.fml.javafmlmod.AutomaticEventSubscriber/LOADING]: Auto-subscribing net.mcreator.midnightlurker.procedures.PlayerDeathProcedure to FORGE
[13Jul2025 17:20:21.878] [modloading-worker-0/DEBUG] [net.minecraftforge.fml.javafmlmod.AutomaticEventSubscriber/LOADING]: Auto-subscribing net.mcreator.sonsofsins.procedures.InstinctHurtProcedure to FORGE
[13Jul2025 17:20:21.882] [modloading-worker-0/DEBUG] [net.minecraftforge.fml.javafmlmod.AutomaticEventSubscriber/LOADING]: Attempting to inject @EventBusSubscriber classes into the eventbus for cgm
[13Jul2025 17:20:21.883] [modloading-worker-0/DEBUG] [net.minecraftforge.fml.javafmlmod.AutomaticEventSubscriber/LOADING]: Auto-subscribing com.mrcrayfish.guns.entity.ThrowableStunGrenadeEntity to FORGE
[13Jul2025 17:20:21.884] [modloading-worker-0/DEBUG] [net.minecraftforge.fml.javafmlmod.AutomaticEventSubscriber/LOADING]: Attempting to inject @EventBusSubscriber classes into the eventbus for mowziesmobs
[13Jul2025 17:20:21.885] [modloading-worker-0/DEBUG] [net.minecraftforge.fml.javafmlmod.AutomaticEventSubscriber/LOADING]: Auto-subscribing com.bobmowzie.mowziesmobs.server.sound.MMSounds to FORGE
[13Jul2025 17:20:21.885] [modloading-worker-0/DEBUG] [net.minecraftforge.fml.javafmlmod.AutomaticEventSubscriber/LOADING]: Auto-subscribing com.bobmowzie.mowziesmobs.server.item.ItemHandler to MOD
[13Jul2025 17:20:21.885] [modloading-worker-0/DEBUG] [net.minecraftforge.fml.javafmlmod.AutomaticEventSubscriber/LOADING]: Auto-subscribing net.mcreator.sonsofsins.procedures.DamageCancelPuppetProcedure to FORGE
[13Jul2025 17:20:21.886] [modloading-worker-0/DEBUG] [net.minecraftforge.fml.javafmlmod.AutomaticEventSubscriber/LOADING]: Auto-subscribing net.mcreator.sonsofsins.procedures.CreeperRibsThunderingProcedure to FORGE
[13Jul2025 17:20:21.879] [modloading-worker-0/DEBUG] [net.minecraftforge.fml.javafmlmod.AutomaticEventSubscriber/LOADING]: Auto-subscribing net.mcreator.midnightlurker.procedures.PlayerBlockingLurkernotinvulnerableProcedure to FORGE
[13Jul2025 17:20:21.889] [modloading-worker-0/DEBUG] [net.minecraftforge.fml.javafmlmod.AutomaticEventSubscriber/LOADING]: Auto-subscribing net.mcreator.midnightlurker.procedures.MidnightLurkerStareEntityIsHurtProcedure to FORGE
[13Jul2025 17:20:21.890] [modloading-worker-0/DEBUG] [net.minecraftforge.fml.javafmlmod.AutomaticEventSubscriber/LOADING]: Auto-subscribing net.mcreator.midnightlurker.procedures.MidnightLurkerShadowEyesEntityIsHurtProcedure to FORGE
[13Jul2025 17:20:21.892] [modloading-worker-0/DEBUG] [net.minecraftforge.fml.javafmlmod.AutomaticEventSubscriber/LOADING]: Auto-subscribing net.mcreator.midnightlurker.procedures.MidnightLurkerShadowEntityIsHurtProcedure to FORGE
[13Jul2025 17:20:21.892] [modloading-worker-0/DEBUG] [net.minecraftforge.fml.javafmlmod.AutomaticEventSubscriber/LOADING]: Auto-subscribing net.mcreator.sonsofsins.procedures.CancelJumpGreedProcedure to FORGE
[13Jul2025 17:20:21.893] [modloading-worker-0/DEBUG] [net.minecraftforge.fml.javafmlmod.AutomaticEventSubscriber/LOADING]: Auto-subscribing net.mcreator.midnightlurker.procedures.MidnightLurkerRuntrueEntityIsHurtProcedure to FORGE
[13Jul2025 17:20:21.894] [modloading-worker-0/DEBUG] [net.minecraftforge.fml.javafmlmod.AutomaticEventSubscriber/LOADING]: Auto-subscribing com.bobmowzie.mowziesmobs.server.inventory.ContainerHandler to MOD
[13Jul2025 17:20:21.897] [modloading-worker-0/DEBUG] [net.minecraftforge.fml.javafmlmod.AutomaticEventSubscriber/LOADING]: Auto-subscribing com.bobmowzie.mowziesmobs.server.entity.EntityHandler to MOD
[13Jul2025 17:20:21.894] [modloading-worker-0/DEBUG] [net.minecraftforge.fml.javafmlmod.AutomaticEventSubscriber/LOADING]: Auto-subscribing net.mcreator.sonsofsins.init.SonsOfSinsModRecipeTypes to MOD
[13Jul2025 17:20:21.899] [modloading-worker-0/DEBUG] [net.minecraftforge.fml.javafmlmod.AutomaticEventSubscriber/LOADING]: Auto-subscribing net.mcreator.sonsofsins.init.SonsOfSinsModGameRules to MOD
[13Jul2025 17:20:21.900] [modloading-worker-0/DEBUG] [net.minecraftforge.fml.javafmlmod.AutomaticEventSubscriber/LOADING]: Auto-subscribing net.mcreator.midnightlurker.procedures.MidnightLurkerHiderEntityIsHurtProcedure to FORGE
[13Jul2025 17:20:21.901] [modloading-worker-0/DEBUG] [net.minecraftforge.fml.javafmlmod.AutomaticEventSubscriber/LOADING]: Auto-subscribing net.mcreator.midnightlurker.procedures.MidnightLurkerFakerWatcherEntityIsHurtProcedure to FORGE
[13Jul2025 17:20:21.901] [modloading-worker-0/DEBUG] [net.minecraftforge.fml.javafmlmod.AutomaticEventSubscriber/LOADING]: Auto-subscribing com.bobmowzie.mowziesmobs.server.config.ConfigHandler to MOD
[13Jul2025 17:20:21.901] [modloading-worker-0/DEBUG] [net.minecraftforge.fml.javafmlmod.AutomaticEventSubscriber/LOADING]: Auto-subscribing com.bobmowzie.mowziesmobs.MowziesMobs to FORGE
[13Jul2025 17:20:21.902] [modloading-worker-0/DEBUG] [net.minecraftforge.fml.javafmlmod.AutomaticEventSubscriber/LOADING]: Auto-subscribing net.mcreator.midnightlurker.procedures.MidnightLurkerFakerEntityIsHurtProcedure to FORGE
[13Jul2025 17:20:21.903] [modloading-worker-0/DEBUG] [net.minecraftforge.fml.javafmlmod.AutomaticEventSubscriber/LOADING]: Auto-subscribing net.mcreator.midnightlurker.procedures.MidnightLurkerFakerAggroEntityIsHurtProcedure to FORGE
[13Jul2025 17:20:21.907] [modloading-worker-0/DEBUG] [net.minecraftforge.fml.javafmlmod.AutomaticEventSubscriber/LOADING]: Auto-subscribing net.mcreator.midnightlurker.procedures.MidnightLurkerAggressiveEntityIsHurtProcedure to FORGE
[13Jul2025 17:20:21.908] [modloading-worker-0/DEBUG] [net.minecraftforge.fml.javafmlmod.AutomaticEventSubscriber/LOADING]: Auto-subscribing net.mcreator.midnightlurker.procedures.LurkerfaceparticleprocedureProcedure to FORGE
[13Jul2025 17:20:21.912] [modloading-worker-0/DEBUG] [net.minecraftforge.fml.javafmlmod.AutomaticEventSubscriber/LOADING]: Auto-subscribing net.mcreator.midnightlurker.procedures.LurkerconfigProcedure to MOD
[13Jul2025 17:20:21.914] [modloading-worker-0/DEBUG] [net.minecraftforge.fml.javafmlmod.AutomaticEventSubscriber/LOADING]: Auto-subscribing net.mcreator.midnightlurker.procedures.JumpscareTimerProcedure to FORGE
[13Jul2025 17:20:21.920] [modloading-worker-0/DEBUG] [net.minecraftforge.fml.javafmlmod.AutomaticEventSubscriber/LOADING]: Auto-subscribing net.mcreator.midnightlurker.procedures.InsanityStageTimerProcedure to FORGE
[13Jul2025 17:20:21.923] [modloading-worker-0/DEBUG] [net.minecraftforge.fml.javafmlmod.AutomaticEventSubscriber/LOADING]: Auto-subscribing com.mrcrayfish.guns.common.SpreadTracker to FORGE
[13Jul2025 17:20:21.924] [modloading-worker-0/DEBUG] [net.minecraftforge.fml.javafmlmod.AutomaticEventSubscriber/LOADING]: Auto-subscribing com.mrcrayfish.guns.common.ReloadTracker to FORGE
[13Jul2025 17:20:21.925] [modloading-worker-0/DEBUG] [net.minecraftforge.fml.javafmlmod.AutomaticEventSubscriber/LOADING]: Auto-subscribing net.mcreator.midnightlurker.procedures.Insanitystage7Procedure to FORGE
[13Jul2025 17:20:21.927] [modloading-worker-0/DEBUG] [net.minecraftforge.fml.javafmlmod.AutomaticEventSubscriber/LOADING]: Auto-subscribing net.mcreator.midnightlurker.procedures.InsanitySleepProcedure to FORGE
[13Jul2025 17:20:21.930] [modloading-worker-0/DEBUG] [net.minecraftforge.fml.javafmlmod.AutomaticEventSubscriber/LOADING]: Auto-subscribing net.mcreator.midnightlurker.procedures.InsanityReduceProcedure to FORGE
[13Jul2025 17:20:21.929] [modloading-worker-0/DEBUG] [net.minecraftforge.fml.javafmlmod.AutomaticEventSubscriber/LOADING]: Auto-subscribing com.mrcrayfish.guns.common.NetworkGunManager to FORGE
[13Jul2025 17:20:21.931] [modloading-worker-0/DEBUG] [net.minecraftforge.fml.javafmlmod.AutomaticEventSubscriber/LOADING]: Auto-subscribing net.mcreator.sonsofsins.init.SonsOfSinsModFuels to FORGE
[13Jul2025 17:20:21.934] [modloading-worker-0/DEBUG] [net.minecraftforge.fml.javafmlmod.AutomaticEventSubscriber/LOADING]: Auto-subscribing net.mcreator.midnightlurker.procedures.InsanityoverlayrendersProcedure to FORGE
[13Jul2025 17:20:21.938] [modloading-worker-0/DEBUG] [net.minecraftforge.fml.javafmlmod.AutomaticEventSubscriber/LOADING]: Auto-subscribing net.mcreator.midnightlurker.procedures.InsanityFoodReduceProcedure to FORGE
[13Jul2025 17:20:21.939] [modloading-worker-0/DEBUG] [net.minecraftforge.fml.javafmlmod.AutomaticEventSubscriber/LOADING]: Auto-subscribing net.mcreator.sonsofsins.init.SonsOfSinsModEntities to MOD
[13Jul2025 17:20:21.941] [modloading-worker-0/DEBUG] [net.minecraftforge.fml.javafmlmod.AutomaticEventSubscriber/LOADING]: Auto-subscribing net.mcreator.midnightlurker.procedures.GetDoorRecipeSmeltProcedure to FORGE
[13Jul2025 17:20:21.944] [modloading-worker-0/DEBUG] [net.minecraftforge.fml.javafmlmod.AutomaticEventSubscriber/LOADING]: Auto-subscribing net.mcreator.midnightlurker.procedures.GetDoorRecipePickupProcedure to FORGE
[13Jul2025 17:20:21.947] [modloading-worker-0/DEBUG] [net.minecraftforge.fml.javafmlmod.AutomaticEventSubscriber/LOADING]: Auto-subscribing net.mcreator.midnightlurker.procedures.GetDoorRecipeCraftProcedure to FORGE
[13Jul2025 17:20:21.949] [modloading-worker-0/DEBUG] [net.minecraftforge.fml.config.ConfigTracker/CONFIG]: Config file jei-server.toml for jei tracking
[13Jul2025 17:20:21.950] [modloading-worker-0/DEBUG] [net.minecraftforge.fml.javafmlmod.AutomaticEventSubscriber/LOADING]: Auto-subscribing net.mcreator.midnightlurker.procedures.EncounterProcProcedure to FORGE
[13Jul2025 17:20:21.954] [modloading-worker-0/DEBUG] [net.minecraftforge.fml.javafmlmod.AutomaticEventSubscriber/LOADING]: Auto-subscribing net.mcreator.midnightlurker.procedures.DestroytexEntityIsHurtProcedure to FORGE
[13Jul2025 17:20:21.956] [modloading-worker-0/DEBUG] [net.minecraftforge.fml.javafmlmod.AutomaticEventSubscriber/LOADING]: Auto-subscribing com.mrcrayfish.guns.common.DelayedTask to FORGE
[13Jul2025 17:20:21.956] [modloading-worker-0/DEBUG] [net.minecraftforge.fml.javafmlmod.AutomaticEventSubscriber/LOADING]: Auto-subscribing net.mcreator.midnightlurker.procedures.Destroytex4EntityIsHurtProcedure to FORGE
[13Jul2025 17:20:21.958] [modloading-worker-0/DEBUG] [net.minecraftforge.fml.javafmlmod.AutomaticEventSubscriber/LOADING]: Auto-subscribing net.mcreator.midnightlurker.procedures.Destroytex3EntityIsHurtProcedure to FORGE
[13Jul2025 17:20:21.960] [modloading-worker-0/DEBUG] [net.minecraftforge.fml.javafmlmod.AutomaticEventSubscriber/LOADING]: Auto-subscribing net.mcreator.midnightlurker.procedures.Destroytex2EntityIsHurtProcedure to FORGE
[13Jul2025 17:20:21.960] [modloading-worker-0/DEBUG] [net.minecraftforge.fml.javafmlmod.AutomaticEventSubscriber/LOADING]: Auto-subscribing net.mcreator.midnightlurker.procedures.DeathJumpTimerProcedure to FORGE
[13Jul2025 17:20:21.962] [modloading-worker-0/DEBUG] [net.minecraftforge.fml.javafmlmod.AutomaticEventSubscriber/LOADING]: Auto-subscribing net.mcreator.midnightlurker.procedures.AmnesiaStageAddProcedure to FORGE
[13Jul2025 17:20:21.961] [modloading-worker-0/DEBUG] [net.minecraftforge.fml.javafmlmod.AutomaticEventSubscriber/LOADING]: Auto-subscribing com.mrcrayfish.guns.common.CustomGunLoader to FORGE
[13Jul2025 17:20:21.963] [modloading-worker-0/DEBUG] [net.minecraftforge.fml.javafmlmod.AutomaticEventSubscriber/LOADING]: Attempting to inject @EventBusSubscriber classes into the eventbus for jei
[13Jul2025 17:20:21.965] [modloading-worker-0/DEBUG] [net.minecraftforge.fml.javafmlmod.AutomaticEventSubscriber/LOADING]: Attempting to inject @EventBusSubscriber classes into the eventbus for firstperson
[13Jul2025 17:20:21.965] [modloading-worker-0/DEBUG] [net.minecraftforge.fml.javafmlmod.AutomaticEventSubscriber/LOADING]: Auto-subscribing net.mcreator.midnightlurker.procedures.AggroPotionAddTickProcedure to FORGE
[13Jul2025 17:20:21.967] [modloading-worker-0/DEBUG] [net.minecraftforge.fml.javafmlmod.AutomaticEventSubscriber/LOADING]: Auto-subscribing net.mcreator.midnightlurker.network.MidnightlurkerModVariables to MOD
[13Jul2025 17:20:21.978] [modloading-worker-0/DEBUG] [net.minecraftforge.fml.javafmlmod.AutomaticEventSubscriber/LOADING]: Auto-subscribing net.mcreator.midnightlurker.network.MidnightlurkerModVariables$PlayerVariablesProvider to FORGE
[13Jul2025 17:20:21.979] [modloading-worker-0/DEBUG] [net.minecraftforge.fml.javafmlmod.AutomaticEventSubscriber/LOADING]: Auto-subscribing net.mcreator.midnightlurker.network.MidnightlurkerModVariables$EventBusVariableHandlers to FORGE
[13Jul2025 17:20:21.990] [modloading-worker-0/DEBUG] [net.minecraftforge.fml.javafmlmod.AutomaticEventSubscriber/LOADING]: Auto-subscribing net.mcreator.midnightlurker.init.MidnightlurkerModEntities to MOD
[13Jul2025 17:20:21.999] [modloading-worker-0/DEBUG] [net.minecraftforge.fml.javafmlmod.AutomaticEventSubscriber/LOADING]: Auto-subscribing net.mcreator.midnightlurker.init.EntityAnimationFactory to FORGE
[13Jul2025 17:20:22.000] [modloading-worker-0/DEBUG] [net.minecraftforge.fml.javafmlmod.AutomaticEventSubscriber/LOADING]: Auto-subscribing net.mcreator.midnightlurker.command.Setinsanitystage6commandCommand to FORGE
[13Jul2025 17:20:22.008] [modloading-worker-0/DEBUG] [net.minecraftforge.fml.javafmlmod.AutomaticEventSubscriber/LOADING]: Auto-subscribing net.mcreator.midnightlurker.command.InsanitytimeaddCommand to FORGE
[13Jul2025 17:20:22.011] [modloading-worker-0/DEBUG] [net.minecraftforge.fml.javafmlmod.AutomaticEventSubscriber/LOADING]: Auto-subscribing net.mcreator.midnightlurker.command.InsanitythingCommand to FORGE
[13Jul2025 17:20:22.012] [modloading-worker-0/DEBUG] [net.minecraftforge.fml.javafmlmod.AutomaticEventSubscriber/LOADING]: Auto-subscribing net.mcreator.midnightlurker.command.DevOverlayCommand to FORGE
[13Jul2025 17:20:22.018] [modloading-worker-0/DEBUG] [net.minecraftforge.fml.javafmlmod.AutomaticEventSubscriber/LOADING]: Auto-subscribing net.mcreator.midnightlurker.command.DevOverlay2Command to FORGE
[13Jul2025 17:20:22.058] [modloading-worker-0/DEBUG] [net.minecraftforge.fml.config.ConfigTracker/CONFIG]: Config file knightquest.toml for knightquest tracking
[13Jul2025 17:20:22.060] [modloading-worker-0/DEBUG] [net.minecraftforge.fml.javafmlmod.AutomaticEventSubscriber/LOADING]: Attempting to inject @EventBusSubscriber classes into the eventbus for knightquest
[13Jul2025 17:20:22.060] [modloading-worker-0/DEBUG] [net.minecraftforge.fml.javafmlmod.AutomaticEventSubscriber/LOADING]: Auto-subscribing net.xylonity.knightquest.common.item.KQArmorItem$ArmorStatusManagerEvents to FORGE
[13Jul2025 17:20:22.067] [modloading-worker-0/DEBUG] [net.minecraftforge.fml.javafmlmod.AutomaticEventSubscriber/LOADING]: Auto-subscribing net.xylonity.knightquest.common.event.KQExtraEvents to FORGE
[13Jul2025 17:20:22.072] [modloading-worker-0/DEBUG] [net.minecraftforge.fml.javafmlmod.AutomaticEventSubscriber/LOADING]: Auto-subscribing net.xylonity.knightquest.common.event.KQEventRegisters to MOD
[13Jul2025 17:20:22.146] [modloading-worker-0/DEBUG] [net.minecraftforge.fml.javafmlmod.AutomaticEventSubscriber/LOADING]: Attempting to inject @EventBusSubscriber classes into the eventbus for the_silence
[13Jul2025 17:20:22.146] [modloading-worker-0/DEBUG] [net.minecraftforge.fml.javafmlmod.AutomaticEventSubscriber/LOADING]: Auto-subscribing sshh.ebalia.thesilence.world.dimension.PruebaBolsilloDimension to FORGE
[13Jul2025 17:20:22.148] [modloading-worker-0/DEBUG] [net.minecraftforge.fml.javafmlmod.AutomaticEventSubscriber/LOADING]: Auto-subscribing sshh.ebalia.thesilence.world.dimension.PruebaBolsilloDimension$DimensionSpecialEffectsHandler to MOD
[13Jul2025 17:20:22.152] [modloading-worker-0/DEBUG] [net.minecraftforge.fml.config.ConfigTracker/CONFIG]: Config file graveyard-1.19.x-common.toml for graveyard tracking
[13Jul2025 17:20:22.152] [modloading-worker-0/DEBUG] [net.minecraftforge.fml.javafmlmod.AutomaticEventSubscriber/LOADING]: Auto-subscribing sshh.ebalia.thesilence.world.dimension.PesadillaDimensionDimension to FORGE
[13Jul2025 17:20:22.153] [modloading-worker-0/DEBUG] [net.minecraftforge.fml.javafmlmod.AutomaticEventSubscriber/LOADING]: Auto-subscribing sshh.ebalia.thesilence.world.dimension.PesadillaDimensionDimension$DimensionSpecialEffectsHandler to MOD
[13Jul2025 17:20:22.153] [modloading-worker-0/DEBUG] [net.minecraftforge.fml.javafmlmod.AutomaticEventSubscriber/LOADING]: Auto-subscribing sshh.ebalia.thesilence.procedures.VolverADormirProcedure to FORGE
[13Jul2025 17:20:22.154] [modloading-worker-0/DEBUG] [net.minecraftforge.fml.javafmlmod.AutomaticEventSubscriber/LOADING]: Auto-subscribing sshh.ebalia.thesilence.procedures.VhsRightclickedOnBlockProcedure to FORGE
[13Jul2025 17:20:22.157] [modloading-worker-0/DEBUG] [net.minecraftforge.fml.javafmlmod.AutomaticEventSubscriber/LOADING]: Auto-subscribing sshh.ebalia.thesilence.procedures.TimerDormirxdProcedure to FORGE
[13Jul2025 17:20:22.158] [modloading-worker-0/DEBUG] [net.minecraftforge.fml.javafmlmod.AutomaticEventSubscriber/LOADING]: Auto-subscribing sshh.ebalia.thesilence.procedures.TiempoPrincipalProcedure to FORGE
[13Jul2025 17:20:22.160] [modloading-worker-0/DEBUG] [net.minecraftforge.fml.javafmlmod.AutomaticEventSubscriber/LOADING]: Auto-subscribing sshh.ebalia.thesilence.procedures.TiempoPrincipalCosaRealProcedure to FORGE
[13Jul2025 17:20:22.160] [modloading-worker-0/DEBUG] [net.minecraftforge.fml.javafmlmod.AutomaticEventSubscriber/LOADING]: Attempting to inject @EventBusSubscriber classes into the eventbus for graveyard
[13Jul2025 17:20:22.161] [modloading-worker-0/DEBUG] [net.minecraftforge.fml.javafmlmod.AutomaticEventSubscriber/LOADING]: Auto-subscribing com.finallion.graveyard.init.TGItems to MOD
[13Jul2025 17:20:22.161] [modloading-worker-0/DEBUG] [net.minecraftforge.fml.javafmlmod.AutomaticEventSubscriber/LOADING]: Auto-subscribing com.finallion.graveyard.init.TGEntities to MOD
[13Jul2025 17:20:22.162] [modloading-worker-0/DEBUG] [net.minecraftforge.fml.javafmlmod.AutomaticEventSubscriber/LOADING]: Auto-subscribing sshh.ebalia.thesilence.procedures.TiempoNothingProcedure to FORGE
[13Jul2025 17:20:22.165] [modloading-worker-0/DEBUG] [net.minecraftforge.fml.javafmlmod.AutomaticEventSubscriber/LOADING]: Auto-subscribing com.finallion.graveyard.events.TGServerEvents to FORGE
[13Jul2025 17:20:22.165] [modloading-worker-0/DEBUG] [net.minecraftforge.fml.javafmlmod.AutomaticEventSubscriber/LOADING]: Auto-subscribing sshh.ebalia.thesilence.procedures.TiempoEntidadProcedure to FORGE
[13Jul2025 17:20:22.166] [modloading-worker-0/DEBUG] [net.minecraftforge.fml.javafmlmod.AutomaticEventSubscriber/LOADING]: Auto-subscribing sshh.ebalia.thesilence.procedures.TiempoDoorProcedure to FORGE
[13Jul2025 17:20:22.169] [modloading-worker-0/DEBUG] [net.minecraftforge.fml.javafmlmod.AutomaticEventSubscriber/LOADING]: Auto-subscribing sshh.ebalia.thesilence.procedures.TiempoCosaProcedure to FORGE
[13Jul2025 17:20:22.170] [modloading-worker-0/DEBUG] [net.minecraftforge.fml.javafmlmod.AutomaticEventSubscriber/LOADING]: Auto-subscribing sshh.ebalia.thesilence.procedures.SustoRapidoCosaProcedure to FORGE
[13Jul2025 17:20:22.170] [modloading-worker-0/DEBUG] [net.minecraftforge.fml.javafmlmod.AutomaticEventSubscriber/LOADING]: Auto-subscribing sshh.ebalia.thesilence.procedures.SustoRapidoAparecerProcedure to FORGE
[13Jul2025 17:20:22.171] [modloading-worker-0/DEBUG] [net.minecraftforge.fml.javafmlmod.AutomaticEventSubscriber/LOADING]: Auto-subscribing sshh.ebalia.thesilence.procedures.SustoLaCosaRealRandomProcedure to FORGE
[13Jul2025 17:20:22.175] [modloading-worker-0/DEBUG] [net.minecraftforge.fml.javafmlmod.AutomaticEventSubscriber/LOADING]: Auto-subscribing sshh.ebalia.thesilence.procedures.SustoCosaRapidoProcedure to FORGE
[13Jul2025 17:20:22.176] [modloading-worker-0/DEBUG] [net.minecraftforge.fml.javafmlmod.AutomaticEventSubscriber/LOADING]: Auto-subscribing sshh.ebalia.thesilence.procedures.SustoCosaRandomProcedure to FORGE
[13Jul2025 17:20:22.177] [modloading-worker-0/DEBUG] [net.minecraftforge.fml.javafmlmod.AutomaticEventSubscriber/LOADING]: Auto-subscribing sshh.ebalia.thesilence.procedures.SpawneoNothingPlayingProcedure to FORGE
[13Jul2025 17:20:22.179] [modloading-worker-0/ERROR] [net.minecraftforge.eventbus.EventSubclassTransformer/EVENTBUS]: Could not find parent net/minecraft/client/renderer/entity/layers/RenderLayer for class com/obscuria/obscureapi/client/renderer/PatreonLayer in classloader cpw.mods.modlauncher.TransformingClassLoader@427ae189 on thread Thread[modloading-worker-0,5,main]
[13Jul2025 17:20:22.181] [modloading-worker-0/DEBUG] [net.minecraftforge.fml.javafmlmod.AutomaticEventSubscriber/LOADING]: Auto-subscribing sshh.ebalia.thesilence.procedures.SonidoAmbientalProcedure to FORGE
[13Jul2025 17:20:22.184] [modloading-worker-0/DEBUG] [net.minecraftforge.fml.javafmlmod.AutomaticEventSubscriber/LOADING]: Auto-subscribing sshh.ebalia.thesilence.procedures.ShadersSonidoProcedure to FORGE
[13Jul2025 17:20:22.179] [modloading-worker-0/ERROR] [net.minecraftforge.eventbus.EventSubclassTransformer/EVENTBUS]: An error occurred building event handler
java.lang.ClassNotFoundException: net.minecraft.client.renderer.entity.layers.RenderLayer
	at cpw.mods.cl.ModuleClassLoader.loadClass(ModuleClassLoader.java:141) ~[securejarhandler-2.1.4.jar:?]
	at java.lang.ClassLoader.loadClass(ClassLoader.java:525) ~[?:?]
	at net.minecraftforge.eventbus.EventSubclassTransformer.buildEvents(EventSubclassTransformer.java:92) ~[eventbus-6.0.3.jar%2351!/:?]
	at net.minecraftforge.eventbus.EventSubclassTransformer.transform(EventSubclassTransformer.java:44) ~[eventbus-6.0.3.jar%2351!/:?]
	at net.minecraftforge.eventbus.EventBusEngine.processClass(EventBusEngine.java:26) ~[eventbus-6.0.3.jar%2351!/:?]
	at net.minecraftforge.eventbus.service.ModLauncherService.processClassWithFlags(ModLauncherService.java:32) ~[eventbus-6.0.3.jar%2351!/:6.0.3+6.0.3+master.039e4ea9]
	at cpw.mods.modlauncher.LaunchPluginHandler.offerClassNodeToPlugins(LaunchPluginHandler.java:88) ~[modlauncher-10.0.8.jar%2354!/:?]
	at cpw.mods.modlauncher.ClassTransformer.transform(ClassTransformer.java:120) ~[modlauncher-10.0.8.jar%2354!/:?]
	at cpw.mods.modlauncher.TransformingClassLoader.maybeTransformClassBytes(TransformingClassLoader.java:50) ~[modlauncher-10.0.8.jar%2354!/:?]
	at cpw.mods.cl.ModuleClassLoader.readerToClass(ModuleClassLoader.java:113) ~[securejarhandler-2.1.4.jar:?]
	at cpw.mods.cl.ModuleClassLoader.lambda$findClass$15(ModuleClassLoader.java:219) ~[securejarhandler-2.1.4.jar:?]
	at cpw.mods.cl.ModuleClassLoader.loadFromModule(ModuleClassLoader.java:229) ~[securejarhandler-2.1.4.jar:?]
	at cpw.mods.cl.ModuleClassLoader.findClass(ModuleClassLoader.java:219) ~[securejarhandler-2.1.4.jar:?]
	at cpw.mods.cl.ModuleClassLoader.loadClass(ModuleClassLoader.java:135) ~[securejarhandler-2.1.4.jar:?]
	at java.lang.ClassLoader.loadClass(ClassLoader.java:525) ~[?:?]
	at java.lang.ClassLoader.defineClass0(Native Method) ~[?:?]
	at java.lang.System$2.defineClass(System.java:2324) ~[?:?]
	at java.lang.invoke.MethodHandles$Lookup$ClassDefiner.defineClass(MethodHandles.java:2439) ~[?:?]
	at java.lang.invoke.MethodHandles$Lookup$ClassDefiner.defineClassAsLookup(MethodHandles.java:2420) ~[?:?]
	at java.lang.invoke.MethodHandles$Lookup.defineHiddenClass(MethodHandles.java:2127) ~[?:?]
	at java.lang.invoke.InnerClassLambdaMetafactory.generateInnerClass(InnerClassLambdaMetafactory.java:407) ~[?:?]
	at java.lang.invoke.InnerClassLambdaMetafactory.spinInnerClass(InnerClassLambdaMetafactory.java:315) ~[?:?]
	at java.lang.invoke.InnerClassLambdaMetafactory.buildCallSite(InnerClassLambdaMetafactory.java:228) ~[?:?]
	at java.lang.invoke.LambdaMetafactory.metafactory(LambdaMetafactory.java:341) ~[?:?]
	at java.lang.invoke.BootstrapMethodInvoker.invoke(BootstrapMethodInvoker.java:134) ~[?:?]
	at java.lang.invoke.CallSite.makeSite(CallSite.java:315) ~[?:?]
	at java.lang.invoke.MethodHandleNatives.linkCallSiteImpl(MethodHandleNatives.java:281) ~[?:?]
	at java.lang.invoke.MethodHandleNatives.linkCallSite(MethodHandleNatives.java:271) ~[?:?]
	at com.obscuria.obscureapi.client.renderer.PatreonLayer$Mode.<clinit>(PatreonLayer.java:55) ~[obscure_api-15.jar%23163!/:15]
	at com.obscuria.obscureapi.ObscureAPIConfig$Client.<clinit>(ObscureAPIConfig.java:26) ~[obscure_api-15.jar%23163!/:15]
	at com.obscuria.obscureapi.ObscureAPIConfig.register(ObscureAPIConfig.java:42) ~[obscure_api-15.jar%23163!/:15]
	at com.obscuria.obscureapi.ObscureAPI.<init>(ObscureAPI.java:68) ~[obscure_api-15.jar%23163!/:15]
	at jdk.internal.reflect.NativeConstructorAccessorImpl.newInstance0(Native Method) ~[?:?]
	at jdk.internal.reflect.NativeConstructorAccessorImpl.newInstance(NativeConstructorAccessorImpl.java:77) ~[?:?]
	at jdk.internal.reflect.DelegatingConstructorAccessorImpl.newInstance(DelegatingConstructorAccessorImpl.java:45) ~[?:?]
	at java.lang.reflect.Constructor.newInstanceWithCaller(Constructor.java:500) ~[?:?]
	at java.lang.reflect.Constructor.newInstance(Constructor.java:481) ~[?:?]
	at net.minecraftforge.fml.javafmlmod.FMLModContainer.constructMod(FMLModContainer.java:70) ~[javafmllanguage-1.19.2-43.4.2.jar%23179!/:?]
	at net.minecraftforge.fml.ModContainer.lambda$buildTransitionHandler$4(ModContainer.java:122) ~[fmlcore-1.19.2-43.4.2.jar%23178!/:?]
	at java.util.concurrent.CompletableFuture$AsyncRun.run(CompletableFuture.java:1804) [?:?]
	at java.util.concurrent.CompletableFuture$AsyncRun.exec(CompletableFuture.java:1796) [?:?]
	at java.util.concurrent.ForkJoinTask.doExec(ForkJoinTask.java:373) [?:?]
	at java.util.concurrent.ForkJoinPool$WorkQueue.topLevelExec(ForkJoinPool.java:1182) [?:?]
	at java.util.concurrent.ForkJoinPool.scan(ForkJoinPool.java:1655) [?:?]
	at java.util.concurrent.ForkJoinPool.runWorker(ForkJoinPool.java:1622) [?:?]
	at java.util.concurrent.ForkJoinWorkerThread.run(ForkJoinWorkerThread.java:165) [?:?]
[13Jul2025 17:20:22.185] [modloading-worker-0/ERROR] [net.minecraftforge.fml.loading.RuntimeDistCleaner/DISTXFORM]: Attempted to load class com/obscuria/obscureapi/client/renderer/PatreonLayer for invalid dist DEDICATED_SERVER
[13Jul2025 17:20:22.189] [modloading-worker-0/DEBUG] [net.minecraftforge.fml.config.ConfigTracker/CONFIG]: Config file Obscuria/obscure-api-client.toml for obscure_api tracking
[13Jul2025 17:20:22.189] [modloading-worker-0/DEBUG] [net.minecraftforge.fml.javafmlmod.AutomaticEventSubscriber/LOADING]: Auto-subscribing sshh.ebalia.thesilence.procedures.ShadersProcedure to FORGE
[13Jul2025 17:20:22.191] [modloading-worker-0/DEBUG] [net.minecraftforge.fml.javafmlmod.AutomaticEventSubscriber/LOADING]: Auto-subscribing sshh.ebalia.thesilence.procedures.ShadersPrincipalProcedure to FORGE
[13Jul2025 17:20:22.192] [modloading-worker-0/DEBUG] [net.minecraftforge.fml.javafmlmod.AutomaticEventSubscriber/LOADING]: Auto-subscribing sshh.ebalia.thesilence.procedures.ShadersLeveScreamerProcedure to FORGE
[13Jul2025 17:20:22.193] [modloading-worker-0/DEBUG] [net.minecraftforge.fml.javafmlmod.AutomaticEventSubscriber/LOADING]: Auto-subscribing sshh.ebalia.thesilence.procedures.Shaders2Procedure to FORGE
[13Jul2025 17:20:22.198] [modloading-worker-0/DEBUG] [net.minecraftforge.fml.javafmlmod.AutomaticEventSubscriber/LOADING]: Auto-subscribing sshh.ebalia.thesilence.procedures.ShaderDimensionProcedure to FORGE
[13Jul2025 17:20:22.208] [modloading-worker-0/DEBUG] [net.minecraftforge.fml.javafmlmod.AutomaticEventSubscriber/LOADING]: Auto-subscribing sshh.ebalia.thesilence.procedures.SeguirCaminoProcedure to FORGE
[13Jul2025 17:20:22.209] [modloading-worker-0/DEBUG] [net.minecraftforge.fml.javafmlmod.AutomaticEventSubscriber/LOADING]: Auto-subscribing sshh.ebalia.thesilence.procedures.QuedarseQuieto2Procedure to FORGE
[13Jul2025 17:20:22.210] [modloading-worker-0/DEBUG] [net.minecraftforge.fml.javafmlmod.AutomaticEventSubscriber/LOADING]: Auto-subscribing sshh.ebalia.thesilence.procedures.PruebaBolsilloPlayerEntersDimensionProcedure to FORGE
[13Jul2025 17:20:22.211] [modloading-worker-0/DEBUG] [net.minecraftforge.fml.javafmlmod.AutomaticEventSubscriber/LOADING]: Auto-subscribing sshh.ebalia.thesilence.procedures.Prueba2Procedure to FORGE
[13Jul2025 17:20:22.215] [modloading-worker-0/DEBUG] [net.minecraftforge.fml.javafmlmod.AutomaticEventSubscriber/LOADING]: Auto-subscribing sshh.ebalia.thesilence.procedures.PerseguirTheCosaProcedure to FORGE
[13Jul2025 17:20:22.216] [modloading-worker-0/DEBUG] [net.minecraftforge.fml.javafmlmod.AutomaticEventSubscriber/LOADING]: Auto-subscribing sshh.ebalia.thesilence.procedures.NothingPlayingMetrosProcedure to FORGE
[13Jul2025 17:20:22.221] [modloading-worker-0/DEBUG] [net.minecraftforge.fml.javafmlmod.AutomaticEventSubscriber/LOADING]: Auto-subscribing sshh.ebalia.thesilence.procedures.JugadorSonidoMuereProcedure to FORGE
[13Jul2025 17:20:22.229] [modloading-worker-0/DEBUG] [net.minecraftforge.fml.javafmlmod.AutomaticEventSubscriber/LOADING]: Auto-subscribing sshh.ebalia.thesilence.procedures.EvitarSpamProcedure to FORGE
[13Jul2025 17:20:22.232] [modloading-worker-0/DEBUG] [net.minecraftforge.fml.javafmlmod.AutomaticEventSubscriber/LOADING]: Auto-subscribing sshh.ebalia.thesilence.procedures.ColisionJugadorProcedure to FORGE
[13Jul2025 17:20:22.232] [modloading-worker-0/DEBUG] [net.minecraftforge.fml.javafmlmod.AutomaticEventSubscriber/LOADING]: Attempting to inject @EventBusSubscriber classes into the eventbus for obscure_api
[13Jul2025 17:20:22.233] [modloading-worker-0/DEBUG] [net.minecraftforge.fml.javafmlmod.AutomaticEventSubscriber/LOADING]: Auto-subscribing com.obscuria.obscureapi.registry.ObscureAPICommands to FORGE
[13Jul2025 17:20:22.235] [modloading-worker-0/DEBUG] [net.minecraftforge.fml.javafmlmod.AutomaticEventSubscriber/LOADING]: Auto-subscribing sshh.ebalia.thesilence.procedures.BloqueProyectorProjectileHitsLivingEntityProcedure to FORGE
[13Jul2025 17:20:22.237] [modloading-worker-0/DEBUG] [net.minecraftforge.fml.javafmlmod.AutomaticEventSubscriber/LOADING]: Auto-subscribing sshh.ebalia.thesilence.procedures.BloqueProyectorProjectileHitsBlockProcedure to FORGE
[13Jul2025 17:20:22.238] [modloading-worker-0/DEBUG] [net.minecraftforge.fml.javafmlmod.AutomaticEventSubscriber/LOADING]: Auto-subscribing sshh.ebalia.thesilence.procedures.AparicionScreamerCosaProcedure to FORGE
[13Jul2025 17:20:22.240] [modloading-worker-0/DEBUG] [net.minecraftforge.fml.javafmlmod.AutomaticEventSubscriber/LOADING]: Auto-subscribing sshh.ebalia.thesilence.procedures.AparicionCosa2Procedure to FORGE
[13Jul2025 17:20:22.241] [modloading-worker-0/DEBUG] [net.minecraftforge.fml.config.ConfigTracker/CONFIG]: Config file eeeabsmobs-common.toml for eeeabsmobs tracking
[13Jul2025 17:20:22.243] [modloading-worker-0/DEBUG] [net.minecraftforge.fml.javafmlmod.AutomaticEventSubscriber/LOADING]: Auto-subscribing sshh.ebalia.thesilence.procedures.Aliniciarmundo3Procedure to FORGE
[13Jul2025 17:20:22.244] [modloading-worker-0/DEBUG] [net.minecraftforge.fml.javafmlmod.AutomaticEventSubscriber/LOADING]: Auto-subscribing com.obscuria.obscureapi.network.ReloadMessage to MOD
[13Jul2025 17:20:22.245] [modloading-worker-0/DEBUG] [net.minecraftforge.fml.javafmlmod.AutomaticEventSubscriber/LOADING]: Auto-subscribing sshh.ebalia.thesilence.procedures.AlinicarmundoGUI2Procedure to FORGE
[13Jul2025 17:20:22.249] [modloading-worker-0/DEBUG] [net.minecraftforge.fml.javafmlmod.AutomaticEventSubscriber/LOADING]: Auto-subscribing sshh.ebalia.thesilence.procedures.AlertaMoverseProcedure to FORGE
[13Jul2025 17:20:22.252] [modloading-worker-0/DEBUG] [net.minecraftforge.fml.javafmlmod.AutomaticEventSubscriber/LOADING]: Auto-subscribing sshh.ebalia.thesilence.procedures.AlDormirProcedure to FORGE
[13Jul2025 17:20:22.247] [modloading-worker-0/DEBUG] [net.minecraftforge.fml.javafmlmod.AutomaticEventSubscriber/LOADING]: Attempting to inject @EventBusSubscriber classes into the eventbus for eeeabsmobs
[13Jul2025 17:20:22.246] [modloading-worker-0/DEBUG] [net.minecraftforge.fml.javafmlmod.AutomaticEventSubscriber/LOADING]: Auto-subscribing com.obscuria.obscureapi.network.PlayerDataCapability to MOD
[13Jul2025 17:20:22.253] [modloading-worker-0/DEBUG] [net.minecraftforge.fml.javafmlmod.AutomaticEventSubscriber/LOADING]: Auto-subscribing com.eeeab.eeeabsmobs.sever.world.datagen.DataGenerators to MOD
[13Jul2025 17:20:22.256] [modloading-worker-0/DEBUG] [net.minecraftforge.fml.javafmlmod.AutomaticEventSubscriber/LOADING]: Auto-subscribing com.eeeab.eeeabsmobs.sever.init.EntityInit to MOD
[13Jul2025 17:20:22.256] [modloading-worker-0/DEBUG] [net.minecraftforge.fml.javafmlmod.AutomaticEventSubscriber/LOADING]: Auto-subscribing com.obscuria.obscureapi.network.PlayerDataCapability$PlayerDataProvider to FORGE
[13Jul2025 17:20:22.258] [modloading-worker-0/DEBUG] [net.minecraftforge.fml.javafmlmod.AutomaticEventSubscriber/LOADING]: Auto-subscribing com.eeeab.eeeabsmobs.sever.config.EMConfigHandler to MOD
[13Jul2025 17:20:22.258] [modloading-worker-0/DEBUG] [net.minecraftforge.fml.javafmlmod.AutomaticEventSubscriber/LOADING]: Auto-subscribing com.obscuria.obscureapi.network.PlayerDataCapability$EventBusHandlers to FORGE
[13Jul2025 17:20:22.259] [modloading-worker-0/DEBUG] [net.minecraftforge.fml.javafmlmod.AutomaticEventSubscriber/LOADING]: Auto-subscribing sshh.ebalia.thesilence.procedures.AlAbrirPuertaProcedure to FORGE
[13Jul2025 17:20:22.260] [modloading-worker-0/DEBUG] [net.minecraftforge.fml.javafmlmod.AutomaticEventSubscriber/LOADING]: Auto-subscribing com.obscuria.obscureapi.network.AnimationStopMessage to MOD
[13Jul2025 17:20:22.261] [modloading-worker-0/DEBUG] [net.minecraftforge.fml.javafmlmod.AutomaticEventSubscriber/LOADING]: Auto-subscribing com.obscuria.obscureapi.network.AnimationPlayMessage to MOD
[13Jul2025 17:20:22.258] [modloading-worker-0/DEBUG] [net.minecraftforge.fml.javafmlmod.AutomaticEventSubscriber/LOADING]: Auto-subscribing com.eeeab.eeeabsmobs.EEEABMobs to FORGE
[13Jul2025 17:20:22.263] [modloading-worker-0/DEBUG] [net.minecraftforge.fml.javafmlmod.AutomaticEventSubscriber/LOADING]: Auto-subscribing sshh.ebalia.thesilence.procedures.AguaJugadorProcedure to FORGE
[13Jul2025 17:20:22.270] [modloading-worker-0/DEBUG] [net.minecraftforge.fml.javafmlmod.AutomaticEventSubscriber/LOADING]: Auto-subscribing sshh.ebalia.thesilence.network.TheSilenceModVariables to MOD
[13Jul2025 17:20:22.273] [modloading-worker-0/DEBUG] [net.minecraftforge.fml.javafmlmod.AutomaticEventSubscriber/LOADING]: Attempting to inject @EventBusSubscriber classes into the eventbus for rubidium
[13Jul2025 17:20:22.274] [modloading-worker-0/DEBUG] [net.minecraftforge.fml.javafmlmod.AutomaticEventSubscriber/LOADING]: Auto-subscribing sshh.ebalia.thesilence.network.TheSilenceModVariables$PlayerVariablesProvider to FORGE
[13Jul2025 17:20:22.278] [modloading-worker-0/DEBUG] [net.minecraftforge.fml.javafmlmod.AutomaticEventSubscriber/LOADING]: Auto-subscribing sshh.ebalia.thesilence.network.TheSilenceModVariables$EventBusVariableHandlers to FORGE
[13Jul2025 17:20:22.287] [modloading-worker-0/DEBUG] [net.minecraftforge.fml.javafmlmod.AutomaticEventSubscriber/LOADING]: Auto-subscribing sshh.ebalia.thesilence.network.AliniciarmundoVerButtonMessage to MOD
[13Jul2025 17:20:22.290] [modloading-worker-0/DEBUG] [net.minecraftforge.fml.javafmlmod.AutomaticEventSubscriber/LOADING]: Auto-subscribing sshh.ebalia.thesilence.init.TheSilenceModVillagerProfessions to MOD
[13Jul2025 17:20:22.291] [modloading-worker-0/DEBUG] [net.minecraftforge.fml.javafmlmod.AutomaticEventSubscriber/LOADING]: Auto-subscribing sshh.ebalia.thesilence.init.TheSilenceModTrades to FORGE
[13Jul2025 17:20:22.294] [modloading-worker-0/DEBUG] [net.minecraftforge.fml.javafmlmod.AutomaticEventSubscriber/LOADING]: Attempting to inject @EventBusSubscriber classes into the eventbus for the_cuckoo_clock
[13Jul2025 17:20:22.294] [modloading-worker-0/DEBUG] [net.minecraftforge.fml.javafmlmod.AutomaticEventSubscriber/LOADING]: Auto-subscribing net.mcreator.thecuckooclock.procedures.LookingAtCuckooClockProcedure to FORGE
[13Jul2025 17:20:22.296] [modloading-worker-0/DEBUG] [net.minecraftforge.fml.javafmlmod.AutomaticEventSubscriber/LOADING]: Auto-subscribing net.mcreator.thecuckooclock.procedures.CuckooClockJumpscareAngerProcedure to FORGE
[13Jul2025 17:20:22.295] [modloading-worker-0/DEBUG] [net.minecraftforge.fml.javafmlmod.AutomaticEventSubscriber/LOADING]: Auto-subscribing sshh.ebalia.thesilence.init.TheSilenceModEntities to MOD
[13Jul2025 17:20:22.300] [modloading-worker-0/DEBUG] [net.minecraftforge.fml.javafmlmod.AutomaticEventSubscriber/LOADING]: Auto-subscribing net.mcreator.thecuckooclock.init.TheCuckooClockModGameRules to MOD
[13Jul2025 17:20:22.301] [modloading-worker-0/DEBUG] [net.minecraftforge.fml.javafmlmod.AutomaticEventSubscriber/LOADING]: Auto-subscribing net.mcreator.thecuckooclock.init.TheCuckooClockModEntities to MOD
[13Jul2025 17:20:22.301] [modloading-worker-0/DEBUG] [net.minecraftforge.fml.javafmlmod.AutomaticEventSubscriber/LOADING]: Auto-subscribing net.mcreator.thecuckooclock.init.EntityAnimationFactory to FORGE
[13Jul2025 17:20:22.302] [modloading-worker-0/DEBUG] [net.minecraftforge.fml.javafmlmod.AutomaticEventSubscriber/LOADING]: Auto-subscribing sshh.ebalia.thesilence.init.EntityAnimationFactory to FORGE
[13Jul2025 17:20:22.303] [modloading-worker-0/DEBUG] [net.minecraftforge.fml.javafmlmod.AutomaticEventSubscriber/LOADING]: Auto-subscribing sshh.ebalia.thesilence.block.listener.ClientListener to MOD
[13Jul2025 17:20:22.324] [modloading-worker-0/DEBUG] [net.minecraftforge.fml.javafmlmod.AutomaticEventSubscriber/LOADING]: Attempting to inject @EventBusSubscriber classes into the eventbus for man
[13Jul2025 17:20:22.327] [modloading-worker-0/DEBUG] [net.minecraftforge.fml.javafmlmod.AutomaticEventSubscriber/LOADING]: Auto-subscribing net.mcreator.man.world.dimension.HalucinationDimension to FORGE
[13Jul2025 17:20:22.328] [modloading-worker-0/DEBUG] [net.minecraftforge.fml.javafmlmod.AutomaticEventSubscriber/LOADING]: Auto-subscribing net.mcreator.man.world.dimension.HalucinationDimension$Fixers to MOD
[13Jul2025 17:20:22.328] [modloading-worker-0/DEBUG] [net.minecraftforge.fml.javafmlmod.AutomaticEventSubscriber/LOADING]: Auto-subscribing net.mcreator.man.procedures.TimerglobalProcedure to FORGE
[13Jul2025 17:20:22.337] [modloading-worker-0/DEBUG] [net.minecraftforge.fml.config.ConfigTracker/CONFIG]: Config file citadel-common.toml for citadel tracking
[13Jul2025 17:20:22.338] [modloading-worker-0/DEBUG] [net.minecraftforge.fml.javafmlmod.AutomaticEventSubscriber/LOADING]: Auto-subscribing net.mcreator.man.procedures.ShaderProcedure to FORGE
[13Jul2025 17:20:22.339] [modloading-worker-0/DEBUG] [net.minecraftforge.fml.javafmlmod.AutomaticEventSubscriber/LOADING]: Auto-subscribing net.mcreator.man.procedures.SanitymultiplierProcedure to FORGE
[13Jul2025 17:20:22.344] [modloading-worker-0/DEBUG] [net.minecraftforge.fml.javafmlmod.AutomaticEventSubscriber/LOADING]: Auto-subscribing net.mcreator.man.procedures.RitualenterProcedure to FORGE
[13Jul2025 17:20:22.345] [modloading-worker-0/DEBUG] [net.minecraftforge.fml.javafmlmod.AutomaticEventSubscriber/LOADING]: Auto-subscribing net.mcreator.man.procedures.NosleepProcedure to FORGE
[13Jul2025 17:20:22.346] [modloading-worker-0/DEBUG] [net.minecraftforge.fml.javafmlmod.AutomaticEventSubscriber/LOADING]: Auto-subscribing net.mcreator.man.procedures.NewworldProcedure to FORGE
[13Jul2025 17:20:22.346] [modloading-worker-0/DEBUG] [net.minecraftforge.fml.javafmlmod.AutomaticEventSubscriber/LOADING]: Attempting to inject @EventBusSubscriber classes into the eventbus for citadel
[13Jul2025 17:20:22.349] [modloading-worker-0/DEBUG] [net.minecraftforge.fml.javafmlmod.AutomaticEventSubscriber/LOADING]: Auto-subscribing com.github.alexthe666.citadel.ServerProxy to MOD
[13Jul2025 17:20:22.350] [modloading-worker-0/DEBUG] [net.minecraftforge.fml.javafmlmod.AutomaticEventSubscriber/LOADING]: Auto-subscribing net.mcreator.man.procedures.ManaggresiveOnInitialEntitySpawnProcedure to FORGE
[13Jul2025 17:20:22.351] [modloading-worker-0/DEBUG] [net.minecraftforge.fml.javafmlmod.AutomaticEventSubscriber/LOADING]: Auto-subscribing net.mcreator.man.procedures.LookProcedure to FORGE
[13Jul2025 17:20:22.354] [modloading-worker-0/DEBUG] [net.minecraftforge.fml.javafmlmod.AutomaticEventSubscriber/LOADING]: Auto-subscribing net.mcreator.man.procedures.JumpscareoverlayProcedure to FORGE
[13Jul2025 17:20:22.355] [modloading-worker-0/DEBUG] [net.minecraftforge.fml.javafmlmod.AutomaticEventSubscriber/LOADING]: Auto-subscribing net.mcreator.man.procedures.JumpscareoverlayingameProcedure to FORGE
[13Jul2025 17:20:22.356] [modloading-worker-0/DEBUG] [net.minecraftforge.fml.javafmlmod.AutomaticEventSubscriber/LOADING]: Auto-subscribing net.mcreator.man.procedures.Jumpscareoverlayig2Procedure to FORGE
[13Jul2025 17:20:22.357] [modloading-worker-0/DEBUG] [net.minecraftforge.fml.javafmlmod.AutomaticEventSubscriber/LOADING]: Auto-subscribing net.mcreator.man.procedures.JumpscareDisplayOverlayIngameProcedure to FORGE
[13Jul2025 17:20:22.359] [modloading-worker-0/DEBUG] [net.minecraftforge.fml.javafmlmod.AutomaticEventSubscriber/LOADING]: Auto-subscribing net.mcreator.man.procedures.ForesteffectProcedure to FORGE
[13Jul2025 17:20:22.362] [modloading-worker-0/DEBUG] [net.minecraftforge.fml.javafmlmod.AutomaticEventSubscriber/LOADING]: Auto-subscribing net.mcreator.man.procedures.FakemanbacklookProcedure to FORGE
[13Jul2025 17:20:22.363] [modloading-worker-0/DEBUG] [net.minecraftforge.fml.javafmlmod.AutomaticEventSubscriber/LOADING]: Auto-subscribing net.mcreator.man.procedures.CancelplacebedProcedure to FORGE
[13Jul2025 17:20:22.367] [modloading-worker-0/DEBUG] [net.minecraftforge.fml.javafmlmod.AutomaticEventSubscriber/LOADING]: Auto-subscribing net.mcreator.man.procedures.BedhalucinationProcedure to FORGE
[13Jul2025 17:20:22.368] [modloading-worker-0/DEBUG] [net.minecraftforge.fml.javafmlmod.AutomaticEventSubscriber/LOADING]: Auto-subscribing net.mcreator.man.procedures.BedclickedProcedure to FORGE
[13Jul2025 17:20:22.370] [modloading-worker-0/DEBUG] [net.minecraftforge.fml.javafmlmod.AutomaticEventSubscriber/LOADING]: Auto-subscribing net.mcreator.man.network.ManModVariables to MOD
[13Jul2025 17:20:22.374] [modloading-worker-0/DEBUG] [net.minecraftforge.fml.javafmlmod.AutomaticEventSubscriber/LOADING]: Auto-subscribing net.mcreator.man.network.ManModVariables$PlayerVariablesProvider to FORGE
[13Jul2025 17:20:22.375] [modloading-worker-0/DEBUG] [net.minecraftforge.fml.javafmlmod.AutomaticEventSubscriber/LOADING]: Auto-subscribing net.mcreator.man.network.ManModVariables$EventBusVariableHandlers to FORGE
[13Jul2025 17:20:22.380] [modloading-worker-0/DEBUG] [net.minecraftforge.fml.javafmlmod.AutomaticEventSubscriber/LOADING]: Auto-subscribing net.mcreator.man.network.CassetteplayerButtonMessage to MOD
[13Jul2025 17:20:22.381] [modloading-worker-0/DEBUG] [net.minecraftforge.fml.javafmlmod.AutomaticEventSubscriber/LOADING]: Auto-subscribing net.mcreator.man.init.ManModVillagerProfessions to MOD
[13Jul2025 17:20:22.383] [modloading-worker-0/DEBUG] [net.minecraftforge.fml.javafmlmod.AutomaticEventSubscriber/LOADING]: Auto-subscribing net.mcreator.man.init.ManModTrades to FORGE
[13Jul2025 17:20:22.384] [modloading-worker-0/DEBUG] [net.minecraftforge.fml.javafmlmod.AutomaticEventSubscriber/LOADING]: Auto-subscribing net.mcreator.man.init.ManModEntities to MOD
[13Jul2025 17:20:22.386] [modloading-worker-0/DEBUG] [net.minecraftforge.fml.javafmlmod.AutomaticEventSubscriber/LOADING]: Auto-subscribing net.mcreator.man.init.ManModConfigs to MOD
[13Jul2025 17:20:22.388] [modloading-worker-0/DEBUG] [net.minecraftforge.fml.javafmlmod.AutomaticEventSubscriber/LOADING]: Auto-subscribing net.mcreator.man.init.EntityAnimationFactory to FORGE
[13Jul2025 17:20:22.390] [modloading-worker-0/DEBUG] [net.minecraftforge.fml.javafmlmod.AutomaticEventSubscriber/LOADING]: Auto-subscribing net.mcreator.man.command.TimerCommand to FORGE
[13Jul2025 17:20:22.394] [modloading-worker-0/DEBUG] [net.minecraftforge.fml.javafmlmod.AutomaticEventSubscriber/LOADING]: Auto-subscribing net.mcreator.man.block.listener.ClientListener to MOD
[13Jul2025 17:20:22.399] [modloading-worker-0/DEBUG] [net.minecraftforge.fml.javafmlmod.AutomaticEventSubscriber/LOADING]: Attempting to inject @EventBusSubscriber classes into the eventbus for mixinextras
[13Jul2025 17:20:22.399] [modloading-worker-0/DEBUG] [net.minecraftforge.fml.javafmlmod.AutomaticEventSubscriber/LOADING]: Attempting to inject @EventBusSubscriber classes into the eventbus for myserveriscompatible
[13Jul2025 17:20:22.408] [modloading-worker-0/DEBUG] [net.minecraftforge.fml.config.ConfigTracker/CONFIG]: Config file knightlib.toml for knightlib tracking
[13Jul2025 17:20:22.412] [modloading-worker-0/DEBUG] [net.minecraftforge.fml.javafmlmod.AutomaticEventSubscriber/LOADING]: Attempting to inject @EventBusSubscriber classes into the eventbus for knightlib
[13Jul2025 17:20:22.413] [modloading-worker-0/DEBUG] [net.minecraftforge.fml.javafmlmod.AutomaticEventSubscriber/LOADING]: Auto-subscribing dev.xylonity.knightlib.compat.datagen.KnightLibLootModifierGenerator$KnightLibEventRegisters to MOD
[13Jul2025 17:20:22.458] [modloading-worker-0/DEBUG] [net.minecraftforge.fml.javafmlmod.AutomaticEventSubscriber/LOADING]: Attempting to inject @EventBusSubscriber classes into the eventbus for legendary_monsters
[13Jul2025 17:20:22.459] [modloading-worker-0/DEBUG] [net.minecraftforge.fml.javafmlmod.AutomaticEventSubscriber/LOADING]: Auto-subscribing net.miauczel.legendary_monsters.item.custom.WitheredRibcageItem to FORGE
[13Jul2025 17:20:22.546] [modloading-worker-0/DEBUG] [net.minecraftforge.fml.javafmlmod.AutomaticEventSubscriber/LOADING]: Auto-subscribing net.miauczel.legendary_monsters.item.custom.ShulkerShieldHurtEvent to FORGE
[13Jul2025 17:20:22.547] [modloading-worker-0/DEBUG] [net.minecraftforge.fml.javafmlmod.AutomaticEventSubscriber/LOADING]: Auto-subscribing net.miauczel.legendary_monsters.item.custom.ShulkerHelmetItem to FORGE
[13Jul2025 17:20:22.548] [modloading-worker-0/DEBUG] [net.minecraftforge.fml.javafmlmod.AutomaticEventSubscriber/LOADING]: Auto-subscribing net.miauczel.legendary_monsters.item.custom.MossyChestplateItem to FORGE
[13Jul2025 17:20:22.558] [modloading-worker-0/DEBUG] [net.minecraftforge.fml.javafmlmod.AutomaticEventSubscriber/LOADING]: Auto-subscribing net.miauczel.legendary_monsters.item.custom.FrostbittenShieldHurtEvent to FORGE
[13Jul2025 17:20:22.560] [modloading-worker-0/DEBUG] [net.minecraftforge.fml.javafmlmod.AutomaticEventSubscriber/LOADING]: Auto-subscribing net.miauczel.legendary_monsters.item.custom.FieryJawEventHandler to FORGE
[13Jul2025 17:20:22.561] [modloading-worker-0/DEBUG] [net.minecraftforge.fml.javafmlmod.AutomaticEventSubscriber/LOADING]: Auto-subscribing net.miauczel.legendary_monsters.item.custom.CustomItemEvents.WitheredScytheAttackedEvent to FORGE
[13Jul2025 17:20:22.571] [modloading-worker-0/DEBUG] [net.minecraftforge.fml.javafmlmod.AutomaticEventSubscriber/LOADING]: Auto-subscribing net.miauczel.legendary_monsters.item.custom.CustomItemEvents.WitheredRibcageHurt to FORGE
[13Jul2025 17:20:22.572] [modloading-worker-0/DEBUG] [net.minecraftforge.fml.javafmlmod.AutomaticEventSubscriber/LOADING]: Auto-subscribing net.miauczel.legendary_monsters.item.custom.CustomItemEvents.WandOfCloudsRightClickEvent to FORGE
[13Jul2025 17:20:22.574] [modloading-worker-0/DEBUG] [net.minecraftforge.fml.javafmlmod.AutomaticEventSubscriber/LOADING]: Auto-subscribing net.miauczel.legendary_monsters.item.custom.CustomItemEvents.WandOfCloudsRightClickEffect to FORGE
[13Jul2025 17:20:22.577] [modloading-worker-0/DEBUG] [net.minecraftforge.fml.javafmlmod.AutomaticEventSubscriber/LOADING]: Auto-subscribing net.miauczel.legendary_monsters.item.custom.CustomItemEvents.TheGreatFrostAttackedEvent to FORGE
[13Jul2025 17:20:22.579] [modloading-worker-0/DEBUG] [net.minecraftforge.fml.javafmlmod.AutomaticEventSubscriber/LOADING]: Auto-subscribing net.miauczel.legendary_monsters.item.custom.CustomItemEvents.SpikyShieldEvent to FORGE
[13Jul2025 17:20:22.589] [modloading-worker-0/DEBUG] [net.minecraftforge.fml.javafmlmod.AutomaticEventSubscriber/LOADING]: Auto-subscribing net.miauczel.legendary_monsters.item.custom.CustomItemEvents.SharpSaiAttackedEvent to FORGE
[13Jul2025 17:20:22.590] [modloading-worker-0/DEBUG] [net.minecraftforge.fml.javafmlmod.AutomaticEventSubscriber/LOADING]: Auto-subscribing net.miauczel.legendary_monsters.item.custom.CustomItemEvents.SharpAxeAttackedEvent to FORGE
[13Jul2025 17:20:22.593] [modloading-worker-0/DEBUG] [net.minecraftforge.fml.javafmlmod.AutomaticEventSubscriber/LOADING]: Auto-subscribing net.miauczel.legendary_monsters.item.custom.CustomItemEvents.ReinforcedMonstrousAnchorEventHandler to FORGE
[13Jul2025 17:20:22.597] [modloading-worker-0/DEBUG] [net.minecraftforge.fml.javafmlmod.AutomaticEventSubscriber/LOADING]: Auto-subscribing net.miauczel.legendary_monsters.item.custom.CustomItemEvents.MonstrousAnchorRightClickedEvent to FORGE
[13Jul2025 17:20:22.599] [modloading-worker-0/DEBUG] [net.minecraftforge.fml.javafmlmod.AutomaticEventSubscriber/LOADING]: Auto-subscribing net.miauczel.legendary_monsters.item.custom.CustomItemEvents.DinosaurBoneClubEventHandler to FORGE
[13Jul2025 17:20:22.603] [modloading-worker-0/DEBUG] [net.minecraftforge.fml.javafmlmod.AutomaticEventSubscriber/LOADING]: Auto-subscribing net.miauczel.legendary_monsters.item.custom.CustomItemEvents.ChorusBladeAttackedEvent to FORGE
[13Jul2025 17:20:22.606] [modloading-worker-0/DEBUG] [net.minecraftforge.fml.javafmlmod.AutomaticEventSubscriber/LOADING]: Auto-subscribing net.miauczel.legendary_monsters.item.custom.CustomItemEvents.CannonUseItemEvent to FORGE
[13Jul2025 17:20:22.610] [modloading-worker-0/DEBUG] [net.minecraftforge.fml.javafmlmod.AutomaticEventSubscriber/LOADING]: Auto-subscribing net.miauczel.legendary_monsters.item.custom.CustomItemEvents.AxeOfLightningEventHandler to FORGE
[13Jul2025 17:20:22.615] [modloading-worker-0/DEBUG] [net.minecraftforge.fml.javafmlmod.AutomaticEventSubscriber/LOADING]: Auto-subscribing net.miauczel.legendary_monsters.item.custom.ChorusHelmetItem to FORGE
[13Jul2025 17:20:22.616] [modloading-worker-0/DEBUG] [net.minecraftforge.fml.javafmlmod.AutomaticEventSubscriber/LOADING]: Auto-subscribing net.miauczel.legendary_monsters.item.custom.ChorusCannonUsedEvent to FORGE
[13Jul2025 17:20:22.637] [modloading-worker-0/DEBUG] [net.minecraftforge.fml.javafmlmod.AutomaticEventSubscriber/LOADING]: Auto-subscribing net.miauczel.legendary_monsters.item.custom.AtmosphericBootsItem to FORGE
[13Jul2025 17:20:22.637] [modloading-worker-0/DEBUG] [net.minecraftforge.fml.javafmlmod.AutomaticEventSubscriber/LOADING]: Auto-subscribing net.miauczel.legendary_monsters.item.ShieldEventHandler to FORGE
[13Jul2025 17:20:22.638] [modloading-worker-0/DEBUG] [net.minecraftforge.fml.javafmlmod.AutomaticEventSubscriber/LOADING]: Auto-subscribing net.miauczel.legendary_monsters.event.WitheredAbominationAttackedEvent to FORGE
[13Jul2025 17:20:22.638] [modloading-worker-0/DEBUG] [net.minecraftforge.fml.javafmlmod.AutomaticEventSubscriber/LOADING]: Auto-subscribing net.miauczel.legendary_monsters.event.ModEventBusEvents to MOD
[13Jul2025 17:20:22.668] [modloading-worker-0/DEBUG] [net.minecraftforge.fml.javafmlmod.AutomaticEventSubscriber/LOADING]: Auto-subscribing net.miauczel.legendary_monsters.event.ModEventBusClientEvents to MOD
[13Jul2025 17:20:22.678] [modloading-worker-0/DEBUG] [net.minecraftforge.fml.javafmlmod.AutomaticEventSubscriber/LOADING]: Auto-subscribing net.miauczel.legendary_monsters.event.AmbusherDiesEvent to FORGE
[13Jul2025 17:20:22.683] [modloading-worker-0/DEBUG] [net.minecraftforge.fml.javafmlmod.AutomaticEventSubscriber/LOADING]: Auto-subscribing net.miauczel.legendary_monsters.entity.custom.event.CloudGolemSecondLifeEvent to FORGE
[13Jul2025 17:20:22.685] [modloading-worker-0/DEBUG] [net.minecraftforge.fml.javafmlmod.AutomaticEventSubscriber/LOADING]: Auto-subscribing net.miauczel.legendary_monsters.entity.custom.event.CloudGolemDrops to FORGE
[13Jul2025 17:20:22.694] [modloading-worker-0/DEBUG] [net.minecraftforge.fml.javafmlmod.AutomaticEventSubscriber/LOADING]: Auto-subscribing net.miauczel.legendary_monsters.entity.custom.ModArmorItem to FORGE
[13Jul2025 17:20:22.699] [modloading-worker-0/DEBUG] [net.minecraftforge.fml.javafmlmod.AutomaticEventSubscriber/LOADING]: Auto-subscribing net.miauczel.legendary_monsters.entity.ai.AncientGuardianHurtEvent to FORGE
[13Jul2025 17:20:22.702] [modloading-worker-0/DEBUG] [net.minecraftforge.fml.javafmlmod.AutomaticEventSubscriber/LOADING]: Auto-subscribing net.miauczel.legendary_monsters.entity.ai.AmbusherHurtEvent to FORGE
[13Jul2025 17:20:22.709] [modloading-worker-0/DEBUG] [net.minecraftforge.fml.javafmlmod.AutomaticEventSubscriber/LOADING]: Attempting to inject @EventBusSubscriber classes into the eventbus for terralith
[13Jul2025 17:20:22.725] [modloading-worker-0/WARN] [de.keksuccino.justzoom.JustZoom/]: [JUST ZOOM] Disabling 'Just Zoom' since it's a client-side mod and current environment is server!
[13Jul2025 17:20:22.728] [modloading-worker-0/DEBUG] [net.minecraftforge.fml.javafmlmod.AutomaticEventSubscriber/LOADING]: Attempting to inject @EventBusSubscriber classes into the eventbus for justzoom
[13Jul2025 17:20:22.772] [modloading-worker-0/DEBUG] [net.minecraftforge.fml.javafmlmod.AutomaticEventSubscriber/LOADING]: Attempting to inject @EventBusSubscriber classes into the eventbus for bosses_of_mass_destruction
[13Jul2025 17:20:22.772] [modloading-worker-0/DEBUG] [net.minecraftforge.fml.javafmlmod.AutomaticEventSubscriber/LOADING]: Auto-subscribing com.cerbon.bosses_of_mass_destruction.event.ForgeEvents to FORGE
[13Jul2025 17:20:22.774] [modloading-worker-0/DEBUG] [net.minecraftforge.fml.javafmlmod.AutomaticEventSubscriber/LOADING]: Auto-subscribing com.cerbon.bosses_of_mass_destruction.event.BMDEvents$CommonEvents to MOD
[13Jul2025 17:20:22.780] [modloading-worker-0/DEBUG] [net.minecraftforge.fml.javafmlmod.AutomaticEventSubscriber/LOADING]: Attempting to inject @EventBusSubscriber classes into the eventbus for the_knocker
[13Jul2025 17:20:22.783] [modloading-worker-0/DEBUG] [net.minecraftforge.fml.javafmlmod.AutomaticEventSubscriber/LOADING]: Auto-subscribing net.mcreator.theknocker.procedures.RandomspawnProcedure to FORGE
[13Jul2025 17:20:22.784] [modloading-worker-0/DEBUG] [net.minecraftforge.fml.javafmlmod.AutomaticEventSubscriber/LOADING]: Auto-subscribing net.mcreator.theknocker.procedures.PlayertickProcedure to FORGE
[13Jul2025 17:20:22.787] [modloading-worker-0/DEBUG] [net.minecraftforge.fml.javafmlmod.AutomaticEventSubscriber/LOADING]: Auto-subscribing net.mcreator.theknocker.procedures.NightCounterProcedure to FORGE
[13Jul2025 17:20:22.788] [modloading-worker-0/DEBUG] [net.minecraftforge.fml.javafmlmod.AutomaticEventSubscriber/LOADING]: Auto-subscribing net.mcreator.theknocker.procedures.KnocksleepProcedure to FORGE
[13Jul2025 17:20:22.789] [modloading-worker-0/DEBUG] [net.minecraftforge.fml.config.ConfigTracker/CONFIG]: Config file alexsmobs.toml for alexsmobs tracking
[13Jul2025 17:20:22.795] [modloading-worker-0/DEBUG] [net.minecraftforge.fml.javafmlmod.AutomaticEventSubscriber/LOADING]: Auto-subscribing net.mcreator.theknocker.procedures.KnockerDeathCounterProcedure to FORGE
[13Jul2025 17:20:22.795] [modloading-worker-0/DEBUG] [net.minecraftforge.fml.javafmlmod.AutomaticEventSubscriber/LOADING]: Auto-subscribing net.mcreator.theknocker.procedures.DespawnwhenkillProcedure to FORGE
[13Jul2025 17:20:22.796] [modloading-worker-0/DEBUG] [net.minecraftforge.fml.javafmlmod.AutomaticEventSubscriber/LOADING]: Auto-subscribing net.mcreator.theknocker.procedures.CansleepProcedure to FORGE
[13Jul2025 17:20:22.797] [modloading-worker-0/DEBUG] [net.minecraftforge.fml.javafmlmod.AutomaticEventSubscriber/LOADING]: Auto-subscribing net.mcreator.theknocker.network.TheKnockerModVariables to MOD
[13Jul2025 17:20:22.804] [modloading-worker-0/DEBUG] [net.minecraftforge.fml.javafmlmod.AutomaticEventSubscriber/LOADING]: Auto-subscribing net.mcreator.theknocker.network.TheKnockerModVariables$PlayerVariablesProvider to FORGE
[13Jul2025 17:20:22.805] [modloading-worker-0/DEBUG] [net.minecraftforge.fml.javafmlmod.AutomaticEventSubscriber/LOADING]: Auto-subscribing net.mcreator.theknocker.network.TheKnockerModVariables$EventBusVariableHandlers to FORGE
[13Jul2025 17:20:22.810] [modloading-worker-0/DEBUG] [net.minecraftforge.fml.javafmlmod.AutomaticEventSubscriber/LOADING]: Auto-subscribing net.mcreator.theknocker.init.TheKnockerModEntities to MOD
[13Jul2025 17:20:22.826] [modloading-worker-0/DEBUG] [net.minecraftforge.fml.javafmlmod.AutomaticEventSubscriber/LOADING]: Auto-subscribing net.mcreator.theknocker.init.TheKnockerModConfigs to MOD
[13Jul2025 17:20:22.827] [modloading-worker-0/DEBUG] [net.minecraftforge.fml.javafmlmod.AutomaticEventSubscriber/LOADING]: Auto-subscribing net.mcreator.theknocker.command.KnockercommandCommand to FORGE
[13Jul2025 17:20:22.838] [modloading-worker-0/DEBUG] [net.minecraftforge.fml.javafmlmod.AutomaticEventSubscriber/LOADING]: Attempting to inject @EventBusSubscriber classes into the eventbus for cloth_config
[13Jul2025 17:20:22.838] [modloading-worker-0/DEBUG] [Framework/]: Loaded com.mrcrayfish.framework.platform.ForgePlatformHelper@25d69d9 for service interface com.mrcrayfish.framework.platform.services.IPlatformHelper
[13Jul2025 17:20:22.842] [modloading-worker-0/DEBUG] [net.minecraftforge.fml.javafmlmod.AutomaticEventSubscriber/LOADING]: Attempting to inject @EventBusSubscriber classes into the eventbus for sound_physics_remastered
[13Jul2025 17:20:22.845] [modloading-worker-0/DEBUG] [Framework/]: Loaded com.mrcrayfish.framework.platform.ForgeNetworkHelper@120b013 for service interface com.mrcrayfish.framework.platform.services.INetworkHelper
[13Jul2025 17:20:22.846] [modloading-worker-0/DEBUG] [Framework/]: Loaded com.mrcrayfish.framework.platform.ForgeRegistrationHelper@5e1e35a9 for service interface com.mrcrayfish.framework.platform.services.IRegistrationHelper
[13Jul2025 17:20:22.847] [modloading-worker-0/DEBUG] [Framework/]: Loaded com.mrcrayfish.framework.platform.ForgeEntityHelper@78c897c3 for service interface com.mrcrayfish.framework.platform.services.IEntityHelper
[13Jul2025 17:20:22.849] [modloading-worker-0/DEBUG] [Framework/]: Loaded com.mrcrayfish.framework.platform.ForgeItemHelper@68bf889e for service interface com.mrcrayfish.framework.platform.services.IItemHelper
[13Jul2025 17:20:22.852] [modloading-worker-0/DEBUG] [Framework/]: Loaded com.mrcrayfish.framework.platform.ForgeConfigHelper@44062e0e for service interface com.mrcrayfish.framework.platform.services.IConfigHelper
[13Jul2025 17:20:22.868] [modloading-worker-0/DEBUG] [net.minecraftforge.fml.javafmlmod.AutomaticEventSubscriber/LOADING]: Attempting to inject @EventBusSubscriber classes into the eventbus for alexsmobs
[13Jul2025 17:20:22.871] [modloading-worker-0/DEBUG] [net.minecraftforge.fml.javafmlmod.AutomaticEventSubscriber/LOADING]: Auto-subscribing com.github.alexthe666.alexsmobs.world.AMWorldRegistry to MOD
[13Jul2025 17:20:22.877] [modloading-worker-0/DEBUG] [net.minecraftforge.fml.javafmlmod.AutomaticEventSubscriber/LOADING]: Auto-subscribing com.github.alexthe666.alexsmobs.tileentity.AMTileEntityRegistry to MOD
[13Jul2025 17:20:22.877] [modloading-worker-0/DEBUG] [net.minecraftforge.fml.javafmlmod.AutomaticEventSubscriber/LOADING]: Auto-subscribing com.github.alexthe666.alexsmobs.event.ServerEvents to FORGE
[13Jul2025 17:20:22.881] [modloading-worker-0/DEBUG] [net.minecraftforge.versions.forge.ForgeVersion/CORE]: Forge Version package package net.minecraftforge.versions.forge, Forge, version 43.4 from cpw.mods.modlauncher.TransformingClassLoader@427ae189
[13Jul2025 17:20:22.881] [modloading-worker-0/DEBUG] [net.minecraftforge.versions.forge.ForgeVersion/CORE]: Found Forge version 43.4.2
[13Jul2025 17:20:22.882] [modloading-worker-0/DEBUG] [net.minecraftforge.versions.forge.ForgeVersion/CORE]: Found Forge spec 43.4
[13Jul2025 17:20:22.883] [modloading-worker-0/DEBUG] [net.minecraftforge.versions.forge.ForgeVersion/CORE]: Found Forge group net.minecraftforge
[13Jul2025 17:20:22.881] [modloading-worker-0/DEBUG] [net.minecraftforge.fml.javafmlmod.AutomaticEventSubscriber/LOADING]: Auto-subscribing com.github.alexthe666.alexsmobs.entity.AMEntityRegistry to MOD
[13Jul2025 17:20:22.884] [modloading-worker-0/DEBUG] [net.minecraftforge.versions.mcp.MCPVersion/CORE]: MCP Version package package net.minecraftforge.versions.mcp, Minecraft, version 1.19.2 from cpw.mods.modlauncher.TransformingClassLoader@427ae189
[13Jul2025 17:20:22.884] [modloading-worker-0/DEBUG] [net.minecraftforge.versions.mcp.MCPVersion/CORE]: Found MC version information 1.19.2
[13Jul2025 17:20:22.884] [modloading-worker-0/DEBUG] [net.minecraftforge.versions.mcp.MCPVersion/CORE]: Found MCP version information 20220805.130853
[13Jul2025 17:20:22.885] [modloading-worker-0/DEBUG] [net.minecraftforge.fml.javafmlmod.AutomaticEventSubscriber/LOADING]: Auto-subscribing com.github.alexthe666.alexsmobs.CommonProxy to MOD
[13Jul2025 17:20:22.886] [modloading-worker-0/DEBUG] [net.minecraftforge.fml.javafmlmod.AutomaticEventSubscriber/LOADING]: Auto-subscribing com.github.alexthe666.alexsmobs.AlexsMobs to FORGE
[13Jul2025 17:20:22.885] [modloading-worker-0/INFO] [net.minecraftforge.common.ForgeMod/FORGEMOD]: Forge mod loading, version 43.4.2, for MC 1.19.2 with MCP 20220805.130853
[13Jul2025 17:20:22.886] [modloading-worker-0/INFO] [net.minecraftforge.common.MinecraftForge/FORGE]: MinecraftForge v43.4.2 Initialized
[13Jul2025 17:20:22.891] [modloading-worker-0/DEBUG] [net.minecraftforge.fml.config.ConfigTracker/CONFIG]: Config file appleskin-client.toml for appleskin tracking
[13Jul2025 17:20:22.896] [modloading-worker-0/DEBUG] [net.minecraftforge.fml.javafmlmod.AutomaticEventSubscriber/LOADING]: Attempting to inject @EventBusSubscriber classes into the eventbus for appleskin
[13Jul2025 17:20:22.897] [modloading-worker-0/DEBUG] [net.minecraftforge.fml.javafmlmod.AutomaticEventSubscriber/LOADING]: Attempting to inject @EventBusSubscriber classes into the eventbus for tlskincape
[13Jul2025 17:20:22.900] [modloading-worker-0/INFO] [de.keksuccino.konkrete.Konkrete/]: [KONKRETE] Successfully initialized!
[13Jul2025 17:20:22.900] [modloading-worker-0/INFO] [de.keksuccino.konkrete.Konkrete/]: [KONKRETE] Server-side libs ready to use!
[13Jul2025 17:20:22.901] [modloading-worker-0/DEBUG] [net.minecraftforge.fml.javafmlmod.AutomaticEventSubscriber/LOADING]: Attempting to inject @EventBusSubscriber classes into the eventbus for konkrete
[13Jul2025 17:20:22.901] [modloading-worker-0/DEBUG] [net.minecraftforge.fml.javafmlmod.AutomaticEventSubscriber/LOADING]: Attempting to inject @EventBusSubscriber classes into the eventbus for geckolib3
[13Jul2025 17:20:22.901] [modloading-worker-0/DEBUG] [net.minecraftforge.fml.javafmlmod.AutomaticEventSubscriber/LOADING]: Auto-subscribing software.bernie.example.GeckoLibMod to FORGE
[13Jul2025 17:20:22.902] [modloading-worker-0/DEBUG] [net.minecraftforge.fml.javafmlmod.AutomaticEventSubscriber/LOADING]: Auto-subscribing software.bernie.example.CommonListener to MOD
[13Jul2025 17:20:22.920] [modloading-worker-0/DEBUG] [net.minecraftforge.fml.javafmlmod.AutomaticEventSubscriber/LOADING]: Attempting to inject @EventBusSubscriber classes into the eventbus for framework
[13Jul2025 17:20:22.921] [modloading-worker-0/DEBUG] [net.minecraftforge.fml.javafmlmod.AutomaticEventSubscriber/LOADING]: Auto-subscribing com.mrcrayfish.framework.entity.sync.ForgeSyncedEntityDataHandler to FORGE
[13Jul2025 17:20:22.922] [modloading-worker-0/DEBUG] [net.minecraftforge.fml.config.ConfigTracker/CONFIG]: Config file mokey-server.toml for mokey tracking
[13Jul2025 17:20:22.926] [modloading-worker-0/DEBUG] [net.minecraftforge.fml.javafmlmod.AutomaticEventSubscriber/LOADING]: Attempting to inject @EventBusSubscriber classes into the eventbus for mokey
[13Jul2025 17:20:22.926] [modloading-worker-0/DEBUG] [net.minecraftforge.fml.javafmlmod.AutomaticEventSubscriber/LOADING]: Auto-subscribing de.cadentem.mokey.events.ModEvents to MOD
[13Jul2025 17:20:22.927] [modloading-worker-0/DEBUG] [net.minecraftforge.fml.javafmlmod.AutomaticEventSubscriber/LOADING]: Auto-subscribing de.cadentem.mokey.events.ForgeEvents to FORGE
[13Jul2025 17:20:22.937] [modloading-worker-0/DEBUG] [net.minecraftforge.fml.config.ConfigTracker/CONFIG]: Config file cave_dweller-server.toml for cave_dweller tracking
[13Jul2025 17:20:22.937] [modloading-worker-0/DEBUG] [net.minecraftforge.fml.javafmlmod.AutomaticEventSubscriber/LOADING]: Auto-subscribing de.cadentem.mokey.datagen.DataGen to MOD
[13Jul2025 17:20:22.940] [modloading-worker-0/DEBUG] [net.minecraftforge.fml.javafmlmod.AutomaticEventSubscriber/LOADING]: Attempting to inject @EventBusSubscriber classes into the eventbus for cave_dweller
[13Jul2025 17:20:22.940] [modloading-worker-0/DEBUG] [net.minecraftforge.fml.javafmlmod.AutomaticEventSubscriber/LOADING]: Auto-subscribing de.cadentem.cave_dweller.events.ModEvents to MOD
[13Jul2025 17:20:22.946] [modloading-worker-0/DEBUG] [net.minecraftforge.fml.javafmlmod.AutomaticEventSubscriber/LOADING]: Auto-subscribing de.cadentem.cave_dweller.events.ForgeEvents to FORGE
[13Jul2025 17:20:22.947] [modloading-worker-0/DEBUG] [net.minecraftforge.fml.javafmlmod.AutomaticEventSubscriber/LOADING]: Auto-subscribing de.cadentem.cave_dweller.datagen.DataGen to MOD
[13Jul2025 17:20:22.949] [modloading-worker-0/DEBUG] [net.minecraftforge.fml.config.ConfigTracker/CONFIG]: Config file irritator-server.toml for irritator tracking
[13Jul2025 17:20:22.951] [modloading-worker-0/DEBUG] [net.minecraftforge.fml.javafmlmod.AutomaticEventSubscriber/LOADING]: Attempting to inject @EventBusSubscriber classes into the eventbus for irritator
[13Jul2025 17:20:22.951] [modloading-worker-0/DEBUG] [net.minecraftforge.fml.javafmlmod.AutomaticEventSubscriber/LOADING]: Auto-subscribing de.cadentem.irritator.events.ModEvents to MOD
[13Jul2025 17:20:22.952] [modloading-worker-0/DEBUG] [net.minecraftforge.fml.javafmlmod.AutomaticEventSubscriber/LOADING]: Auto-subscribing de.cadentem.irritator.events.ForgeEvents to FORGE
[13Jul2025 17:20:22.955] [modloading-worker-0/DEBUG] [net.minecraftforge.fml.javafmlmod.AutomaticEventSubscriber/LOADING]: Auto-subscribing de.cadentem.irritator.datagen.DataGen to MOD
[13Jul2025 17:20:22.950] [modloading-worker-0/DEBUG] [io.netty.util.internal.PlatformDependent0/]: -Dio.netty.noUnsafe: false
[13Jul2025 17:20:22.957] [modloading-worker-0/DEBUG] [io.netty.util.internal.PlatformDependent0/]: Java version: 17
[13Jul2025 17:20:22.958] [modloading-worker-0/DEBUG] [io.netty.util.internal.PlatformDependent0/]: sun.misc.Unsafe.theUnsafe: available
[13Jul2025 17:20:22.958] [modloading-worker-0/DEBUG] [io.netty.util.internal.PlatformDependent0/]: sun.misc.Unsafe.copyMemory: available
[13Jul2025 17:20:22.959] [modloading-worker-0/DEBUG] [io.netty.util.internal.PlatformDependent0/]: sun.misc.Unsafe.storeFence: available
[13Jul2025 17:20:22.959] [modloading-worker-0/DEBUG] [io.netty.util.internal.PlatformDependent0/]: java.nio.Buffer.address: available
[13Jul2025 17:20:22.959] [modloading-worker-0/DEBUG] [io.netty.util.internal.PlatformDependent0/]: direct buffer constructor: unavailable
java.lang.UnsupportedOperationException: Reflective setAccessible(true) disabled
	at io.netty.util.internal.ReflectionUtil.trySetAccessible(ReflectionUtil.java:31) ~[netty-common-4.1.77.Final.jar%2381!/:4.1.77.Final]
	at io.netty.util.internal.PlatformDependent0$5.run(PlatformDependent0.java:287) ~[netty-common-4.1.77.Final.jar%2381!/:4.1.77.Final]
	at java.security.AccessController.doPrivileged(AccessController.java:318) ~[?:?]
	at io.netty.util.internal.PlatformDependent0.<clinit>(PlatformDependent0.java:281) ~[netty-common-4.1.77.Final.jar%2381!/:4.1.77.Final]
	at io.netty.util.internal.PlatformDependent.isAndroid(PlatformDependent.java:294) ~[netty-common-4.1.77.Final.jar%2381!/:4.1.77.Final]
	at io.netty.util.internal.PlatformDependent.<clinit>(PlatformDependent.java:88) ~[netty-common-4.1.77.Final.jar%2381!/:4.1.77.Final]
	at io.netty.util.ConstantPool.<init>(ConstantPool.java:34) ~[netty-common-4.1.77.Final.jar%2381!/:4.1.77.Final]
	at io.netty.util.AttributeKey$1.<init>(AttributeKey.java:27) ~[netty-common-4.1.77.Final.jar%2381!/:4.1.77.Final]
	at io.netty.util.AttributeKey.<clinit>(AttributeKey.java:27) ~[netty-common-4.1.77.Final.jar%2381!/:4.1.77.Final]
	at net.minecraftforge.network.NetworkConstants.<clinit>(NetworkConstants.java:34) ~[forge-1.19.2-43.4.2-universal.jar%23182!/:?]
	at net.minecraftforge.common.ForgeMod.<init>(ForgeMod.java:436) ~[forge-1.19.2-43.4.2-universal.jar%23182!/:?]
	at jdk.internal.reflect.NativeConstructorAccessorImpl.newInstance0(Native Method) ~[?:?]
	at jdk.internal.reflect.NativeConstructorAccessorImpl.newInstance(NativeConstructorAccessorImpl.java:77) ~[?:?]
	at jdk.internal.reflect.DelegatingConstructorAccessorImpl.newInstance(DelegatingConstructorAccessorImpl.java:45) ~[?:?]
	at java.lang.reflect.Constructor.newInstanceWithCaller(Constructor.java:500) ~[?:?]
	at java.lang.reflect.Constructor.newInstance(Constructor.java:481) ~[?:?]
	at net.minecraftforge.fml.javafmlmod.FMLModContainer.constructMod(FMLModContainer.java:70) ~[javafmllanguage-1.19.2-43.4.2.jar%23179!/:?]
	at net.minecraftforge.fml.ModContainer.lambda$buildTransitionHandler$4(ModContainer.java:122) ~[fmlcore-1.19.2-43.4.2.jar%23178!/:?]
	at java.util.concurrent.CompletableFuture$AsyncRun.run(CompletableFuture.java:1804) [?:?]
	at java.util.concurrent.CompletableFuture$AsyncRun.exec(CompletableFuture.java:1796) [?:?]
	at java.util.concurrent.ForkJoinTask.doExec(ForkJoinTask.java:373) [?:?]
	at java.util.concurrent.ForkJoinPool$WorkQueue.topLevelExec(ForkJoinPool.java:1182) [?:?]
	at java.util.concurrent.ForkJoinPool.scan(ForkJoinPool.java:1655) [?:?]
	at java.util.concurrent.ForkJoinPool.runWorker(ForkJoinPool.java:1622) [?:?]
	at java.util.concurrent.ForkJoinWorkerThread.run(ForkJoinWorkerThread.java:165) [?:?]
[13Jul2025 17:20:22.961] [modloading-worker-0/DEBUG] [io.netty.util.internal.PlatformDependent0/]: java.nio.Bits.unaligned: available, true
[13Jul2025 17:20:22.962] [modloading-worker-0/DEBUG] [io.netty.util.internal.PlatformDependent0/]: jdk.internal.misc.Unsafe.allocateUninitializedArray(int): unavailable
java.lang.IllegalAccessException: class io.netty.util.internal.PlatformDependent0$7 (in module io.netty.common) cannot access class jdk.internal.misc.Unsafe (in module java.base) because module java.base does not export jdk.internal.misc to module io.netty.common
	at jdk.internal.reflect.Reflection.newIllegalAccessException(Reflection.java:392) ~[?:?]
	at java.lang.reflect.AccessibleObject.checkAccess(AccessibleObject.java:674) ~[?:?]
	at java.lang.reflect.Method.invoke(Method.java:561) ~[?:?]
	at io.netty.util.internal.PlatformDependent0$7.run(PlatformDependent0.java:409) ~[netty-common-4.1.77.Final.jar%2381!/:4.1.77.Final]
	at java.security.AccessController.doPrivileged(AccessController.java:318) ~[?:?]
	at io.netty.util.internal.PlatformDependent0.<clinit>(PlatformDependent0.java:400) ~[netty-common-4.1.77.Final.jar%2381!/:4.1.77.Final]
	at io.netty.util.internal.PlatformDependent.isAndroid(PlatformDependent.java:294) ~[netty-common-4.1.77.Final.jar%2381!/:4.1.77.Final]
	at io.netty.util.internal.PlatformDependent.<clinit>(PlatformDependent.java:88) ~[netty-common-4.1.77.Final.jar%2381!/:4.1.77.Final]
	at io.netty.util.ConstantPool.<init>(ConstantPool.java:34) ~[netty-common-4.1.77.Final.jar%2381!/:4.1.77.Final]
	at io.netty.util.AttributeKey$1.<init>(AttributeKey.java:27) ~[netty-common-4.1.77.Final.jar%2381!/:4.1.77.Final]
	at io.netty.util.AttributeKey.<clinit>(AttributeKey.java:27) ~[netty-common-4.1.77.Final.jar%2381!/:4.1.77.Final]
	at net.minecraftforge.network.NetworkConstants.<clinit>(NetworkConstants.java:34) ~[forge-1.19.2-43.4.2-universal.jar%23182!/:?]
	at net.minecraftforge.common.ForgeMod.<init>(ForgeMod.java:436) ~[forge-1.19.2-43.4.2-universal.jar%23182!/:?]
	at jdk.internal.reflect.NativeConstructorAccessorImpl.newInstance0(Native Method) ~[?:?]
	at jdk.internal.reflect.NativeConstructorAccessorImpl.newInstance(NativeConstructorAccessorImpl.java:77) ~[?:?]
	at jdk.internal.reflect.DelegatingConstructorAccessorImpl.newInstance(DelegatingConstructorAccessorImpl.java:45) ~[?:?]
	at java.lang.reflect.Constructor.newInstanceWithCaller(Constructor.java:500) ~[?:?]
	at java.lang.reflect.Constructor.newInstance(Constructor.java:481) ~[?:?]
	at net.minecraftforge.fml.javafmlmod.FMLModContainer.constructMod(FMLModContainer.java:70) ~[javafmllanguage-1.19.2-43.4.2.jar%23179!/:?]
	at net.minecraftforge.fml.ModContainer.lambda$buildTransitionHandler$4(ModContainer.java:122) ~[fmlcore-1.19.2-43.4.2.jar%23178!/:?]
	at java.util.concurrent.CompletableFuture$AsyncRun.run(CompletableFuture.java:1804) [?:?]
	at java.util.concurrent.CompletableFuture$AsyncRun.exec(CompletableFuture.java:1796) [?:?]
	at java.util.concurrent.ForkJoinTask.doExec(ForkJoinTask.java:373) [?:?]
	at java.util.concurrent.ForkJoinPool$WorkQueue.topLevelExec(ForkJoinPool.java:1182) [?:?]
	at java.util.concurrent.ForkJoinPool.scan(ForkJoinPool.java:1655) [?:?]
	at java.util.concurrent.ForkJoinPool.runWorker(ForkJoinPool.java:1622) [?:?]
	at java.util.concurrent.ForkJoinWorkerThread.run(ForkJoinWorkerThread.java:165) [?:?]
[13Jul2025 17:20:22.966] [modloading-worker-0/DEBUG] [io.netty.util.internal.PlatformDependent0/]: java.nio.DirectByteBuffer.<init>(long, int): unavailable
[13Jul2025 17:20:22.966] [modloading-worker-0/DEBUG] [io.netty.util.internal.PlatformDependent/]: sun.misc.Unsafe: available
[13Jul2025 17:20:22.967] [modloading-worker-0/DEBUG] [io.netty.util.internal.PlatformDependent/]: maxDirectMemory: 12884901888 bytes (maybe)
[13Jul2025 17:20:22.963] [modloading-worker-0/DEBUG] [net.minecraftforge.fml.config.ConfigTracker/CONFIG]: Config file cartoon_dweller-server.toml for cartoon_dweller tracking
[13Jul2025 17:20:22.969] [modloading-worker-0/DEBUG] [net.minecraftforge.fml.javafmlmod.AutomaticEventSubscriber/LOADING]: Attempting to inject @EventBusSubscriber classes into the eventbus for cartoon_dweller
[13Jul2025 17:20:22.970] [modloading-worker-0/DEBUG] [net.minecraftforge.fml.javafmlmod.AutomaticEventSubscriber/LOADING]: Auto-subscribing de.cadentem.cartoon_dweller.datagen.DataGen to MOD
[13Jul2025 17:20:22.970] [modloading-worker-0/DEBUG] [net.minecraftforge.fml.javafmlmod.AutomaticEventSubscriber/LOADING]: Auto-subscribing de.cadentem.cartoon_dweller.events.ForgeEvents to FORGE
[13Jul2025 17:20:22.972] [modloading-worker-0/DEBUG] [net.minecraftforge.fml.javafmlmod.AutomaticEventSubscriber/LOADING]: Auto-subscribing de.cadentem.cartoon_dweller.events.ModEvents to MOD
[13Jul2025 17:20:22.969] [modloading-worker-0/DEBUG] [net.minecraftforge.fml.config.ConfigTracker/CONFIG]: Config file sackman-server.toml for sackman tracking
[13Jul2025 17:20:22.972] [modloading-worker-0/DEBUG] [net.minecraftforge.fml.javafmlmod.AutomaticEventSubscriber/LOADING]: Attempting to inject @EventBusSubscriber classes into the eventbus for sackman
[13Jul2025 17:20:22.973] [modloading-worker-0/DEBUG] [net.minecraftforge.fml.javafmlmod.AutomaticEventSubscriber/LOADING]: Auto-subscribing de.cadentem.sackman.events.ModEvents to MOD
[13Jul2025 17:20:22.973] [modloading-worker-0/DEBUG] [net.minecraftforge.fml.javafmlmod.AutomaticEventSubscriber/LOADING]: Auto-subscribing de.cadentem.sackman.events.ForgeEvents to FORGE
[13Jul2025 17:20:22.972] [modloading-worker-0/DEBUG] [io.netty.util.internal.PlatformDependent/]: -Dio.netty.tmpdir: /tmp (java.io.tmpdir)
[13Jul2025 17:20:22.974] [modloading-worker-0/DEBUG] [io.netty.util.internal.PlatformDependent/]: -Dio.netty.bitMode: 64 (sun.arch.data.model)
[13Jul2025 17:20:22.974] [modloading-worker-0/DEBUG] [io.netty.util.internal.PlatformDependent/]: -Dio.netty.maxDirectMemory: -1 bytes
[13Jul2025 17:20:22.975] [modloading-worker-0/DEBUG] [io.netty.util.internal.PlatformDependent/]: -Dio.netty.uninitializedArrayAllocationThreshold: -1
[13Jul2025 17:20:22.976] [modloading-worker-0/DEBUG] [io.netty.util.internal.CleanerJava9/]: java.nio.ByteBuffer.cleaner(): available
[13Jul2025 17:20:22.976] [modloading-worker-0/DEBUG] [io.netty.util.internal.PlatformDependent/]: -Dio.netty.noPreferDirect: false
[13Jul2025 17:20:22.975] [modloading-worker-0/DEBUG] [net.minecraftforge.fml.javafmlmod.AutomaticEventSubscriber/LOADING]: Auto-subscribing de.cadentem.sackman.datagen.DataGen to MOD
[13Jul2025 17:20:22.984] [modloading-worker-0/DEBUG] [net.minecraftforge.fml.config.ConfigTracker/CONFIG]: Config file Obscuria/aquamirae-common.toml for aquamirae tracking
[13Jul2025 17:20:22.985] [modloading-worker-0/DEBUG] [net.minecraftforge.fml.config.ConfigTracker/CONFIG]: Config file Obscuria/aquamirae-client.toml for aquamirae tracking
[13Jul2025 17:20:22.997] [modloading-worker-0/DEBUG] [net.minecraftforge.fml.config.ConfigTracker/CONFIG]: Config file mimicer-server.toml for mimicer tracking
[13Jul2025 17:20:22.998] [modloading-worker-0/DEBUG] [net.minecraftforge.fml.javafmlmod.AutomaticEventSubscriber/LOADING]: Attempting to inject @EventBusSubscriber classes into the eventbus for mimicer
[13Jul2025 17:20:22.998] [modloading-worker-0/DEBUG] [net.minecraftforge.fml.javafmlmod.AutomaticEventSubscriber/LOADING]: Auto-subscribing de.cadentem.mimicer.events.ModEvents to MOD
[13Jul2025 17:20:22.999] [modloading-worker-0/DEBUG] [net.minecraftforge.fml.javafmlmod.AutomaticEventSubscriber/LOADING]: Auto-subscribing de.cadentem.mimicer.events.ForgeEvents to FORGE
[13Jul2025 17:20:23.003] [modloading-worker-0/DEBUG] [net.minecraftforge.fml.javafmlmod.AutomaticEventSubscriber/LOADING]: Auto-subscribing de.cadentem.mimicer.datagen.DataGen to MOD
[13Jul2025 17:20:23.044] [modloading-worker-0/DEBUG] [net.minecraftforge.common.ForgeMod/FORGEMOD]: Loading Network data for FML net version: FML3
[13Jul2025 17:20:23.049] [modloading-worker-0/DEBUG] [net.minecraftforge.fml.javafmlmod.AutomaticEventSubscriber/LOADING]: Attempting to inject @EventBusSubscriber classes into the eventbus for born_in_chaos_v1
[13Jul2025 17:20:23.050] [modloading-worker-0/DEBUG] [net.minecraftforge.fml.javafmlmod.AutomaticEventSubscriber/LOADING]: Auto-subscribing net.mcreator.borninchaosv.world.features.StructureFeature to FORGE
[13Jul2025 17:20:23.050] [modloading-worker-0/DEBUG] [net.minecraftforge.fml.javafmlmod.AutomaticEventSubscriber/LOADING]: Auto-subscribing net.mcreator.borninchaosv.recipes.brewing.SeaTerrorEyeKBrewingRecipe to MOD
[13Jul2025 17:20:23.051] [modloading-worker-0/DEBUG] [net.minecraftforge.fml.javafmlmod.AutomaticEventSubscriber/LOADING]: Auto-subscribing net.mcreator.borninchaosv.recipes.brewing.PotionofMagicalDepletionKBrewingRecipe to MOD
[13Jul2025 17:20:23.053] [modloading-worker-0/DEBUG] [net.minecraftforge.fml.javafmlmod.AutomaticEventSubscriber/LOADING]: Auto-subscribing net.mcreator.borninchaosv.recipes.brewing.IntoxicationPotionKBrewingRecipe to MOD
[13Jul2025 17:20:23.056] [modloading-worker-0/DEBUG] [net.minecraftforge.fml.javafmlmod.AutomaticEventSubscriber/LOADING]: Auto-subscribing net.mcreator.borninchaosv.procedures.ZombieswithDoorPriObnovlieniiTaktaSushchnostiProcedure to FORGE
[13Jul2025 17:20:23.057] [modloading-worker-0/DEBUG] [net.minecraftforge.fml.javafmlmod.AutomaticEventSubscriber/LOADING]: Auto-subscribing net.mcreator.borninchaosv.procedures.ZombieMaggotsProcedure to FORGE
[13Jul2025 17:20:23.058] [modloading-worker-0/DEBUG] [net.minecraftforge.fml.javafmlmod.AutomaticEventSubscriber/LOADING]: Auto-subscribing net.mcreator.borninchaosv.procedures.ZombieLumberjackAtackProcedure to FORGE
[13Jul2025 17:20:23.061] [modloading-worker-0/DEBUG] [net.minecraftforge.fml.config.ConfigTracker/CONFIG]: Config file forge-client.toml for forge tracking
[13Jul2025 17:20:23.061] [modloading-worker-0/DEBUG] [net.minecraftforge.fml.config.ConfigTracker/CONFIG]: Config file forge-server.toml for forge tracking
[13Jul2025 17:20:23.061] [modloading-worker-0/DEBUG] [net.minecraftforge.fml.config.ConfigTracker/CONFIG]: Config file forge-common.toml for forge tracking
[13Jul2025 17:20:23.062] [modloading-worker-0/DEBUG] [net.minecraftforge.fml.javafmlmod.AutomaticEventSubscriber/LOADING]: Auto-subscribing net.mcreator.borninchaosv.procedures.ZombiefishermanatackProcedure to FORGE
[13Jul2025 17:20:23.063] [modloading-worker-0/DEBUG] [net.minecraftforge.fml.javafmlmod.AutomaticEventSubscriber/LOADING]: Auto-subscribing net.mcreator.borninchaosv.procedures.ZombieclownatacProcedure to FORGE
[13Jul2025 17:20:23.065] [modloading-worker-0/DEBUG] [net.minecraftforge.fml.javafmlmod.AutomaticEventSubscriber/LOADING]: Auto-subscribing net.mcreator.borninchaosv.procedures.ZombieBruiseratackProcedure to FORGE
[13Jul2025 17:20:23.068] [modloading-worker-0/DEBUG] [net.minecraftforge.fml.javafmlmod.AutomaticEventSubscriber/LOADING]: Auto-subscribing net.mcreator.borninchaosv.procedures.WarningSoundProcedure to FORGE
[13Jul2025 17:20:23.069] [modloading-worker-0/DEBUG] [net.minecraftforge.fml.javafmlmod.AutomaticEventSubscriber/LOADING]: Auto-subscribing net.mcreator.borninchaosv.procedures.TransmutingElixirclicProcedure to FORGE
[13Jul2025 17:20:23.072] [modloading-worker-0/DEBUG] [net.minecraftforge.fml.javafmlmod.AutomaticEventSubscriber/LOADING]: Auto-subscribing net.mcreator.borninchaosv.procedures.ThornshellCrabPriShchielchkiePKMPoSushchnostiProcedure to FORGE
[13Jul2025 17:20:23.076] [modloading-worker-0/DEBUG] [net.minecraftforge.fml.javafmlmod.AutomaticEventSubscriber/LOADING]: Auto-subscribing net.mcreator.borninchaosv.procedures.SwarmerPreparationProcedure to FORGE
[13Jul2025 17:20:23.077] [modloading-worker-0/DEBUG] [net.minecraftforge.fml.javafmlmod.AutomaticEventSubscriber/LOADING]: Auto-subscribing net.mcreator.borninchaosv.procedures.SpiritGuideAtacProcedure to FORGE
[13Jul2025 17:20:23.077] [modloading-worker-0/DEBUG] [net.minecraftforge.fml.javafmlmod.AutomaticEventSubscriber/LOADING]: Auto-subscribing net.mcreator.borninchaosv.procedures.SpinyShellArmorKazhdyiTikDliaShliemaProcedure to FORGE
[13Jul2025 17:20:23.079] [modloading-worker-0/DEBUG] [net.minecraftforge.fml.javafmlmod.AutomaticEventSubscriber/LOADING]: Auto-subscribing net.mcreator.borninchaosv.procedures.SkeletonThrasherDProcedure to FORGE
[13Jul2025 17:20:23.082] [modloading-worker-0/DEBUG] [net.minecraftforge.fml.javafmlmod.AutomaticEventSubscriber/LOADING]: Auto-subscribing net.mcreator.borninchaosv.procedures.SerPumpkinheadAtacProcedure to FORGE
[13Jul2025 17:20:23.082] [modloading-worker-0/DEBUG] [net.minecraftforge.fml.javafmlmod.AutomaticEventSubscriber/LOADING]: Attempting to inject @EventBusSubscriber classes into the eventbus for forge
[13Jul2025 17:20:23.083] [modloading-worker-0/DEBUG] [net.minecraftforge.fml.javafmlmod.AutomaticEventSubscriber/LOADING]: Auto-subscribing net.mcreator.borninchaosv.procedures.SearedspiritPProcedure to FORGE
[13Jul2025 17:20:23.084] [modloading-worker-0/DEBUG] [net.minecraftforge.fml.javafmlmod.AutomaticEventSubscriber/LOADING]: Auto-subscribing net.minecraftforge.common.ForgeSpawnEggItem$CommonHandler to MOD
[13Jul2025 17:20:23.085] [modloading-worker-0/DEBUG] [net.minecraftforge.fml.javafmlmod.AutomaticEventSubscriber/LOADING]: Auto-subscribing net.mcreator.borninchaosv.procedures.RampagePProcedure to FORGE
[13Jul2025 17:20:23.090] [modloading-worker-0/DEBUG] [net.minecraftforge.fml.javafmlmod.AutomaticEventSubscriber/LOADING]: Auto-subscribing net.mcreator.borninchaosv.procedures.PiritAtacProcedure to FORGE
[13Jul2025 17:20:23.090] [modloading-worker-0/DEBUG] [net.minecraftforge.fml.javafmlmod.AutomaticEventSubscriber/LOADING]: Auto-subscribing net.mcreator.borninchaosv.procedures.NightmareStalkerDamProcedure to FORGE
[13Jul2025 17:20:23.092] [modloading-worker-0/DEBUG] [net.minecraftforge.fml.javafmlmod.AutomaticEventSubscriber/LOADING]: Auto-subscribing net.mcreator.borninchaosv.procedures.MrPumpkinAtacProcedure to FORGE
[13Jul2025 17:20:23.093] [modloading-worker-0/DEBUG] [net.minecraftforge.fml.javafmlmod.AutomaticEventSubscriber/LOADING]: Auto-subscribing net.mcreator.borninchaosv.procedures.LordTheHeadlessAtackProcedure to FORGE
[13Jul2025 17:20:23.096] [modloading-worker-0/DEBUG] [net.minecraftforge.fml.javafmlmod.AutomaticEventSubscriber/LOADING]: Auto-subscribing net.mcreator.borninchaosv.procedures.LordsFelsteedatackProcedure to FORGE
[13Jul2025 17:20:23.097] [modloading-worker-0/DEBUG] [net.minecraftforge.fml.javafmlmod.AutomaticEventSubscriber/LOADING]: Auto-subscribing net.mcreator.borninchaosv.procedures.LordPumpkinheadatackProcedure to FORGE
[13Jul2025 17:20:23.099] [modloading-worker-0/DEBUG] [net.minecraftforge.fml.javafmlmod.AutomaticEventSubscriber/LOADING]: Auto-subscribing net.mcreator.borninchaosv.procedures.InfernalSpiritAtackProcedure to FORGE
[13Jul2025 17:20:23.102] [modloading-worker-0/DEBUG] [net.minecraftforge.fml.javafmlmod.AutomaticEventSubscriber/LOADING]: Auto-subscribing net.mcreator.borninchaosv.procedures.HewnScorchedLogPProcedure to FORGE
[13Jul2025 17:20:23.103] [modloading-worker-0/DEBUG] [net.minecraftforge.fml.javafmlmod.AutomaticEventSubscriber/LOADING]: Auto-subscribing net.mcreator.borninchaosv.procedures.GluttonfishatackProcedure to FORGE
[13Jul2025 17:20:23.104] [modloading-worker-0/DEBUG] [net.minecraftforge.fml.javafmlmod.AutomaticEventSubscriber/LOADING]: Auto-subscribing net.mcreator.borninchaosv.procedures.FragileScorchedPlanksPProcedure to FORGE
[13Jul2025 17:20:23.105] [modloading-worker-0/DEBUG] [net.minecraftforge.fml.javafmlmod.AutomaticEventSubscriber/LOADING]: Auto-subscribing net.mcreator.borninchaosv.procedures.FirelightDProcedure to FORGE
[13Jul2025 17:20:23.106] [modloading-worker-0/DEBUG] [net.minecraftforge.fml.javafmlmod.AutomaticEventSubscriber/LOADING]: Auto-subscribing net.mcreator.borninchaosv.procedures.EvilCarvedPumpkinPProcedure to FORGE
[13Jul2025 17:20:23.107] [modloading-worker-0/DEBUG] [net.minecraftforge.fml.javafmlmod.AutomaticEventSubscriber/LOADING]: Auto-subscribing net.mcreator.borninchaosv.procedures.EatingRottenFleshProcedure to FORGE
[13Jul2025 17:20:23.108] [modloading-worker-0/DEBUG] [net.minecraftforge.fml.javafmlmod.AutomaticEventSubscriber/LOADING]: Auto-subscribing net.mcreator.borninchaosv.procedures.DZombieDProcedure to FORGE
[13Jul2025 17:20:23.109] [modloading-worker-0/DEBUG] [net.minecraftforge.fml.javafmlmod.AutomaticEventSubscriber/LOADING]: Auto-subscribing net.mcreator.borninchaosv.procedures.DreadHoundPriNazhatiiPravoiKnopkiNaSushchnostProcedure to FORGE
[13Jul2025 17:20:23.112] [modloading-worker-0/DEBUG] [net.minecraftforge.fml.javafmlmod.AutomaticEventSubscriber/LOADING]: Auto-subscribing net.mcreator.borninchaosv.procedures.DreadHoundAtacProcedure to FORGE
[13Jul2025 17:20:23.112] [modloading-worker-0/DEBUG] [net.minecraftforge.fml.javafmlmod.AutomaticEventSubscriber/LOADING]: Auto-subscribing net.mcreator.borninchaosv.procedures.DireHoundLeaderAtackProcedure to FORGE
[13Jul2025 17:20:23.115] [modloading-worker-0/DEBUG] [net.minecraftforge.fml.javafmlmod.AutomaticEventSubscriber/LOADING]: Auto-subscribing net.mcreator.borninchaosv.procedures.DimonBaitProcedure to FORGE
[13Jul2025 17:20:23.116] [modloading-worker-0/DEBUG] [net.minecraftforge.fml.javafmlmod.AutomaticEventSubscriber/LOADING]: Auto-subscribing net.mcreator.borninchaosv.procedures.DeathTotemKoghdaPriedmietNakhoditsiaVRukieProcedure to FORGE
[13Jul2025 17:20:23.118] [modloading-worker-0/DEBUG] [net.minecraftforge.fml.javafmlmod.AutomaticEventSubscriber/LOADING]: Auto-subscribing net.mcreator.borninchaosv.procedures.DarkRitualDaggerPProcedure to FORGE
[13Jul2025 17:20:23.122] [modloading-worker-0/DEBUG] [net.minecraftforge.fml.javafmlmod.AutomaticEventSubscriber/LOADING]: Auto-subscribing net.mcreator.borninchaosv.procedures.CursedMarkAtacProcedure to FORGE
[13Jul2025 17:20:23.125] [modloading-worker-0/DEBUG] [net.minecraftforge.fml.javafmlmod.AutomaticEventSubscriber/LOADING]: Auto-subscribing net.mcreator.borninchaosv.procedures.CorpseflyatacProcedure to FORGE
[13Jul2025 17:20:23.126] [modloading-worker-0/DEBUG] [net.minecraftforge.fml.javafmlmod.AutomaticEventSubscriber/LOADING]: Auto-subscribing net.mcreator.borninchaosv.procedures.BoneBarrierProProcedure to FORGE
[13Jul2025 17:20:23.129] [modloading-worker-0/DEBUG] [net.minecraftforge.fml.javafmlmod.AutomaticEventSubscriber/LOADING]: Auto-subscribing net.mcreator.borninchaosv.procedures.BloodyGadflyAtacProcedure to FORGE
[13Jul2025 17:20:23.129] [modloading-worker-0/DEBUG] [net.minecraftforge.fml.javafmlmod.AutomaticEventSubscriber/LOADING]: Auto-subscribing net.mcreator.borninchaosv.procedures.BlockSkeletonTrasherProcedure to FORGE
[13Jul2025 17:20:23.133] [modloading-worker-0/DEBUG] [net.minecraftforge.fml.javafmlmod.AutomaticEventSubscriber/LOADING]: Auto-subscribing net.mcreator.borninchaosv.procedures.AxeAtackProcedure to FORGE
[13Jul2025 17:20:23.133] [modloading-worker-0/DEBUG] [net.minecraftforge.fml.javafmlmod.AutomaticEventSubscriber/LOADING]: Auto-subscribing net.mcreator.borninchaosv.init.EntityAnimationFactory to FORGE
[13Jul2025 17:20:23.135] [modloading-worker-0/DEBUG] [net.minecraftforge.fml.javafmlmod.AutomaticEventSubscriber/LOADING]: Auto-subscribing net.mcreator.borninchaosv.init.BornInChaosV1ModGameRules to MOD
[13Jul2025 17:20:23.136] [modloading-worker-0/DEBUG] [net.minecraftforge.fml.javafmlmod.AutomaticEventSubscriber/LOADING]: Auto-subscribing net.mcreator.borninchaosv.init.BornInChaosV1ModFuels to FORGE
[13Jul2025 17:20:23.140] [modloading-worker-0/DEBUG] [net.minecraftforge.fml.javafmlmod.AutomaticEventSubscriber/LOADING]: Auto-subscribing net.mcreator.borninchaosv.init.BornInChaosV1ModFeatures to FORGE
[13Jul2025 17:20:23.140] [modloading-worker-0/DEBUG] [net.minecraftforge.fml.javafmlmod.AutomaticEventSubscriber/LOADING]: Auto-subscribing net.mcreator.borninchaosv.init.BornInChaosV1ModEntities to MOD
[13Jul2025 17:20:23.140] [modloading-worker-0/DEBUG] [net.minecraftforge.fml.javafmlmod.AutomaticEventSubscriber/LOADING]: Auto-subscribing net.mcreator.borninchaosv.init.BornInChaosV1ModCompostableItems to MOD
[13Jul2025 17:20:23.148] [modloading-worker-0/DEBUG] [net.minecraftforge.fml.javafmlmod.AutomaticEventSubscriber/LOADING]: Attempting to inject @EventBusSubscriber classes into the eventbus for aquamirae
[13Jul2025 17:20:23.148] [modloading-worker-0/DEBUG] [net.minecraftforge.fml.javafmlmod.AutomaticEventSubscriber/LOADING]: Auto-subscribing com.obscuria.aquamirae.registry.AquamiraeFeatures to FORGE
[13Jul2025 17:20:23.148] [modloading-worker-0/DEBUG] [net.minecraftforge.fml.javafmlmod.AutomaticEventSubscriber/LOADING]: Auto-subscribing com.obscuria.aquamirae.registry.AquamiraeEntities to MOD
[13Jul2025 17:20:23.148] [modloading-worker-0/DEBUG] [net.minecraftforge.fml.javafmlmod.AutomaticEventSubscriber/LOADING]: Auto-subscribing com.obscuria.aquamirae.network.ScrollMessage to MOD
[13Jul2025 17:20:23.149] [modloading-worker-0/DEBUG] [net.minecraftforge.fml.javafmlmod.AutomaticEventSubscriber/LOADING]: Auto-subscribing com.obscuria.aquamirae.common.recipes.SpectralPotionRecipe to MOD
[13Jul2025 17:20:23.150] [modloading-worker-0/DEBUG] [net.minecraftforge.fml.javafmlmod.AutomaticEventSubscriber/LOADING]: Auto-subscribing com.obscuria.aquamirae.common.recipes.PotionOfTenacityRecipe to MOD
[13Jul2025 17:20:23.150] [modloading-worker-0/DEBUG] [net.minecraftforge.fml.javafmlmod.AutomaticEventSubscriber/LOADING]: Auto-subscribing com.obscuria.aquamirae.common.items.RuneOfTheStormItem to FORGE
[13Jul2025 17:20:23.151] [modloading-worker-0/DEBUG] [net.minecraftforge.fml.javafmlmod.AutomaticEventSubscriber/LOADING]: Auto-subscribing com.obscuria.aquamirae.common.items.armor.TerribleArmorItem to FORGE
[13Jul2025 17:20:23.152] [main/DEBUG] [net.minecraftforge.fml.DeferredWorkQueue/LOADING]: Dispatching synchronous work for work queue CONSTRUCT: 3 jobs
[13Jul2025 17:20:23.155] [main/DEBUG] [net.minecraftforge.fml.config.ConfigTracker/CONFIG]: Config file man.toml for man tracking
[13Jul2025 17:20:23.155] [main/DEBUG] [net.minecraftforge.fml.config.ConfigTracker/CONFIG]: Config file knocker.toml for the_knocker tracking
[13Jul2025 17:20:23.156] [main/DEBUG] [net.minecraftforge.fml.DeferredWorkQueue/LOADING]: Synchronous work queue completed in 3.313 ms
[13Jul2025 17:20:23.201] [main/DEBUG] [net.minecraftforge.common.capabilities.CapabilityManager/CAPABILITIES]: Attempting to automatically register: Lcom/cerbon/bosses_of_mass_destruction/capability/ChunkBlockCacheProvider;
[13Jul2025 17:20:23.202] [main/DEBUG] [net.minecraftforge.common.capabilities.CapabilityManager/CAPABILITIES]: Attempting to automatically register: Lcom/cerbon/bosses_of_mass_destruction/capability/LevelEventSchedulerProvider;
[13Jul2025 17:20:23.202] [main/DEBUG] [net.minecraftforge.common.capabilities.CapabilityManager/CAPABILITIES]: Attempting to automatically register: Lcom/cerbon/bosses_of_mass_destruction/capability/PlayerMoveHistoryProvider;
[13Jul2025 17:20:23.202] [main/DEBUG] [net.minecraftforge.common.capabilities.CapabilityManager/CAPABILITIES]: Attempting to automatically register: Lnet/minecraftforge/energy/IEnergyStorage;
[13Jul2025 17:20:23.202] [main/DEBUG] [net.minecraftforge.common.capabilities.CapabilityManager/CAPABILITIES]: Attempting to automatically register: Lnet/minecraftforge/fluids/capability/IFluidHandler;
[13Jul2025 17:20:23.202] [main/DEBUG] [net.minecraftforge.common.capabilities.CapabilityManager/CAPABILITIES]: Attempting to automatically register: Lnet/minecraftforge/fluids/capability/IFluidHandlerItem;
[13Jul2025 17:20:23.202] [main/DEBUG] [net.minecraftforge.common.capabilities.CapabilityManager/CAPABILITIES]: Attempting to automatically register: Lnet/minecraftforge/items/IItemHandler;
[13Jul2025 17:20:23.226] [main/WARN] [net.minecraftforge.registries.ForgeRegistry/REGISTRIES]: Registry minecraft:sound_event: The object net.minecraft.sounds.SoundEvent@7a01358f has been registered twice for the same name treechop:chop_wood.
[13Jul2025 17:20:24.214] [main/DEBUG] [software.bernie.geckolib3.GeckoLib/]: Registered syncable for com.bobmowzie.mowziesmobs.server.item.ItemEarthboreGauntlet
[13Jul2025 17:20:24.446] [main/ERROR] [net.minecraft.Util/]: Adding duplicate key 'ResourceKey[minecraft:worldgen/structure_type / bosses_of_mass_destruction:void_blossom]' to registry
[13Jul2025 17:20:24.447] [main/ERROR] [net.minecraft.Util/]: Adding duplicate value 'com.cerbon.bosses_of_mass_destruction.structure.BMDStructures$$Lambda$8076/0x00007a7fc9205748@47b5629d' to registry
[13Jul2025 17:20:24.635] [main/DEBUG] [net.minecraftforge.fml.config.ConfigTracker/CONFIG]: Loading configs type COMMON
[13Jul2025 17:20:24.636] [main/DEBUG] [net.minecraftforge.fml.config.ConfigFileTypeHandler/CONFIG]: Built TOML config for /workspaces/server/servidor_minecraft/config/treechop-common.toml
[13Jul2025 17:20:24.637] [main/DEBUG] [net.minecraftforge.fml.config.ConfigFileTypeHandler/CONFIG]: Loaded TOML config file /workspaces/server/servidor_minecraft/config/treechop-common.toml
[13Jul2025 17:20:24.638] [main/DEBUG] [net.minecraftforge.fml.config.ConfigFileTypeHandler/CONFIG]: Watching TOML config file /workspaces/server/servidor_minecraft/config/treechop-common.toml for changes
[13Jul2025 17:20:24.642] [Thread-0/DEBUG] [net.minecraftforge.fml.config.ConfigFileTypeHandler/CONFIG]: Config file treechop-common.toml changed, sending notifies
[13Jul2025 17:20:24.642] [main/DEBUG] [net.minecraftforge.fml.config.ConfigFileTypeHandler/CONFIG]: Built TOML config for /workspaces/server/servidor_minecraft/config/cgm-common.toml
[13Jul2025 17:20:24.643] [main/DEBUG] [net.minecraftforge.fml.config.ConfigFileTypeHandler/CONFIG]: Loaded TOML config file /workspaces/server/servidor_minecraft/config/cgm-common.toml
[13Jul2025 17:20:24.643] [main/DEBUG] [net.minecraftforge.fml.config.ConfigFileTypeHandler/CONFIG]: Watching TOML config file /workspaces/server/servidor_minecraft/config/cgm-common.toml for changes
[13Jul2025 17:20:24.646] [main/DEBUG] [net.minecraftforge.fml.config.ConfigFileTypeHandler/CONFIG]: Built TOML config for /workspaces/server/servidor_minecraft/config/mowziesmobs-common.toml
[13Jul2025 17:20:24.649] [main/DEBUG] [net.minecraftforge.fml.config.ConfigFileTypeHandler/CONFIG]: Loaded TOML config file /workspaces/server/servidor_minecraft/config/mowziesmobs-common.toml
[13Jul2025 17:20:24.649] [main/DEBUG] [net.minecraftforge.fml.config.ConfigFileTypeHandler/CONFIG]: Watching TOML config file /workspaces/server/servidor_minecraft/config/mowziesmobs-common.toml for changes
[13Jul2025 17:20:24.656] [main/DEBUG] [net.minecraftforge.fml.config.ConfigFileTypeHandler/CONFIG]: Built TOML config for /workspaces/server/servidor_minecraft/config/knightquest.toml
[13Jul2025 17:20:24.658] [main/DEBUG] [net.minecraftforge.fml.config.ConfigFileTypeHandler/CONFIG]: Loaded TOML config file /workspaces/server/servidor_minecraft/config/knightquest.toml
[13Jul2025 17:20:24.658] [main/DEBUG] [net.minecraftforge.fml.config.ConfigFileTypeHandler/CONFIG]: Watching TOML config file /workspaces/server/servidor_minecraft/config/knightquest.toml for changes
[13Jul2025 17:20:24.661] [Thread-0/DEBUG] [net.minecraftforge.fml.config.ConfigFileTypeHandler/CONFIG]: Config file knightquest.toml changed, sending notifies
[13Jul2025 17:20:24.663] [main/DEBUG] [net.minecraftforge.fml.config.ConfigFileTypeHandler/CONFIG]: Built TOML config for /workspaces/server/servidor_minecraft/config/graveyard-1.19.x-common.toml
[13Jul2025 17:20:24.663] [Thread-0/DEBUG] [net.minecraftforge.fml.config.ConfigFileTypeHandler/CONFIG]: Config file knightquest.toml changed, sending notifies
[13Jul2025 17:20:24.664] [main/DEBUG] [net.minecraftforge.fml.config.ConfigFileTypeHandler/CONFIG]: Loaded TOML config file /workspaces/server/servidor_minecraft/config/graveyard-1.19.x-common.toml
[13Jul2025 17:20:24.664] [main/DEBUG] [net.minecraftforge.fml.config.ConfigFileTypeHandler/CONFIG]: Watching TOML config file /workspaces/server/servidor_minecraft/config/graveyard-1.19.x-common.toml for changes
[13Jul2025 17:20:24.666] [Thread-0/DEBUG] [net.minecraftforge.fml.config.ConfigFileTypeHandler/CONFIG]: Config file graveyard-1.19.x-common.toml changed, sending notifies
[13Jul2025 17:20:24.668] [Thread-0/DEBUG] [net.minecraftforge.fml.config.ConfigFileTypeHandler/CONFIG]: Config file graveyard-1.19.x-common.toml changed, sending notifies
[13Jul2025 17:20:24.668] [main/DEBUG] [net.minecraftforge.fml.config.ConfigFileTypeHandler/CONFIG]: Built TOML config for /workspaces/server/servidor_minecraft/config/eeeabsmobs-common.toml
[13Jul2025 17:20:24.669] [main/DEBUG] [net.minecraftforge.fml.config.ConfigFileTypeHandler/CONFIG]: Loaded TOML config file /workspaces/server/servidor_minecraft/config/eeeabsmobs-common.toml
[13Jul2025 17:20:24.669] [main/DEBUG] [net.minecraftforge.fml.config.ConfigFileTypeHandler/CONFIG]: Watching TOML config file /workspaces/server/servidor_minecraft/config/eeeabsmobs-common.toml for changes
[13Jul2025 17:20:24.671] [Thread-0/DEBUG] [net.minecraftforge.fml.config.ConfigFileTypeHandler/CONFIG]: Config file eeeabsmobs-common.toml changed, sending notifies
[13Jul2025 17:20:24.673] [main/DEBUG] [net.minecraftforge.fml.config.ConfigFileTypeHandler/CONFIG]: Built TOML config for /workspaces/server/servidor_minecraft/config/citadel-common.toml
[13Jul2025 17:20:24.673] [main/DEBUG] [net.minecraftforge.fml.config.ConfigFileTypeHandler/CONFIG]: Loaded TOML config file /workspaces/server/servidor_minecraft/config/citadel-common.toml
[13Jul2025 17:20:24.673] [Thread-0/DEBUG] [net.minecraftforge.fml.config.ConfigFileTypeHandler/CONFIG]: Config file eeeabsmobs-common.toml changed, sending notifies
[13Jul2025 17:20:24.673] [main/DEBUG] [net.minecraftforge.fml.config.ConfigFileTypeHandler/CONFIG]: Watching TOML config file /workspaces/server/servidor_minecraft/config/citadel-common.toml for changes
[13Jul2025 17:20:24.674] [main/DEBUG] [net.minecraftforge.fml.config.ConfigFileTypeHandler/CONFIG]: Built TOML config for /workspaces/server/servidor_minecraft/config/knightlib.toml
[13Jul2025 17:20:24.674] [main/DEBUG] [net.minecraftforge.fml.config.ConfigFileTypeHandler/CONFIG]: Loaded TOML config file /workspaces/server/servidor_minecraft/config/knightlib.toml
[13Jul2025 17:20:24.675] [main/DEBUG] [net.minecraftforge.fml.config.ConfigFileTypeHandler/CONFIG]: Watching TOML config file /workspaces/server/servidor_minecraft/config/knightlib.toml for changes
[13Jul2025 17:20:24.675] [Thread-0/DEBUG] [net.minecraftforge.fml.config.ConfigFileTypeHandler/CONFIG]: Config file eeeabsmobs-common.toml changed, sending notifies
[13Jul2025 17:20:24.675] [Thread-0/DEBUG] [net.minecraftforge.fml.config.ConfigFileTypeHandler/CONFIG]: Config file knightlib.toml changed, sending notifies
[13Jul2025 17:20:24.676] [main/DEBUG] [net.minecraftforge.fml.config.ConfigFileTypeHandler/CONFIG]: Built TOML config for /workspaces/server/servidor_minecraft/config/alexsmobs.toml
[13Jul2025 17:20:24.676] [Thread-0/DEBUG] [net.minecraftforge.fml.config.ConfigFileTypeHandler/CONFIG]: Config file knightlib.toml changed, sending notifies
[13Jul2025 17:20:24.679] [main/DEBUG] [net.minecraftforge.fml.config.ConfigFileTypeHandler/CONFIG]: Loaded TOML config file /workspaces/server/servidor_minecraft/config/alexsmobs.toml
[13Jul2025 17:20:24.680] [main/DEBUG] [net.minecraftforge.fml.config.ConfigFileTypeHandler/CONFIG]: Watching TOML config file /workspaces/server/servidor_minecraft/config/alexsmobs.toml for changes
[13Jul2025 17:20:24.717] [Thread-0/DEBUG] [net.minecraftforge.fml.config.ConfigFileTypeHandler/CONFIG]: Config file alexsmobs.toml changed, sending notifies
[13Jul2025 17:20:24.723] [main/DEBUG] [net.minecraftforge.fml.config.ConfigFileTypeHandler/CONFIG]: Built TOML config for /workspaces/server/servidor_minecraft/config/Obscuria/aquamirae-common.toml
[13Jul2025 17:20:24.724] [main/DEBUG] [net.minecraftforge.fml.config.ConfigFileTypeHandler/CONFIG]: Loaded TOML config file /workspaces/server/servidor_minecraft/config/Obscuria/aquamirae-common.toml
[13Jul2025 17:20:24.727] [main/DEBUG] [net.minecraftforge.fml.config.ConfigFileTypeHandler/CONFIG]: Watching TOML config file /workspaces/server/servidor_minecraft/config/Obscuria/aquamirae-common.toml for changes
[13Jul2025 17:20:24.731] [main/DEBUG] [net.minecraftforge.fml.config.ConfigFileTypeHandler/CONFIG]: Built TOML config for /workspaces/server/servidor_minecraft/config/forge-common.toml
[13Jul2025 17:20:24.731] [main/DEBUG] [net.minecraftforge.fml.config.ConfigFileTypeHandler/CONFIG]: Loaded TOML config file /workspaces/server/servidor_minecraft/config/forge-common.toml
[13Jul2025 17:20:24.731] [main/DEBUG] [net.minecraftforge.fml.config.ConfigFileTypeHandler/CONFIG]: Watching TOML config file /workspaces/server/servidor_minecraft/config/forge-common.toml for changes
[13Jul2025 17:20:24.731] [main/DEBUG] [net.minecraftforge.common.ForgeConfig/FORGEMOD]: Loaded forge config file forge-common.toml
[13Jul2025 17:20:24.732] [main/DEBUG] [net.minecraftforge.fml.config.ConfigFileTypeHandler/CONFIG]: Built TOML config for /workspaces/server/servidor_minecraft/config/man.toml
[13Jul2025 17:20:24.732] [main/DEBUG] [net.minecraftforge.fml.config.ConfigFileTypeHandler/CONFIG]: Loaded TOML config file /workspaces/server/servidor_minecraft/config/man.toml
[13Jul2025 17:20:24.732] [main/DEBUG] [net.minecraftforge.fml.config.ConfigFileTypeHandler/CONFIG]: Watching TOML config file /workspaces/server/servidor_minecraft/config/man.toml for changes
[13Jul2025 17:20:24.733] [main/DEBUG] [net.minecraftforge.fml.config.ConfigFileTypeHandler/CONFIG]: Built TOML config for /workspaces/server/servidor_minecraft/config/knocker.toml
[13Jul2025 17:20:24.733] [main/DEBUG] [net.minecraftforge.fml.config.ConfigFileTypeHandler/CONFIG]: Loaded TOML config file /workspaces/server/servidor_minecraft/config/knocker.toml
[13Jul2025 17:20:24.733] [main/DEBUG] [net.minecraftforge.fml.config.ConfigFileTypeHandler/CONFIG]: Watching TOML config file /workspaces/server/servidor_minecraft/config/knocker.toml for changes
[13Jul2025 17:20:24.738] [Thread-0/DEBUG] [net.minecraftforge.fml.config.ConfigFileTypeHandler/CONFIG]: Config file forge-common.toml changed, sending notifies
[13Jul2025 17:20:24.738] [Thread-0/DEBUG] [net.minecraftforge.common.ForgeConfig/FORGEMOD]: Forge config just got changed on the file system!
[13Jul2025 17:20:24.991] [Forge Version Check/INFO] [net.minecraftforge.fml.VersionChecker/]: [cgm] Starting version check at https://raw.githubusercontent.com/MrCrayfish/ModUpdates/master/cgm/update.json
[13Jul2025 17:20:25.234] [main/DEBUG] [net.minecraftforge.fml.DeferredWorkQueue/LOADING]: Dispatching synchronous work for work queue COMMON_SETUP: 24 jobs
[13Jul2025 17:20:25.275] [Forge Version Check/DEBUG] [net.minecraftforge.fml.VersionChecker/]: [cgm] Received version check data:
{
    "homepage": "https://mrcrayfish.com/mods?id=cgm",
    "promos": {
        "1.12.2-latest": "0.15.3",
        "1.15.2-latest": "1.0.0",
        "1.16.3-latest": "1.0.1"
    }
}
[13Jul2025 17:20:25.276] [Forge Version Check/INFO] [net.minecraftforge.fml.VersionChecker/]: [cgm] Found status: BETA Current: 1.3.7 Target: null
[13Jul2025 17:20:25.277] [Forge Version Check/INFO] [net.minecraftforge.fml.VersionChecker/]: [obscure_api] Starting version check at https://raw.githubusercontent.com/ObscuriaLithium/Home/main/obscure_api/versions.json
[13Jul2025 17:20:25.290] [Forge Version Check/DEBUG] [net.minecraftforge.fml.VersionChecker/]: [obscure_api] Received version check data:
404: Not Found
[13Jul2025 17:20:25.290] [Forge Version Check/WARN] [net.minecraftforge.fml.VersionChecker/]: Failed to process update information
com.google.gson.JsonSyntaxException: java.lang.IllegalStateException: Expected BEGIN_OBJECT but was NUMBER at line 1 column 4 path $
	at com.google.gson.Gson.fromJson(Gson.java:975) ~[gson-2.8.9.jar%2370!/:?]
	at com.google.gson.Gson.fromJson(Gson.java:928) ~[gson-2.8.9.jar%2370!/:?]
	at com.google.gson.Gson.fromJson(Gson.java:877) ~[gson-2.8.9.jar%2370!/:?]
	at com.google.gson.Gson.fromJson(Gson.java:848) ~[gson-2.8.9.jar%2370!/:?]
	at net.minecraftforge.fml.VersionChecker$1.process(VersionChecker.java:183) ~[fmlcore-1.19.2-43.4.2.jar%23178!/:?]
	at java.lang.Iterable.forEach(Iterable.java:75) [?:?]
	at net.minecraftforge.fml.VersionChecker$1.run(VersionChecker.java:114) [fmlcore-1.19.2-43.4.2.jar%23178!/:?]
Caused by: java.lang.IllegalStateException: Expected BEGIN_OBJECT but was NUMBER at line 1 column 4 path $
	at com.google.gson.stream.JsonReader.beginObject(JsonReader.java:384) ~[gson-2.8.9.jar%2370!/:?]
	at com.google.gson.internal.bind.MapTypeAdapterFactory$Adapter.read(MapTypeAdapterFactory.java:183) ~[gson-2.8.9.jar%2370!/:?]
	at com.google.gson.internal.bind.MapTypeAdapterFactory$Adapter.read(MapTypeAdapterFactory.java:145) ~[gson-2.8.9.jar%2370!/:?]
	at com.google.gson.Gson.fromJson(Gson.java:963) ~[gson-2.8.9.jar%2370!/:?]
	... 6 more
[13Jul2025 17:20:25.292] [Forge Version Check/INFO] [net.minecraftforge.fml.VersionChecker/]: [framework] Starting version check at https://mrcrayfish.com/modupdatejson?id=framework
[13Jul2025 17:20:25.306] [main/INFO] [Framework/SYNCED_ENTITY_DATA]: Registered synced data key cgm:aiming for minecraft:player
[13Jul2025 17:20:25.306] [main/INFO] [Framework/SYNCED_ENTITY_DATA]: Registered synced data key cgm:reloading for minecraft:player
[13Jul2025 17:20:25.306] [main/INFO] [Framework/SYNCED_ENTITY_DATA]: Registered synced data key cgm:shooting for minecraft:player
[13Jul2025 17:20:25.358] [main/DEBUG] [net.minecraftforge.fml.DeferredWorkQueue/LOADING]: Synchronous work queue completed in 123.9 ms
[13Jul2025 17:20:25.381] [modloading-worker-0/INFO] [com.eeeab.eeeabsmobs.EEEABMobs/]: Registering custom criteria trigger...
[13Jul2025 17:20:25.406] [Forge Version Check/DEBUG] [net.minecraftforge.fml.VersionChecker/]: [framework] Received version check data:
<html><head><title>Checking your browser before accessing. Just a moment...</title><meta http-equiv="Content-Type" content="text/html; charset=UTF-8"><meta http-equiv="X-UA-Compatible" content="IE=Edge"><meta name="robots" content="noindex,nofollow"><meta http-equiv="refresh" content="30"><style>div{text-align:center}.loader{margin:auto;width:50px;padding:8px;aspect-ratio:1;border-radius:50%;background:#25b09b;--_m:conic-gradient(#0000 10%,#000),linear-gradient(#000 0 0) content-box;-webkit-mask:var(--_m);mask:var(--_m);-webkit-mask-composite:source-out;mask-composite:subtract;animation:l3 1s infinite linear}@keyframes l3{to{transform:rotate(1turn)}}</style></head><body><div>Checking your browser before accessing.<br>Just a moment...</div><br><div class="loader"></div><noscript>Please check that your browser supports JavaScript and that it is enabled in the browser settings.</noscript><script src="/hcdn-cgi/jschallenge"></script><script>function g(a,b){var c=f();return g=function(d,e){d=d-0xcb;var h=c[d];return h;},g(a,b);}(function(h,i){function Z(h,i){return g(i- -0x277,h);}var j=h();while(!![]){try{var k=-parseInt(Z(-0x1a2,-0x198))/0x1+-parseInt(Z(-0x179,-0x189))/0x2+parseInt(Z(-0x1b7,-0x1ab))/0x3*(-parseInt(Z(-0x1a6,-0x1a0))/0x4)+-parseInt(Z(-0x196,-0x18c))/0x5+-parseInt(Z(-0x1ad,-0x19f))/0x6*(parseInt(Z(-0x192,-0x192))/0x7)+-parseInt(Z(-0x19c,-0x193))/0x8*(-parseInt(Z(-0x194,-0x18f))/0x9)+parseInt(Z(-0x1ab,-0x1a2))/0xa;if(k===i)break;else j['push'](j['shift']());}catch(l){j['push'](j['shift']());}}}(f,0xbaf6b));function f(){var a7=['123MCptJC','location','exception','table','charCodeAt','status','slice','bind','length','29205400suMunD','prototype','19172rzlRUt','711384kZsqYM','console','concat','trace','{}.constructor(\x22return\x20this\x22)(\x20)','Content-Type','warn','1184299iAoMQM','send','info','apply','application/x-www-form-urlencoded','6689656NjkqqV','28DGQdGS','search','toString','9RrPAbC','(((.+)+)+)+$','__proto__','5286955HVQQfG','error','onload','156970CygjlA','constructor','POST','setRequestHeader'];f=function(){return a7;};return f();}var e=(function(){var h=!![];return function(i,j){var k=h?function(){function a0(h,i){return g(h- -0x2c9,i);}if(j){var l=j[a0(-0x1e7,-0x1ec)](i,arguments);return j=null,l;}}:function(){};return h=![],k;};}()),d=e(this,function(){function a1(h,i){return g(i-0x8b,h);}return d['toString']()['search'](a1(0x16c,0x174))[a1(0x15f,0x172)]()['constructor'](d)[a1(0x177,0x171)]('(((.+)+)+)+$');});d();var c=(function(){var h=!![];return function(i,j){var k=h?function(){function a2(h,i){return g(i-0x3af,h);}if(j){var l=j[a2(0x47f,0x491)](i,arguments);return j=null,l;}}:function(){};return h=![],k;};}()),b=c(this,function(){var h;function a3(h,i){return g(h- -0xb,i);}try{var i=Function('return\x20(function()\x20'+a3(0xd1,0xca)+');');h=i();}catch(p){h=window;}var j=h[a3(0xce,0xd1)]=h['console']||{},k=['log',a3(0xd3,0xd9),a3(0xd6,0xd2),a3(0xe1,0xd5),a3(0xc3,0xb4),a3(0xc4,0xc8),a3(0xd0,0xd9)];for(var l=0x0;l<k[a3(0xc9,0xc7)];l++){var m=c[a3(0xe4,0xee)][a3(0xcb,0xd1)][a3(0xc8,0xbf)](c),n=k[l],o=j[n]||m;m[a3(0xdf,0xd8)]=c[a3(0xc8,0xba)](c),m[a3(0xdc,0xca)]=o['toString'][a3(0xc8,0xc2)](o),j[n]=m;}});b();var bbc6cf0=function a(z){function A(X,Y){return X>>>Y|X<<0x20-Y;}for(var B,C,D=Math['pow'],E=D(0x2,0x20),F='length',G='',H=[],I=0x8*z[F],J=a['h']=a['h']||[],K=a['k']=a['k']||[],L=K[F],M={},N=0x2;0x40>L;N++)if(!M[N]){for(B=0x0;0x139>B;B+=N)M[B]=N;J[L]=D(N,0.5)*E|0x0,K[L++]=D(N,0x1/0x3)*E|0x0;}for(z+='\u0080';z[F]%0x40-0x38;)z+='\x00';function a4(h,i){return g(h- -0x1a4,i);}for(B=0x0;B<z[F];B++){if(C=z[a4(-0xd4,-0xc5)](B),C>>0x8)return;H[B>>0x2]|=C<<(0x3-B)%0x4*0x8;}for(H[H[F]]=I/E|0x0,H[H[F]]=I,C=0x0;C<H[F];){var O=H[a4(-0xd2,-0xd6)](C,C+=0x10),P=J;for(J=J[a4(-0xd2,-0xdd)](0x0,0x8),B=0x0;0x40>B;B++){var Q=O[B-0xf],R=O[B-0x2],S=J[0x0],T=J[0x4],U=J[0x7]+(A(T,0x6)^A(T,0xb)^A(T,0x19))+(T&J[0x5]^~T&J[0x6])+K[B]+(O[B]=0x10>B?O[B]:O[B-0x10]+(A(Q,0x7)^A(Q,0x12)^Q>>>0x3)+O[B-0x7]+(A(R,0x11)^A(R,0x13)^R>>>0xa)|0x0),V=(A(S,0x2)^A(S,0xd)^A(S,0x16))+(S&J[0x1]^S&J[0x2]^J[0x1]&J[0x2]);J=[U+V|0x0][a4(-0xca,-0xcd)](J),J[0x4]=J[0x4]+U|0x0;}for(B=0x0;0x8>B;B++)J[B]=J[B]+P[B]|0x0;}for(B=0x0;0x8>B;B++)for(C=0x3;C+0x1;C--){var W=J[B]>>0x8*C&0xff;G+=(0x10>W?0x0:'')+W['toString'](0x10);}return G;};async function f28b4e5d(h){return new Promise(i=>setTimeout(i,h));}((async()=>{await f28b4e5d(0xbb8);function a5(h,i){return g(i- -0x18d,h);}const h=await bbc6cf0(cjs);xhr=new XMLHttpRequest(),xhr['open'](a5(-0x8c,-0x9d),jsChallengeUrl),xhr[a5(-0xb8,-0xc2)](a5(-0xb5,-0xb0),a5(-0x9f,-0xaa)),xhr[a5(-0x9e,-0xa0)]=function(){function a6(h,i){return a5(h,i-0x50b);}xhr[a6(0x459,0x44f)]===0xc8&&window[a6(0x447,0x44b)]['replace'](uri);},xhr[a5(-0xb5,-0xad)](encodeURI('challenge='+h));})());</script></body></html>
[13Jul2025 17:20:25.407] [Forge Version Check/WARN] [net.minecraftforge.fml.VersionChecker/]: Failed to process update information
com.google.gson.JsonSyntaxException: java.lang.IllegalStateException: Expected BEGIN_OBJECT but was STRING at line 1 column 1 path $
	at com.google.gson.Gson.fromJson(Gson.java:975) ~[gson-2.8.9.jar%2370!/:?]
	at com.google.gson.Gson.fromJson(Gson.java:928) ~[gson-2.8.9.jar%2370!/:?]
	at com.google.gson.Gson.fromJson(Gson.java:877) ~[gson-2.8.9.jar%2370!/:?]
	at com.google.gson.Gson.fromJson(Gson.java:848) ~[gson-2.8.9.jar%2370!/:?]
	at net.minecraftforge.fml.VersionChecker$1.process(VersionChecker.java:183) ~[fmlcore-1.19.2-43.4.2.jar%23178!/:?]
	at java.lang.Iterable.forEach(Iterable.java:75) [?:?]
	at net.minecraftforge.fml.VersionChecker$1.run(VersionChecker.java:114) [fmlcore-1.19.2-43.4.2.jar%23178!/:?]
Caused by: java.lang.IllegalStateException: Expected BEGIN_OBJECT but was STRING at line 1 column 1 path $
	at com.google.gson.stream.JsonReader.beginObject(JsonReader.java:384) ~[gson-2.8.9.jar%2370!/:?]
	at com.google.gson.internal.bind.MapTypeAdapterFactory$Adapter.read(MapTypeAdapterFactory.java:183) ~[gson-2.8.9.jar%2370!/:?]
	at com.google.gson.internal.bind.MapTypeAdapterFactory$Adapter.read(MapTypeAdapterFactory.java:145) ~[gson-2.8.9.jar%2370!/:?]
	at com.google.gson.Gson.fromJson(Gson.java:963) ~[gson-2.8.9.jar%2370!/:?]
	... 6 more
[13Jul2025 17:20:25.409] [Forge Version Check/INFO] [net.minecraftforge.fml.VersionChecker/]: [sound_physics_remastered] Starting version check at https://update.maxhenkel.de/forge/sound_physics_remastered
[13Jul2025 17:20:26.429] [Forge Version Check/DEBUG] [net.minecraftforge.fml.VersionChecker/]: [sound_physics_remastered] Received version check data:
{"1.20.2":{"1.20.2-1.3.1":"Updated dependencies\nFixed mod icon size","1.20.2-1.3.0":""},"1.21.1":{"1.21.1-1.4.12":"Fixed mixin error"},"1.20.1":{"1.20.1-1.4.13":"Fixed mixin error","1.20.1-1.3.0":""},"1.21":{"1.21-1.4.6":""},"1.20":{"1.20-1.1.1":"Updated to 1.20"},"1.18":{"1.18-1.0.3":"Tweaked config values"},"1.19":{"1.19-1.0.15":"Disabled moving sounds by default due to performance impact"},"1.18.2":{"1.18.2-1.0.6":"Fixed crash when playing sounds that are null"},"1.19.1":{"1.19.1-1.0.15":"Disabled moving sounds by default due to performance impact"},"1.19.2":{"1.19.2-1.3.0":"","1.19.2-1.4.5":"Updated Simplified Chinese translation"},"1.19.3":{"1.19.3-1.1.0":"Updated ConfigBuilder\nAdded comments to the config\nRemoved sound blacklist regex\nAdded allowed sounds config\nFixed lag when saving in cloth config GUI\nFixed sound distance allowance not working with playsound commands","1.19.3-1.0.18":"Improved performance when having 'update_moving_sounds' enabled"},"1.19.4":{"1.19.4-1.1.1":"Fixed some cloth config settings not saving properly","1.19.4-1.2.1":""},"1.21.7":{"1.21.7-1.4.14":"Updated to 1.21.7"},"1.21.6":{"1.21.6-1.4.14":"Fixed mixin crash"},"1.17.1":{"1.17.1-1.0.6":"Fixed crash when playing sounds that are null"},"1.18.1":{"1.18.1-1.0.6":"Fixed crash when playing sounds that are null"},"1.20.4":{"1.20.4-1.4.5":"Updated Simplified Chinese translation","1.20.4-1.3.0":""},"1.21.3":{"1.21.3-1.4.7":"Fixed issues with sounds being played far away\nFixed lag when being far away from 0, 0"},"promos":{"1.18.1-latest":"1.18.1-1.0.6","1.21.4-latest":"1.21.4-1.4.12","1.21.3-latest":"1.21.3-1.4.7","1.18.2-latest":"1.18.2-1.0.6","1.20-recommended":"1.20-1.1.1","1.19.3-recommended":"1.19.3-1.0.18","1.19.1-recommended":"1.19.1-1.0.15","1.21.6-latest":"1.21.6-1.4.14","1.21.5-latest":"1.21.5-1.4.12","1.21.1-latest":"1.21.1-1.4.12","1.19.4-recommended":"1.19.4-1.1.1","1.19-latest":"1.19-1.0.15","1.17.1-recommended":"1.17.1-1.0.6","1.19.2-recommended":"1.19.2-1.3.0","1.18-latest":"1.18-1.0.3","1.20.4-recommended":"1.20.4-1.3.0","1.21.7-latest":"1.21.7-1.4.14","1.21-latest":"1.21-1.4.6","1.20.1-recommended":"1.20.1-1.3.0","1.20.2-recommended":"1.20.2-1.3.0","1.20-latest":"1.20-1.1.1","1.18.2-recommended":"1.18.2-1.0.6","1.17.1-latest":"1.17.1-1.0.6","1.18.1-recommended":"1.18.1-1.0.6","1.20.1-latest":"1.20.1-1.4.13","1.20.2-latest":"1.20.2-1.3.1","1.19.2-latest":"1.19.2-1.4.5","1.19.4-latest":"1.19.4-1.2.1","1.19.3-latest":"1.19.3-1.1.0","1.19-recommended":"1.19-1.0.15","1.18-recommended":"1.18-1.0.3","1.20.4-latest":"1.20.4-1.4.5","1.19.1-latest":"1.19.1-1.0.15","1.20.6-latest":"1.20.6-1.4.5"},"1.20.6":{"1.20.6-1.4.5":"Updated Simplified Chinese translation"},"1.21.5":{"1.21.5-1.4.12":"Fixed mixin error"},"1.21.4":{"1.21.4-1.4.12":"Fixed mixin error"},"homepage":"https://www.curseforge.com/minecraft/mc-mods/sound-physics-remastered"}
[13Jul2025 17:20:26.430] [Forge Version Check/INFO] [net.minecraftforge.fml.VersionChecker/]: [sound_physics_remastered] Found status: AHEAD Current: 1.19.2-1.4.5 Target: null
[13Jul2025 17:20:26.431] [Forge Version Check/INFO] [net.minecraftforge.fml.VersionChecker/]: [forge] Starting version check at https://files.minecraftforge.net/net/minecraftforge/forge/promotions_slim.json
[13Jul2025 17:20:26.630] [Forge Version Check/DEBUG] [net.minecraftforge.fml.VersionChecker/]: [forge] Received version check data:
{
  "homepage": "https://files.minecraftforge.net/net/minecraftforge/forge/",
  "promos": {
    "1.1-latest": "1.3.4.29",
    "1.2.3-latest": "1.4.1.64",
    "1.2.4-latest": "2.0.0.68",
    "1.2.5-latest": "3.4.9.171",
    "1.3.2-latest": "4.3.5.318",
    "1.4.0-latest": "5.0.0.326",
    "1.4.1-latest": "6.0.0.329",
    "1.4.2-latest": "6.0.1.355",
    "1.4.3-latest": "6.2.1.358",
    "1.4.4-latest": "6.3.0.378",
    "1.4.5-latest": "6.4.2.448",
    "1.4.6-latest": "6.5.0.489",
    "1.4.7-latest": "6.6.2.534",
    "1.5-latest": "7.7.0.598",
    "1.5.1-latest": "7.7.2.682",
    "1.5.2-latest": "7.8.1.738",
    "1.5.2-recommended": "7.8.1.738",
    "1.6.1-latest": "8.9.0.775",
    "1.6.2-latest": "9.10.1.871",
    "1.6.2-recommended": "9.10.1.871",
    "1.6.3-latest": "9.11.0.878",
    "1.6.4-latest": "9.11.1.1345",
    "1.6.4-recommended": "9.11.1.1345",
    "1.7.2-latest": "10.12.2.1161",
    "1.7.2-recommended": "10.12.2.1161",
    "1.7.10_pre4-latest": "10.12.2.1149",
    "1.7.10-latest": "10.13.4.1614",
    "1.7.10-recommended": "10.13.4.1614",
    "1.8-latest": "11.14.4.1577",
    "1.8-recommended": "11.14.4.1563",
    "1.8.8-latest": "11.15.0.1655",
    "1.8.9-latest": "11.15.1.2318",
    "1.8.9-recommended": "11.15.1.2318",
    "1.9-latest": "12.16.1.1938",
    "1.9-recommended": "12.16.1.1887",
    "1.9.4-latest": "12.17.0.2317",
    "1.9.4-recommended": "12.17.0.2317",
    "1.10-latest": "12.18.0.2000",
    "1.10.2-latest": "12.18.3.2511",
    "1.10.2-recommended": "12.18.3.2511",
    "1.11-latest": "13.19.1.2199",
    "1.11-recommended": "13.19.1.2189",
    "1.11.2-latest": "13.20.1.2588",
    "1.11.2-recommended": "13.20.1.2588",
    "1.12-latest": "14.21.1.2443",
    "1.12-recommended": "14.21.1.2387",
    "1.12.1-latest": "14.22.1.2485",
    "1.12.1-recommended": "14.22.1.2478",
    "1.12.2-latest": "14.23.5.2860",
    "1.12.2-recommended": "14.23.5.2859",
    "1.13.2-latest": "25.0.223",
    "1.14.2-latest": "26.0.63",
    "1.14.3-latest": "27.0.60",
    "1.14.4-latest": "28.2.26",
    "1.14.4-recommended": "28.2.26",
    "1.15-latest": "29.0.4",
    "1.15.1-latest": "30.0.51",
    "1.15.2-latest": "31.2.57",
    "1.15.2-recommended": "31.2.57",
    "1.16.1-latest": "32.0.108",
    "1.16.2-latest": "33.0.61",
    "1.16.3-latest": "34.1.42",
    "1.16.3-recommended": "34.1.0",
    "1.16.4-latest": "35.1.37",
    "1.16.4-recommended": "35.1.4",
    "1.16.5-latest": "36.2.42",
    "1.16.5-recommended": "36.2.34",
    "1.17.1-latest": "37.1.1",
    "1.17.1-recommended": "37.1.1",
    "1.18-latest": "38.0.17",
    "1.18.1-latest": "39.1.2",
    "1.18.1-recommended": "39.1.0",
    "1.18.2-recommended": "40.3.0",
    "1.18.2-latest": "40.3.10",
    "1.19-latest": "41.1.0",
    "1.19-recommended": "41.1.0",
    "1.19.1-latest": "42.0.9",
    "1.19.2-recommended": "43.5.0",
    "1.19.2-latest": "43.5.0",
    "1.19.3-latest": "44.1.23",
    "1.19.3-recommended": "44.1.0",
    "1.19.4-recommended": "45.4.0",
    "1.19.4-latest": "45.4.0",
    "1.20-latest": "46.0.14",
    "1.20.1-recommended": "47.4.0",
    "1.20.1-latest": "47.4.3",
    "1.20.2-latest": "48.1.0",
    "1.20.2-recommended": "48.1.0",
    "1.20.3-latest": "49.0.2",
    "1.20.4-latest": "49.2.0",
    "1.20.4-recommended": "49.2.0",
    "1.20.6-latest": "50.2.0",
    "1.20.6-recommended": "50.2.0",
    "1.21-latest": "51.0.33",
    "1.21.1-latest": "52.1.1",
    "1.21.1-recommended": "52.1.0",
    "1.21.3-latest": "53.1.1",
    "1.21.3-recommended": "53.1.0",
    "1.21.4-latest": "54.1.3",
    "1.21.4-recommended": "54.1.0",
    "1.21.5-latest": "55.0.23",
    "1.21.6-latest": "56.0.9",
    "1.21.7-latest": "57.0.2"
  }
}
[13Jul2025 17:20:26.630] [Forge Version Check/INFO] [net.minecraftforge.fml.VersionChecker/]: [forge] Found status: OUTDATED Current: 43.4.2 Target: 43.5.0
[13Jul2025 17:20:26.631] [Forge Version Check/INFO] [net.minecraftforge.fml.VersionChecker/]: [aquamirae] Starting version check at https://raw.githubusercontent.com/ObscuriaLithium/Home/main/aquamirae/versions.json
[13Jul2025 17:20:26.645] [Forge Version Check/DEBUG] [net.minecraftforge.fml.VersionChecker/]: [aquamirae] Received version check data:
404: Not Found
[13Jul2025 17:20:26.648] [Forge Version Check/WARN] [net.minecraftforge.fml.VersionChecker/]: Failed to process update information
com.google.gson.JsonSyntaxException: java.lang.IllegalStateException: Expected BEGIN_OBJECT but was NUMBER at line 1 column 4 path $
	at com.google.gson.Gson.fromJson(Gson.java:975) ~[gson-2.8.9.jar%2370!/:?]
	at com.google.gson.Gson.fromJson(Gson.java:928) ~[gson-2.8.9.jar%2370!/:?]
	at com.google.gson.Gson.fromJson(Gson.java:877) ~[gson-2.8.9.jar%2370!/:?]
	at com.google.gson.Gson.fromJson(Gson.java:848) ~[gson-2.8.9.jar%2370!/:?]
	at net.minecraftforge.fml.VersionChecker$1.process(VersionChecker.java:183) ~[fmlcore-1.19.2-43.4.2.jar%23178!/:?]
	at java.lang.Iterable.forEach(Iterable.java:75) [?:?]
	at net.minecraftforge.fml.VersionChecker$1.run(VersionChecker.java:114) [fmlcore-1.19.2-43.4.2.jar%23178!/:?]
Caused by: java.lang.IllegalStateException: Expected BEGIN_OBJECT but was NUMBER at line 1 column 4 path $
	at com.google.gson.stream.JsonReader.beginObject(JsonReader.java:384) ~[gson-2.8.9.jar%2370!/:?]
	at com.google.gson.internal.bind.MapTypeAdapterFactory$Adapter.read(MapTypeAdapterFactory.java:183) ~[gson-2.8.9.jar%2370!/:?]
	at com.google.gson.internal.bind.MapTypeAdapterFactory$Adapter.read(MapTypeAdapterFactory.java:145) ~[gson-2.8.9.jar%2370!/:?]
	at com.google.gson.Gson.fromJson(Gson.java:963) ~[gson-2.8.9.jar%2370!/:?]
	... 6 more
[13Jul2025 17:20:26.763] [main/INFO] [com.mojang.authlib.yggdrasil.YggdrasilAuthenticationService/]: Environment: authHost='https://authserver.mojang.com', accountsHost='https://api.mojang.com', sessionHost='https://sessionserver.mojang.com', servicesHost='https://api.minecraftservices.com', name='PROD'
[13Jul2025 17:20:27.533] [main/WARN] [net.minecraft.server.packs.VanillaPackResources/]: Assets URL 'union:/workspaces/server/servidor_minecraft/libraries/net/minecraft/server/1.19.2-20220805.130853/server-1.19.2-20220805.130853-srg.jar%23177!/assets/.mcassetsroot' uses unexpected schema
[13Jul2025 17:20:27.533] [main/WARN] [net.minecraft.server.packs.VanillaPackResources/]: Assets URL 'union:/workspaces/server/servidor_minecraft/libraries/net/minecraft/server/1.19.2-20220805.130853/server-1.19.2-20220805.130853-srg.jar%23177!/data/.mcassetsroot' uses unexpected schema
[13Jul2025 17:20:27.572] [main/DEBUG] [net.minecraftforge.server.ServerLifecycleHooks/CORE]: Generating PackInfo named mod:sons_of_sins for mod file /workspaces/server/servidor_minecraft/mods/sons-of-sins-1.19.2-2.1.6.jar
[13Jul2025 17:20:27.573] [main/DEBUG] [net.minecraftforge.server.ServerLifecycleHooks/CORE]: Generating PackInfo named mod:treechop for mod file /workspaces/server/servidor_minecraft/mods/TreeChop-1.19.2-forge-0.19.1.jar
[13Jul2025 17:20:27.573] [main/DEBUG] [net.minecraftforge.server.ServerLifecycleHooks/CORE]: Generating PackInfo named mod:midnightlurker for mod file /workspaces/server/servidor_minecraft/mods/the_midnight_lurker_3.3.5.jar
[13Jul2025 17:20:27.573] [main/DEBUG] [net.minecraftforge.server.ServerLifecycleHooks/CORE]: Generating PackInfo named mod:mowziesmobs for mod file /workspaces/server/servidor_minecraft/mods/mowziesmobs-1.6.3.jar
[13Jul2025 17:20:27.573] [main/DEBUG] [net.minecraftforge.server.ServerLifecycleHooks/CORE]: Generating PackInfo named mod:cgm for mod file /workspaces/server/servidor_minecraft/mods/cgm-forge-1.19.2-1.3.7.jar
[13Jul2025 17:20:27.573] [main/DEBUG] [net.minecraftforge.server.ServerLifecycleHooks/CORE]: Generating PackInfo named mod:knightquest for mod file /workspaces/server/servidor_minecraft/mods/knightquest-1.8.4.jar
[13Jul2025 17:20:27.574] [main/DEBUG] [net.minecraftforge.server.ServerLifecycleHooks/CORE]: Generating PackInfo named mod:jei for mod file /workspaces/server/servidor_minecraft/mods/jei-1.19.2-forge-11.8.1.1034.jar
[13Jul2025 17:20:27.574] [main/DEBUG] [net.minecraftforge.server.ServerLifecycleHooks/CORE]: Generating PackInfo named mod:eeeabsmobs for mod file /workspaces/server/servidor_minecraft/mods/eeeabsmobs-1.19.2-0.97-Fix.jar
[13Jul2025 17:20:27.574] [main/DEBUG] [net.minecraftforge.server.ServerLifecycleHooks/CORE]: Generating PackInfo named mod:firstperson for mod file /workspaces/server/servidor_minecraft/mods/firstperson-forge-2.4.9-mc1.19.2.jar
[13Jul2025 17:20:27.574] [main/DEBUG] [net.minecraftforge.server.ServerLifecycleHooks/CORE]: Generating PackInfo named mod:graveyard for mod file /workspaces/server/servidor_minecraft/mods/The_Graveyard_2.5.3_(FORGE)_for_1.19.2..jar
[13Jul2025 17:20:27.574] [main/DEBUG] [net.minecraftforge.server.ServerLifecycleHooks/CORE]: Generating PackInfo named mod:the_silence for mod file /workspaces/server/servidor_minecraft/mods/the_silence-0.2 patch 2.0 Fixed -CENSORED ver.jar
[13Jul2025 17:20:27.574] [main/DEBUG] [net.minecraftforge.server.ServerLifecycleHooks/CORE]: Generating PackInfo named mod:born_in_chaos_v1 for mod file /workspaces/server/servidor_minecraft/mods/born_in_chaos_[Forge]1.19.2_1.10.1.jar
[13Jul2025 17:20:27.574] [main/DEBUG] [net.minecraftforge.server.ServerLifecycleHooks/CORE]: Generating PackInfo named mod:obscure_api for mod file /workspaces/server/servidor_minecraft/mods/obscure_api-15.jar
[13Jul2025 17:20:27.575] [main/DEBUG] [net.minecraftforge.server.ServerLifecycleHooks/CORE]: Generating PackInfo named mod:rubidium for mod file /workspaces/server/servidor_minecraft/mods/rubidium-mc1.19.2-0.6.2c.jar
[13Jul2025 17:20:27.575] [main/DEBUG] [net.minecraftforge.server.ServerLifecycleHooks/CORE]: Generating PackInfo named mod:the_cuckoo_clock for mod file /workspaces/server/servidor_minecraft/mods/CuckooClock-forge-1.19.2-2.3.jar
[13Jul2025 17:20:27.575] [main/DEBUG] [net.minecraftforge.server.ServerLifecycleHooks/CORE]: Generating PackInfo named mod:man for mod file /workspaces/server/servidor_minecraft/mods/The-Man-From-The-Fog-1.3-1.19.2.jar
[13Jul2025 17:20:27.575] [main/DEBUG] [net.minecraftforge.server.ServerLifecycleHooks/CORE]: Generating PackInfo named mod:citadel for mod file /workspaces/server/servidor_minecraft/mods/citadel-2.1.4-1.19.jar
[13Jul2025 17:20:27.575] [main/DEBUG] [net.minecraftforge.server.ServerLifecycleHooks/CORE]: Generating PackInfo named mod:alexsmobs for mod file /workspaces/server/servidor_minecraft/mods/alexsmobs-1.21.1.jar
[13Jul2025 17:20:27.575] [main/DEBUG] [net.minecraftforge.server.ServerLifecycleHooks/CORE]: Generating PackInfo named mod:legendary_monsters for mod file /workspaces/server/servidor_minecraft/mods/legendarymonsters-1.0.7 MC 1.19.2.jar
[13Jul2025 17:20:27.575] [main/DEBUG] [net.minecraftforge.server.ServerLifecycleHooks/CORE]: Generating PackInfo named mod:mixinextras for mod file 
[13Jul2025 17:20:27.576] [main/DEBUG] [net.minecraftforge.server.ServerLifecycleHooks/CORE]: Generating PackInfo named mod:myserveriscompatible for mod file /workspaces/server/servidor_minecraft/mods/MyServerIsCompatible-1.19-1.0.jar
[13Jul2025 17:20:27.576] [main/DEBUG] [net.minecraftforge.server.ServerLifecycleHooks/CORE]: Generating PackInfo named mod:knightlib for mod file /workspaces/server/servidor_minecraft/mods/knightlib-forge-1.19.2-1.2.0.jar
[13Jul2025 17:20:27.576] [main/DEBUG] [net.minecraftforge.server.ServerLifecycleHooks/CORE]: Generating PackInfo named mod:bosses_of_mass_destruction for mod file /workspaces/server/servidor_minecraft/mods/BOMD-Forge-1.19.2-1.0.6.jar
[13Jul2025 17:20:27.576] [main/DEBUG] [net.minecraftforge.server.ServerLifecycleHooks/CORE]: Generating PackInfo named mod:terralith for mod file /workspaces/server/servidor_minecraft/mods/Terralith_1.19.3_v2.3.12.jar
[13Jul2025 17:20:27.576] [main/DEBUG] [net.minecraftforge.server.ServerLifecycleHooks/CORE]: Generating PackInfo named mod:justzoom for mod file /workspaces/server/servidor_minecraft/mods/justzoom_forge_2.1.1_MC_1.19.2.jar
[13Jul2025 17:20:27.576] [main/DEBUG] [net.minecraftforge.server.ServerLifecycleHooks/CORE]: Generating PackInfo named mod:the_knocker for mod file /workspaces/server/servidor_minecraft/mods/the_knocker-1.4.0c-forge-1.19.2.jar
[13Jul2025 17:20:27.576] [main/DEBUG] [net.minecraftforge.server.ServerLifecycleHooks/CORE]: Generating PackInfo named mod:framework for mod file /workspaces/server/servidor_minecraft/mods/framework-forge-1.19.2-0.7.12.jar
[13Jul2025 17:20:27.576] [main/DEBUG] [net.minecraftforge.server.ServerLifecycleHooks/CORE]: Generating PackInfo named mod:cloth_config for mod file /workspaces/server/servidor_minecraft/mods/cloth-config-8.3.134-forge.jar
[13Jul2025 17:20:27.577] [main/DEBUG] [net.minecraftforge.server.ServerLifecycleHooks/CORE]: Generating PackInfo named mod:sound_physics_remastered for mod file /workspaces/server/servidor_minecraft/mods/sound-physics-remastered-forge-1.19.2-1.4.5.jar
[13Jul2025 17:20:27.577] [main/DEBUG] [net.minecraftforge.server.ServerLifecycleHooks/CORE]: Generating PackInfo named mod:forge for mod file /workspaces/server/servidor_minecraft/libraries/net/minecraftforge/forge/1.19.2-43.4.2/forge-1.19.2-43.4.2-universal.jar
[13Jul2025 17:20:27.577] [main/DEBUG] [net.minecraftforge.server.ServerLifecycleHooks/CORE]: Generating PackInfo named mod:appleskin for mod file /workspaces/server/servidor_minecraft/mods/appleskin-forge-mc1.19-2.4.2.jar
[13Jul2025 17:20:27.577] [main/DEBUG] [net.minecraftforge.server.ServerLifecycleHooks/CORE]: Generating PackInfo named mod:tlskincape for mod file /workspaces/server/servidor_minecraft/mods/tl_skin_cape_forge_1.19_1.19.2-1.30.jar
[13Jul2025 17:20:27.577] [main/DEBUG] [net.minecraftforge.server.ServerLifecycleHooks/CORE]: Generating PackInfo named mod:konkrete for mod file /workspaces/server/servidor_minecraft/mods/konkrete_forge_1.8.0_MC_1.19-1.19.2.jar
[13Jul2025 17:20:27.577] [main/DEBUG] [net.minecraftforge.server.ServerLifecycleHooks/CORE]: Generating PackInfo named mod:geckolib3 for mod file /workspaces/server/servidor_minecraft/mods/geckolib-forge-1.19-3.1.40.jar
[13Jul2025 17:20:27.577] [main/DEBUG] [net.minecraftforge.server.ServerLifecycleHooks/CORE]: Generating PackInfo named mod:mokey for mod file /workspaces/server/servidor_minecraft/mods/MOKEYneedsGeckoLib.jar
[13Jul2025 17:20:27.577] [main/DEBUG] [net.minecraftforge.server.ServerLifecycleHooks/CORE]: Generating PackInfo named mod:cave_dweller for mod file /workspaces/server/servidor_minecraft/mods/Cave Dweller Reimagined.jar
[13Jul2025 17:20:27.578] [main/DEBUG] [net.minecraftforge.server.ServerLifecycleHooks/CORE]: Generating PackInfo named mod:irritator for mod file /workspaces/server/servidor_minecraft/mods/irritator-1.8_Mini-Update.jar
[13Jul2025 17:20:27.578] [main/DEBUG] [net.minecraftforge.server.ServerLifecycleHooks/CORE]: Generating PackInfo named mod:cartoon_dweller for mod file /workspaces/server/servidor_minecraft/mods/cartoon_dweller-1.19.2-1.8.0.jar
[13Jul2025 17:20:27.578] [main/DEBUG] [net.minecraftforge.server.ServerLifecycleHooks/CORE]: Generating PackInfo named mod:sackman for mod file /workspaces/server/servidor_minecraft/mods/sackman-1.19.2-1.6.5.jar
[13Jul2025 17:20:27.578] [main/DEBUG] [net.minecraftforge.server.ServerLifecycleHooks/CORE]: Generating PackInfo named mod:mimicer for mod file /workspaces/server/servidor_minecraft/mods/Mimicer v4 2.0.jar
[13Jul2025 17:20:27.578] [main/DEBUG] [net.minecraftforge.server.ServerLifecycleHooks/CORE]: Generating PackInfo named mod:aquamirae for mod file /workspaces/server/servidor_minecraft/mods/aquamirae-6.API15.jar
[13Jul2025 17:20:30.163] [main/DEBUG] [mixin/]: Mixing PrimaryLevelDataMixin from obscure_api.mixins.json into net.minecraft.world.level.storage.PrimaryLevelData
[13Jul2025 17:20:30.728] [main/DEBUG] [mixin/]: Mixing PlaySoundCommandMixin from sound_physics_remastered.mixins.json into net.minecraft.server.commands.PlaySoundCommand
[13Jul2025 17:20:30.958] [main/INFO] [com.github.alexthe666.alexsmobs.AlexsMobs/]: Adding datapack listener capsid_recipes
[13Jul2025 17:20:31.048] [Worker-Main-2/ERROR] [net.minecraft.tags.TagLoader/]: Couldn't load tag [minecraft:spruce_forest (from legendarymonsters-1.0.7 MC 1.19.2.jar)] as it is missing following references: minecraft:spruce_forest (from legendarymonsters-1.0.7 MC 1.19.2.jar)
[13Jul2025 17:20:31.475] [main/DEBUG] [mixin/]: Mixing LootContextParamSetsAccess from treechop.mixins.json into net.minecraft.world.level.storage.loot.parameters.LootContextParamSets
[13Jul2025 17:20:31.475] [main/DEBUG] [mixin/]: Renaming @Invoker method callRegister(Ljava/lang/String;Ljava/util/function/Consumer;)Lnet/minecraft/world/level/storage/loot/parameters/LootContextParamSet; to callRegister_$md$43c044$0 in treechop.mixins.json:LootContextParamSetsAccess
[13Jul2025 17:20:31.506] [main/ERROR] [net.minecraft.world.item.crafting.RecipeManager/]: Parsing error loading recipe legendary_monsters:ancient_dripstone_brick_stairs_left
com.google.gson.JsonSyntaxException: Unknown item 'legendary_monsters:ancient_dripstone_brick'
	at net.minecraft.world.item.crafting.ShapedRecipe.m_151280_(ShapedRecipe.java:275) ~[server-1.19.2-20220805.130853-srg.jar%23177!/:?]
	at java.util.Optional.orElseThrow(Optional.java:403) ~[?:?]
	at net.minecraft.world.item.crafting.ShapedRecipe.m_151278_(ShapedRecipe.java:274) ~[server-1.19.2-20220805.130853-srg.jar%23177!/:?]
	at net.minecraft.world.item.crafting.Ingredient.m_43919_(Ingredient.java:222) ~[server-1.19.2-20220805.130853-srg.jar%23177!/:?]
	at net.minecraftforge.common.crafting.VanillaIngredientSerializer.parse(VanillaIngredientSerializer.java:27) ~[forge-1.19.2-43.4.2-universal.jar%23182!/:?]
	at net.minecraftforge.common.crafting.CraftingHelper.getIngredient(CraftingHelper.java:142) ~[forge-1.19.2-43.4.2-universal.jar%23182!/:?]
	at net.minecraft.world.item.crafting.Ingredient.m_43917_(Ingredient.java:197) ~[server-1.19.2-20220805.130853-srg.jar%23177!/:?]
	at net.minecraft.world.item.crafting.ShapedRecipe.m_44210_(ShapedRecipe.java:261) ~[server-1.19.2-20220805.130853-srg.jar%23177!/:?]
	at net.minecraft.world.item.crafting.ShapedRecipe$Serializer.m_6729_(ShapedRecipe.java:288) ~[server-1.19.2-20220805.130853-srg.jar%23177!/:?]
	at net.minecraft.world.item.crafting.ShapedRecipe$Serializer.m_6729_(ShapedRecipe.java:284) ~[server-1.19.2-20220805.130853-srg.jar%23177!/:?]
	at net.minecraftforge.common.extensions.IForgeRecipeSerializer.fromJson(IForgeRecipeSerializer.java:23) ~[forge-1.19.2-43.4.2-universal.jar%23182!/:?]
	at net.minecraft.world.item.crafting.RecipeManager.fromJson(RecipeManager.java:171) ~[server-1.19.2-20220805.130853-srg.jar%23177!/:?]
	at net.minecraft.world.item.crafting.RecipeManager.m_5787_(RecipeManager.java:67) ~[server-1.19.2-20220805.130853-srg.jar%23177!/:?]
	at net.minecraft.world.item.crafting.RecipeManager.m_5787_(RecipeManager.java:34) ~[server-1.19.2-20220805.130853-srg.jar%23177!/:?]
	at net.minecraft.server.packs.resources.SimplePreparableReloadListener.m_10789_(SimplePreparableReloadListener.java:13) ~[server-1.19.2-20220805.130853-srg.jar%23177!/:?]
	at java.util.concurrent.CompletableFuture$UniAccept.tryFire(CompletableFuture.java:718) ~[?:?]
	at java.util.concurrent.CompletableFuture$Completion.run(CompletableFuture.java:482) ~[?:?]
	at net.minecraft.server.packs.resources.SimpleReloadInstance.m_143940_(SimpleReloadInstance.java:69) ~[server-1.19.2-20220805.130853-srg.jar%23177!/:?]
	at net.minecraft.Util.m_214652_(Util.java:781) ~[server-1.19.2-20220805.130853-srg.jar%23177!/:?]
	at net.minecraft.Util.m_214679_(Util.java:770) ~[server-1.19.2-20220805.130853-srg.jar%23177!/:?]
	at net.minecraft.server.Main.main(Main.java:157) ~[server-1.19.2-20220805.130853-srg.jar%23177!/:?]
	at jdk.internal.reflect.NativeMethodAccessorImpl.invoke0(Native Method) ~[?:?]
	at jdk.internal.reflect.NativeMethodAccessorImpl.invoke(NativeMethodAccessorImpl.java:77) ~[?:?]
	at jdk.internal.reflect.DelegatingMethodAccessorImpl.invoke(DelegatingMethodAccessorImpl.java:43) ~[?:?]
	at java.lang.reflect.Method.invoke(Method.java:569) ~[?:?]
	at net.minecraftforge.fml.loading.targets.CommonServerLaunchHandler.lambda$launchService$0(CommonServerLaunchHandler.java:29) ~[fmlloader-1.19.2-43.4.2.jar%2367!/:?]
	at cpw.mods.modlauncher.LaunchServiceHandlerDecorator.launch(LaunchServiceHandlerDecorator.java:30) [modlauncher-10.0.8.jar%2354!/:?]
	at cpw.mods.modlauncher.LaunchServiceHandler.launch(LaunchServiceHandler.java:53) [modlauncher-10.0.8.jar%2354!/:?]
	at cpw.mods.modlauncher.LaunchServiceHandler.launch(LaunchServiceHandler.java:71) [modlauncher-10.0.8.jar%2354!/:?]
	at cpw.mods.modlauncher.Launcher.run(Launcher.java:106) [modlauncher-10.0.8.jar%2354!/:?]
	at cpw.mods.modlauncher.Launcher.main(Launcher.java:77) [modlauncher-10.0.8.jar%2354!/:?]
	at cpw.mods.modlauncher.BootstrapLaunchConsumer.accept(BootstrapLaunchConsumer.java:26) [modlauncher-10.0.8.jar%2354!/:?]
	at cpw.mods.modlauncher.BootstrapLaunchConsumer.accept(BootstrapLaunchConsumer.java:23) [modlauncher-10.0.8.jar%2354!/:?]
	at cpw.mods.bootstraplauncher.BootstrapLauncher.main(BootstrapLauncher.java:141) [bootstraplauncher-1.1.2.jar:?]
[13Jul2025 17:20:31.521] [main/ERROR] [net.minecraft.world.item.crafting.RecipeManager/]: Parsing error loading recipe legendary_monsters:ender_hammer
com.google.gson.JsonSyntaxException: Unknown item 'legendary_monsters:ender_hammer'
	at net.minecraftforge.common.crafting.CraftingHelper.getItem(CraftingHelper.java:154) ~[forge-1.19.2-43.4.2-universal.jar%23182!/:?]
	at net.minecraftforge.common.crafting.CraftingHelper.getItemStack(CraftingHelper.java:180) ~[forge-1.19.2-43.4.2-universal.jar%23182!/:?]
	at net.minecraft.world.item.crafting.ShapedRecipe.m_151274_(ShapedRecipe.java:269) ~[server-1.19.2-20220805.130853-srg.jar%23177!/:?]
	at net.minecraft.world.item.crafting.ShapedRecipe$Serializer.m_6729_(ShapedRecipe.java:293) ~[server-1.19.2-20220805.130853-srg.jar%23177!/:?]
	at net.minecraft.world.item.crafting.ShapedRecipe$Serializer.m_6729_(ShapedRecipe.java:284) ~[server-1.19.2-20220805.130853-srg.jar%23177!/:?]
	at net.minecraftforge.common.extensions.IForgeRecipeSerializer.fromJson(IForgeRecipeSerializer.java:23) ~[forge-1.19.2-43.4.2-universal.jar%23182!/:?]
	at net.minecraft.world.item.crafting.RecipeManager.fromJson(RecipeManager.java:171) ~[server-1.19.2-20220805.130853-srg.jar%23177!/:?]
	at net.minecraft.world.item.crafting.RecipeManager.m_5787_(RecipeManager.java:67) ~[server-1.19.2-20220805.130853-srg.jar%23177!/:?]
	at net.minecraft.world.item.crafting.RecipeManager.m_5787_(RecipeManager.java:34) ~[server-1.19.2-20220805.130853-srg.jar%23177!/:?]
	at net.minecraft.server.packs.resources.SimplePreparableReloadListener.m_10789_(SimplePreparableReloadListener.java:13) ~[server-1.19.2-20220805.130853-srg.jar%23177!/:?]
	at java.util.concurrent.CompletableFuture$UniAccept.tryFire(CompletableFuture.java:718) ~[?:?]
	at java.util.concurrent.CompletableFuture$Completion.run(CompletableFuture.java:482) ~[?:?]
	at net.minecraft.server.packs.resources.SimpleReloadInstance.m_143940_(SimpleReloadInstance.java:69) ~[server-1.19.2-20220805.130853-srg.jar%23177!/:?]
	at net.minecraft.Util.m_214652_(Util.java:781) ~[server-1.19.2-20220805.130853-srg.jar%23177!/:?]
	at net.minecraft.Util.m_214679_(Util.java:770) ~[server-1.19.2-20220805.130853-srg.jar%23177!/:?]
	at net.minecraft.server.Main.main(Main.java:157) ~[server-1.19.2-20220805.130853-srg.jar%23177!/:?]
	at jdk.internal.reflect.NativeMethodAccessorImpl.invoke0(Native Method) ~[?:?]
	at jdk.internal.reflect.NativeMethodAccessorImpl.invoke(NativeMethodAccessorImpl.java:77) ~[?:?]
	at jdk.internal.reflect.DelegatingMethodAccessorImpl.invoke(DelegatingMethodAccessorImpl.java:43) ~[?:?]
	at java.lang.reflect.Method.invoke(Method.java:569) ~[?:?]
	at net.minecraftforge.fml.loading.targets.CommonServerLaunchHandler.lambda$launchService$0(CommonServerLaunchHandler.java:29) ~[fmlloader-1.19.2-43.4.2.jar%2367!/:?]
	at cpw.mods.modlauncher.LaunchServiceHandlerDecorator.launch(LaunchServiceHandlerDecorator.java:30) [modlauncher-10.0.8.jar%2354!/:?]
	at cpw.mods.modlauncher.LaunchServiceHandler.launch(LaunchServiceHandler.java:53) [modlauncher-10.0.8.jar%2354!/:?]
	at cpw.mods.modlauncher.LaunchServiceHandler.launch(LaunchServiceHandler.java:71) [modlauncher-10.0.8.jar%2354!/:?]
	at cpw.mods.modlauncher.Launcher.run(Launcher.java:106) [modlauncher-10.0.8.jar%2354!/:?]
	at cpw.mods.modlauncher.Launcher.main(Launcher.java:77) [modlauncher-10.0.8.jar%2354!/:?]
	at cpw.mods.modlauncher.BootstrapLaunchConsumer.accept(BootstrapLaunchConsumer.java:26) [modlauncher-10.0.8.jar%2354!/:?]
	at cpw.mods.modlauncher.BootstrapLaunchConsumer.accept(BootstrapLaunchConsumer.java:23) [modlauncher-10.0.8.jar%2354!/:?]
	at cpw.mods.bootstraplauncher.BootstrapLauncher.main(BootstrapLauncher.java:141) [bootstraplauncher-1.1.2.jar:?]
[13Jul2025 17:20:31.527] [main/ERROR] [net.minecraft.world.item.crafting.RecipeManager/]: Parsing error loading recipe legendary_monsters:dinosaur_bone_meal
com.google.gson.JsonSyntaxException: Unknown item 'legendary_monsters:dinosaur_bone_meal'
	at net.minecraftforge.common.crafting.CraftingHelper.getItem(CraftingHelper.java:154) ~[forge-1.19.2-43.4.2-universal.jar%23182!/:?]
	at net.minecraftforge.common.crafting.CraftingHelper.getItemStack(CraftingHelper.java:180) ~[forge-1.19.2-43.4.2-universal.jar%23182!/:?]
	at net.minecraft.world.item.crafting.ShapedRecipe.m_151274_(ShapedRecipe.java:269) ~[server-1.19.2-20220805.130853-srg.jar%23177!/:?]
	at net.minecraft.world.item.crafting.ShapedRecipe$Serializer.m_6729_(ShapedRecipe.java:293) ~[server-1.19.2-20220805.130853-srg.jar%23177!/:?]
	at net.minecraft.world.item.crafting.ShapedRecipe$Serializer.m_6729_(ShapedRecipe.java:284) ~[server-1.19.2-20220805.130853-srg.jar%23177!/:?]
	at net.minecraftforge.common.extensions.IForgeRecipeSerializer.fromJson(IForgeRecipeSerializer.java:23) ~[forge-1.19.2-43.4.2-universal.jar%23182!/:?]
	at net.minecraft.world.item.crafting.RecipeManager.fromJson(RecipeManager.java:171) ~[server-1.19.2-20220805.130853-srg.jar%23177!/:?]
	at net.minecraft.world.item.crafting.RecipeManager.m_5787_(RecipeManager.java:67) ~[server-1.19.2-20220805.130853-srg.jar%23177!/:?]
	at net.minecraft.world.item.crafting.RecipeManager.m_5787_(RecipeManager.java:34) ~[server-1.19.2-20220805.130853-srg.jar%23177!/:?]
	at net.minecraft.server.packs.resources.SimplePreparableReloadListener.m_10789_(SimplePreparableReloadListener.java:13) ~[server-1.19.2-20220805.130853-srg.jar%23177!/:?]
	at java.util.concurrent.CompletableFuture$UniAccept.tryFire(CompletableFuture.java:718) ~[?:?]
	at java.util.concurrent.CompletableFuture$Completion.run(CompletableFuture.java:482) ~[?:?]
	at net.minecraft.server.packs.resources.SimpleReloadInstance.m_143940_(SimpleReloadInstance.java:69) ~[server-1.19.2-20220805.130853-srg.jar%23177!/:?]
	at net.minecraft.Util.m_214652_(Util.java:781) ~[server-1.19.2-20220805.130853-srg.jar%23177!/:?]
	at net.minecraft.Util.m_214679_(Util.java:770) ~[server-1.19.2-20220805.130853-srg.jar%23177!/:?]
	at net.minecraft.server.Main.main(Main.java:157) ~[server-1.19.2-20220805.130853-srg.jar%23177!/:?]
	at jdk.internal.reflect.NativeMethodAccessorImpl.invoke0(Native Method) ~[?:?]
	at jdk.internal.reflect.NativeMethodAccessorImpl.invoke(NativeMethodAccessorImpl.java:77) ~[?:?]
	at jdk.internal.reflect.DelegatingMethodAccessorImpl.invoke(DelegatingMethodAccessorImpl.java:43) ~[?:?]
	at java.lang.reflect.Method.invoke(Method.java:569) ~[?:?]
	at net.minecraftforge.fml.loading.targets.CommonServerLaunchHandler.lambda$launchService$0(CommonServerLaunchHandler.java:29) ~[fmlloader-1.19.2-43.4.2.jar%2367!/:?]
	at cpw.mods.modlauncher.LaunchServiceHandlerDecorator.launch(LaunchServiceHandlerDecorator.java:30) [modlauncher-10.0.8.jar%2354!/:?]
	at cpw.mods.modlauncher.LaunchServiceHandler.launch(LaunchServiceHandler.java:53) [modlauncher-10.0.8.jar%2354!/:?]
	at cpw.mods.modlauncher.LaunchServiceHandler.launch(LaunchServiceHandler.java:71) [modlauncher-10.0.8.jar%2354!/:?]
	at cpw.mods.modlauncher.Launcher.run(Launcher.java:106) [modlauncher-10.0.8.jar%2354!/:?]
	at cpw.mods.modlauncher.Launcher.main(Launcher.java:77) [modlauncher-10.0.8.jar%2354!/:?]
	at cpw.mods.modlauncher.BootstrapLaunchConsumer.accept(BootstrapLaunchConsumer.java:26) [modlauncher-10.0.8.jar%2354!/:?]
	at cpw.mods.modlauncher.BootstrapLaunchConsumer.accept(BootstrapLaunchConsumer.java:23) [modlauncher-10.0.8.jar%2354!/:?]
	at cpw.mods.bootstraplauncher.BootstrapLauncher.main(BootstrapLauncher.java:141) [bootstraplauncher-1.1.2.jar:?]
[13Jul2025 17:20:31.548] [main/INFO] [net.minecraft.world.item.crafting.RecipeManager/]: Loaded 10 recipes
[13Jul2025 17:20:31.928] [main/WARN] [net.minecraft.world.level.storage.loot.LootTables/]: Found validation problem in {sons_of_sins:entities/prowler}.pools[0].entries[0].functions[1]: Parameters [<parameter minecraft:tool>] are not provided in this context
[13Jul2025 17:20:31.929] [main/WARN] [net.minecraft.world.level.storage.loot.LootTables/]: Found validation problem in {sons_of_sins:entities/butcher}.pools[0].entries[0].functions[1]: Parameters [<parameter minecraft:tool>] are not provided in this context
[13Jul2025 17:20:31.929] [main/WARN] [net.minecraft.world.level.storage.loot.LootTables/]: Found validation problem in {sons_of_sins:entities/walking_bed}.pools[0].entries[0].functions[1]: Parameters [<parameter minecraft:tool>] are not provided in this context
[13Jul2025 17:20:31.929] [main/WARN] [net.minecraft.world.level.storage.loot.LootTables/]: Found validation problem in {sons_of_sins:entities/blud}.pools[0].entries[0].functions[1]: Parameters [<parameter minecraft:tool>] are not provided in this context
[13Jul2025 17:20:31.968] [main/ERROR] [net.minecraft.server.ServerAdvancementManager/]: Parsing error loading custom advancement knightquest:recipes/misc/shinobi_leggings: Unknown required criterion 'has_cherry_wood'
[13Jul2025 17:20:31.970] [main/ERROR] [net.minecraft.server.ServerAdvancementManager/]: Parsing error loading custom advancement knightquest:recipes/misc/empty_goblet: Missing criteria, expected to find a JsonObject
[13Jul2025 17:20:31.983] [main/ERROR] [net.minecraft.server.ServerAdvancementManager/]: Parsing error loading custom advancement knightquest:recipes/misc/shinobi_boots: Unknown required criterion 'has_cherry_wood'
[13Jul2025 17:20:31.991] [main/ERROR] [net.minecraft.server.ServerAdvancementManager/]: Parsing error loading custom advancement knightquest:recipes/misc/shinobi_chestplate: Unknown required criterion 'has_cherry_wood'
[13Jul2025 17:20:32.004] [main/ERROR] [net.minecraft.server.ServerAdvancementManager/]: Parsing error loading custom advancement knightquest:recipes/misc/shinobi_helmet: Unknown required criterion 'has_cherry_wood'
[13Jul2025 17:20:32.016] [main/ERROR] [net.minecraft.server.ServerAdvancementManager/]: Parsing error loading custom advancement man:thetear: Non [a-z0-9/._-] character in path of location: man:tearoftheman

[13Jul2025 17:20:32.104] [main/INFO] [net.minecraft.advancements.AdvancementList/]: Loaded 1618 advancements
[13Jul2025 17:20:32.684] [main/DEBUG] [net.minecraftforge.common.ForgeHooks/WP]: Gathering id map for writing to world save world
[13Jul2025 17:20:32.705] [main/DEBUG] [net.minecraftforge.common.ForgeHooks/WP]: ID Map collection complete world
[13Jul2025 17:20:32.792] [Server thread/INFO] [net.minecraft.server.dedicated.DedicatedServer/]: Starting minecraft server version 1.19.2
[13Jul2025 17:20:32.792] [Server thread/INFO] [net.minecraft.server.dedicated.DedicatedServer/]: Loading properties
[13Jul2025 17:20:32.793] [Server thread/INFO] [net.minecraft.server.dedicated.DedicatedServer/]: Default game type: SURVIVAL
[13Jul2025 17:20:32.793] [Server thread/INFO] [net.minecraft.server.MinecraftServer/]: Generating keypair
[13Jul2025 17:20:32.946] [Server thread/INFO] [net.minecraft.server.dedicated.DedicatedServer/]: Starting Minecraft server on *:25565
[13Jul2025 17:20:32.947] [Server thread/DEBUG] [net.minecraftforge.network.DualStackUtils/]: Detected IPv6 address: "0:0:0:0:0:0:0:0"
[13Jul2025 17:20:32.954] [Server thread/DEBUG] [io.netty.util.internal.NativeLibraryLoader/]: -Dio.netty.native.workdir: /tmp (io.netty.tmpdir)
[13Jul2025 17:20:32.954] [Server thread/DEBUG] [io.netty.util.internal.NativeLibraryLoader/]: -Dio.netty.native.deleteLibAfterLoading: true
[13Jul2025 17:20:32.954] [Server thread/DEBUG] [io.netty.util.internal.NativeLibraryLoader/]: -Dio.netty.native.tryPatchShadedId: true
[13Jul2025 17:20:32.954] [Server thread/DEBUG] [io.netty.util.internal.NativeLibraryLoader/]: -Dio.netty.native.detectNativeLibraryDuplicates: true
[13Jul2025 17:20:32.960] [Server thread/DEBUG] [io.netty.util.internal.NativeLibraryLoader/]: Successfully loaded the library /tmp/libnetty_transport_native_epoll_x86_6416998135271720915402.so
[13Jul2025 17:20:32.963] [Server thread/DEBUG] [io.netty.util.NetUtil/]: -Djava.net.preferIPv4Stack: false
[13Jul2025 17:20:32.963] [Server thread/DEBUG] [io.netty.util.NetUtil/]: -Djava.net.preferIPv6Addresses: true
[13Jul2025 17:20:32.964] [Server thread/DEBUG] [io.netty.util.NetUtilInitializations/]: Loopback interface: lo (lo, 0:0:0:0:0:0:0:1%lo)
[13Jul2025 17:20:32.965] [Server thread/DEBUG] [io.netty.util.NetUtil/]: /proc/sys/net/core/somaxconn: 4096
[13Jul2025 17:20:32.967] [Server thread/INFO] [net.minecraft.server.network.ServerConnectionListener/]: Using epoll channel type
[13Jul2025 17:20:32.976] [Server thread/DEBUG] [io.netty.channel.MultithreadEventLoopGroup/]: -Dio.netty.eventLoopThreads: 8
[13Jul2025 17:20:32.987] [Server thread/DEBUG] [io.netty.util.internal.InternalThreadLocalMap/]: -Dio.netty.threadLocalMap.stringBuilder.initialSize: 1024
[13Jul2025 17:20:32.987] [Server thread/DEBUG] [io.netty.util.internal.InternalThreadLocalMap/]: -Dio.netty.threadLocalMap.stringBuilder.maxSize: 4096
[13Jul2025 17:20:32.996] [Server thread/DEBUG] [io.netty.util.internal.PlatformDependent/]: org.jctools-core.MpscChunkedArrayQueue: available
[13Jul2025 17:20:33.005] [Server thread/DEBUG] [io.netty.channel.DefaultChannelId/]: -Dio.netty.processId: 40496 (auto-detected)
[13Jul2025 17:20:33.006] [Server thread/DEBUG] [io.netty.channel.DefaultChannelId/]: -Dio.netty.machineId: 60:45:bd:ff:fe:c7:34:b5 (auto-detected)
[13Jul2025 17:20:33.030] [Server thread/DEBUG] [io.netty.buffer.PooledByteBufAllocator/]: -Dio.netty.allocator.numHeapArenas: 8
[13Jul2025 17:20:33.030] [Server thread/DEBUG] [io.netty.buffer.PooledByteBufAllocator/]: -Dio.netty.allocator.numDirectArenas: 8
[13Jul2025 17:20:33.030] [Server thread/DEBUG] [io.netty.buffer.PooledByteBufAllocator/]: -Dio.netty.allocator.pageSize: 8192
[13Jul2025 17:20:33.030] [Server thread/DEBUG] [io.netty.buffer.PooledByteBufAllocator/]: -Dio.netty.allocator.maxOrder: 9
[13Jul2025 17:20:33.030] [Server thread/DEBUG] [io.netty.buffer.PooledByteBufAllocator/]: -Dio.netty.allocator.chunkSize: 4194304
[13Jul2025 17:20:33.030] [Server thread/DEBUG] [io.netty.buffer.PooledByteBufAllocator/]: -Dio.netty.allocator.smallCacheSize: 256
[13Jul2025 17:20:33.030] [Server thread/DEBUG] [io.netty.buffer.PooledByteBufAllocator/]: -Dio.netty.allocator.normalCacheSize: 64
[13Jul2025 17:20:33.030] [Server thread/DEBUG] [io.netty.buffer.PooledByteBufAllocator/]: -Dio.netty.allocator.maxCachedBufferCapacity: 32768
[13Jul2025 17:20:33.030] [Server thread/DEBUG] [io.netty.buffer.PooledByteBufAllocator/]: -Dio.netty.allocator.cacheTrimInterval: 8192
[13Jul2025 17:20:33.030] [Server thread/DEBUG] [io.netty.buffer.PooledByteBufAllocator/]: -Dio.netty.allocator.cacheTrimIntervalMillis: 0
[13Jul2025 17:20:33.030] [Server thread/DEBUG] [io.netty.buffer.PooledByteBufAllocator/]: -Dio.netty.allocator.useCacheForAllThreads: false
[13Jul2025 17:20:33.030] [Server thread/DEBUG] [io.netty.buffer.PooledByteBufAllocator/]: -Dio.netty.allocator.maxCachedByteBuffersPerChunk: 1023
[13Jul2025 17:20:33.038] [Server thread/DEBUG] [io.netty.buffer.ByteBufUtil/]: -Dio.netty.allocator.type: pooled
[13Jul2025 17:20:33.038] [Server thread/DEBUG] [io.netty.buffer.ByteBufUtil/]: -Dio.netty.threadLocalDirectBufferSize: 0
[13Jul2025 17:20:33.038] [Server thread/DEBUG] [io.netty.buffer.ByteBufUtil/]: -Dio.netty.maxThreadLocalCharBufferSize: 16384
[13Jul2025 17:20:33.047] [Server thread/WARN] [net.minecraft.server.dedicated.DedicatedServer/]: **** SERVER IS RUNNING IN OFFLINE/INSECURE MODE!
[13Jul2025 17:20:33.047] [Server thread/WARN] [net.minecraft.server.dedicated.DedicatedServer/]: The server will make no attempt to authenticate usernames. Beware.
[13Jul2025 17:20:33.048] [Server thread/WARN] [net.minecraft.server.dedicated.DedicatedServer/]: While this makes the game possible to play without internet access, it also opens up the ability for hackers to connect with any username they choose.
[13Jul2025 17:20:33.048] [Server thread/WARN] [net.minecraft.server.dedicated.DedicatedServer/]: To change this, set "online-mode" to "true" in the server.properties file.
[13Jul2025 17:20:33.063] [Server thread/DEBUG] [net.minecraftforge.fml.loading.FileUtils/CORE]: Found existing serverconfig directory : ./world/serverconfig
[13Jul2025 17:20:33.063] [Server thread/DEBUG] [net.minecraftforge.fml.config.ConfigTracker/CONFIG]: Loading configs type SERVER
[13Jul2025 17:20:33.063] [Server thread/DEBUG] [net.minecraftforge.fml.config.ConfigFileTypeHandler/CONFIG]: Built TOML config for ./world/serverconfig/cgm-server.toml
[13Jul2025 17:20:33.064] [Server thread/DEBUG] [net.minecraftforge.fml.config.ConfigFileTypeHandler/CONFIG]: Loaded TOML config file ./world/serverconfig/cgm-server.toml
[13Jul2025 17:20:33.064] [Server thread/DEBUG] [net.minecraftforge.fml.config.ConfigFileTypeHandler/CONFIG]: Watching TOML config file ./world/serverconfig/cgm-server.toml for changes
[13Jul2025 17:20:33.065] [Thread-0/DEBUG] [net.minecraftforge.fml.config.ConfigFileTypeHandler/CONFIG]: Config file cgm-server.toml changed, sending notifies
[13Jul2025 17:20:33.065] [Server thread/DEBUG] [net.minecraftforge.fml.config.ConfigFileTypeHandler/CONFIG]: Built TOML config for ./world/serverconfig/jei-server.toml
[13Jul2025 17:20:33.065] [Server thread/DEBUG] [net.minecraftforge.fml.config.ConfigFileTypeHandler/CONFIG]: Loaded TOML config file ./world/serverconfig/jei-server.toml
[13Jul2025 17:20:33.066] [Server thread/DEBUG] [net.minecraftforge.fml.config.ConfigFileTypeHandler/CONFIG]: Watching TOML config file ./world/serverconfig/jei-server.toml for changes
[13Jul2025 17:20:33.066] [Server thread/DEBUG] [net.minecraftforge.fml.config.ConfigFileTypeHandler/CONFIG]: Built TOML config for ./world/serverconfig/mokey-server.toml
[13Jul2025 17:20:33.066] [Thread-0/DEBUG] [net.minecraftforge.fml.config.ConfigFileTypeHandler/CONFIG]: Config file cgm-server.toml changed, sending notifies
[13Jul2025 17:20:33.066] [Server thread/DEBUG] [net.minecraftforge.fml.config.ConfigFileTypeHandler/CONFIG]: Loaded TOML config file ./world/serverconfig/mokey-server.toml
[13Jul2025 17:20:33.067] [Server thread/DEBUG] [net.minecraftforge.fml.config.ConfigFileTypeHandler/CONFIG]: Watching TOML config file ./world/serverconfig/mokey-server.toml for changes
[13Jul2025 17:20:33.067] [Thread-0/DEBUG] [net.minecraftforge.fml.config.ConfigFileTypeHandler/CONFIG]: Config file mokey-server.toml changed, sending notifies
[13Jul2025 17:20:33.067] [Server thread/DEBUG] [net.minecraftforge.fml.config.ConfigFileTypeHandler/CONFIG]: Built TOML config for ./world/serverconfig/cave_dweller-server.toml
[13Jul2025 17:20:33.069] [Thread-0/INFO] [de.cadentem.mokey.Mokey/]: Server configuration has been reloaded
[13Jul2025 17:20:33.070] [Thread-0/DEBUG] [net.minecraftforge.fml.config.ConfigFileTypeHandler/CONFIG]: Config file mokey-server.toml changed, sending notifies
[13Jul2025 17:20:33.070] [Thread-0/INFO] [de.cadentem.mokey.Mokey/]: Server configuration has been reloaded
[13Jul2025 17:20:33.070] [Server thread/DEBUG] [net.minecraftforge.fml.config.ConfigFileTypeHandler/CONFIG]: Loaded TOML config file ./world/serverconfig/cave_dweller-server.toml
[13Jul2025 17:20:33.071] [Server thread/DEBUG] [net.minecraftforge.fml.config.ConfigFileTypeHandler/CONFIG]: Watching TOML config file ./world/serverconfig/cave_dweller-server.toml for changes
[13Jul2025 17:20:33.071] [Server thread/DEBUG] [net.minecraftforge.fml.config.ConfigFileTypeHandler/CONFIG]: Built TOML config for ./world/serverconfig/irritator-server.toml
[13Jul2025 17:20:33.072] [Server thread/DEBUG] [net.minecraftforge.fml.config.ConfigFileTypeHandler/CONFIG]: Loaded TOML config file ./world/serverconfig/irritator-server.toml
[13Jul2025 17:20:33.072] [Server thread/DEBUG] [net.minecraftforge.fml.config.ConfigFileTypeHandler/CONFIG]: Watching TOML config file ./world/serverconfig/irritator-server.toml for changes
[13Jul2025 17:20:33.073] [Thread-0/DEBUG] [net.minecraftforge.fml.config.ConfigFileTypeHandler/CONFIG]: Config file cave_dweller-server.toml changed, sending notifies
[13Jul2025 17:20:33.073] [Thread-0/INFO] [de.cadentem.cave_dweller.CaveDweller/]: Server configuration has been reloaded
[13Jul2025 17:20:33.074] [Thread-0/DEBUG] [net.minecraftforge.fml.config.ConfigFileTypeHandler/CONFIG]: Config file irritator-server.toml changed, sending notifies
[13Jul2025 17:20:33.075] [Thread-0/INFO] [de.cadentem.irritator.Irritator/]: Server configuration has been reloaded
[13Jul2025 17:20:33.075] [Thread-0/DEBUG] [net.minecraftforge.fml.config.ConfigFileTypeHandler/CONFIG]: Config file irritator-server.toml changed, sending notifies
[13Jul2025 17:20:33.076] [Server thread/DEBUG] [net.minecraftforge.fml.config.ConfigFileTypeHandler/CONFIG]: Built TOML config for ./world/serverconfig/cartoon_dweller-server.toml
[13Jul2025 17:20:33.076] [Server thread/DEBUG] [net.minecraftforge.fml.config.ConfigFileTypeHandler/CONFIG]: Loaded TOML config file ./world/serverconfig/cartoon_dweller-server.toml
[13Jul2025 17:20:33.076] [Server thread/DEBUG] [net.minecraftforge.fml.config.ConfigFileTypeHandler/CONFIG]: Watching TOML config file ./world/serverconfig/cartoon_dweller-server.toml for changes
[13Jul2025 17:20:33.077] [Thread-0/INFO] [de.cadentem.irritator.Irritator/]: Server configuration has been reloaded
[13Jul2025 17:20:33.077] [Thread-0/DEBUG] [net.minecraftforge.fml.config.ConfigFileTypeHandler/CONFIG]: Config file cartoon_dweller-server.toml changed, sending notifies
[13Jul2025 17:20:33.078] [Thread-0/INFO] [de.cadentem.cartoon_dweller.CartoonDweller/]: Server configuration has been reloaded
[13Jul2025 17:20:33.078] [Server thread/DEBUG] [net.minecraftforge.fml.config.ConfigFileTypeHandler/CONFIG]: Built TOML config for ./world/serverconfig/sackman-server.toml
[13Jul2025 17:20:33.079] [Server thread/DEBUG] [net.minecraftforge.fml.config.ConfigFileTypeHandler/CONFIG]: Loaded TOML config file ./world/serverconfig/sackman-server.toml
[13Jul2025 17:20:33.079] [Server thread/DEBUG] [net.minecraftforge.fml.config.ConfigFileTypeHandler/CONFIG]: Watching TOML config file ./world/serverconfig/sackman-server.toml for changes
[13Jul2025 17:20:33.080] [Thread-0/DEBUG] [net.minecraftforge.fml.config.ConfigFileTypeHandler/CONFIG]: Config file cartoon_dweller-server.toml changed, sending notifies
[13Jul2025 17:20:33.080] [Thread-0/INFO] [de.cadentem.cartoon_dweller.CartoonDweller/]: Server configuration has been reloaded
[13Jul2025 17:20:33.080] [Thread-0/DEBUG] [net.minecraftforge.fml.config.ConfigFileTypeHandler/CONFIG]: Config file sackman-server.toml changed, sending notifies
[13Jul2025 17:20:33.081] [Thread-0/INFO] [de.cadentem.sackman.SackMan/]: Server configuration has been reloaded
[13Jul2025 17:20:33.081] [Server thread/DEBUG] [net.minecraftforge.fml.config.ConfigFileTypeHandler/CONFIG]: Built TOML config for ./world/serverconfig/mimicer-server.toml
[13Jul2025 17:20:33.082] [Server thread/DEBUG] [net.minecraftforge.fml.config.ConfigFileTypeHandler/CONFIG]: Loaded TOML config file ./world/serverconfig/mimicer-server.toml
[13Jul2025 17:20:33.082] [Server thread/DEBUG] [net.minecraftforge.fml.config.ConfigFileTypeHandler/CONFIG]: Watching TOML config file ./world/serverconfig/mimicer-server.toml for changes
[13Jul2025 17:20:33.083] [Server thread/DEBUG] [net.minecraftforge.fml.config.ConfigFileTypeHandler/CONFIG]: Built TOML config for ./world/serverconfig/forge-server.toml
[13Jul2025 17:20:33.083] [Server thread/DEBUG] [net.minecraftforge.fml.config.ConfigFileTypeHandler/CONFIG]: Loaded TOML config file ./world/serverconfig/forge-server.toml
[13Jul2025 17:20:33.083] [Server thread/DEBUG] [net.minecraftforge.fml.config.ConfigFileTypeHandler/CONFIG]: Watching TOML config file ./world/serverconfig/forge-server.toml for changes
[13Jul2025 17:20:33.083] [Server thread/DEBUG] [net.minecraftforge.common.ForgeConfig/FORGEMOD]: Loaded forge config file forge-server.toml
[13Jul2025 17:20:33.084] [Thread-0/DEBUG] [net.minecraftforge.fml.config.ConfigFileTypeHandler/CONFIG]: Config file sackman-server.toml changed, sending notifies
[13Jul2025 17:20:33.084] [Thread-0/INFO] [de.cadentem.sackman.SackMan/]: Server configuration has been reloaded
[13Jul2025 17:20:33.085] [Thread-0/DEBUG] [net.minecraftforge.fml.config.ConfigFileTypeHandler/CONFIG]: Config file mimicer-server.toml changed, sending notifies
[13Jul2025 17:20:33.085] [Thread-0/INFO] [de.cadentem.mimicer.Mimicer/]: Server configuration has been reloaded
[13Jul2025 17:20:33.088] [Thread-0/DEBUG] [net.minecraftforge.fml.config.ConfigFileTypeHandler/CONFIG]: Config file forge-server.toml changed, sending notifies
[13Jul2025 17:20:33.089] [Thread-0/DEBUG] [net.minecraftforge.common.ForgeConfig/FORGEMOD]: Forge config just got changed on the file system!
[13Jul2025 17:20:33.089] [Thread-0/DEBUG] [net.minecraftforge.fml.config.ConfigFileTypeHandler/CONFIG]: Config file forge-server.toml changed, sending notifies
[13Jul2025 17:20:33.089] [Thread-0/DEBUG] [net.minecraftforge.common.ForgeConfig/FORGEMOD]: Forge config just got changed on the file system!
[13Jul2025 17:20:33.268] [Server thread/INFO] [Framework/]: Loading server configs...
[13Jul2025 17:20:33.283] [Server thread/INFO] [net.minecraft.server.dedicated.DedicatedServer/]: Preparing level "world"
[13Jul2025 17:20:33.812] [Server thread/INFO] [net.minecraft.server.MinecraftServer/]: Preparing start region for dimension minecraft:overworld
[13Jul2025 17:20:39.536] [Worker-Main-3/INFO] [net.minecraft.server.level.progress.LoggerChunkProgressListener/]: Preparing spawn area: 0%
[13Jul2025 17:20:39.541] [Worker-Main-3/INFO] [net.minecraft.server.level.progress.LoggerChunkProgressListener/]: Preparing spawn area: 0%
[13Jul2025 17:20:39.543] [Worker-Main-3/INFO] [net.minecraft.server.level.progress.LoggerChunkProgressListener/]: Preparing spawn area: 0%
[13Jul2025 17:20:39.551] [Worker-Main-3/INFO] [net.minecraft.server.level.progress.LoggerChunkProgressListener/]: Preparing spawn area: 0%
[13Jul2025 17:20:39.553] [Worker-Main-3/INFO] [net.minecraft.server.level.progress.LoggerChunkProgressListener/]: Preparing spawn area: 0%
[13Jul2025 17:20:39.556] [Worker-Main-3/INFO] [net.minecraft.server.level.progress.LoggerChunkProgressListener/]: Preparing spawn area: 0%
[13Jul2025 17:20:39.557] [Worker-Main-2/INFO] [net.minecraft.server.level.progress.LoggerChunkProgressListener/]: Preparing spawn area: 0%
[13Jul2025 17:20:39.558] [Worker-Main-2/INFO] [net.minecraft.server.level.progress.LoggerChunkProgressListener/]: Preparing spawn area: 0%
[13Jul2025 17:20:39.563] [Worker-Main-2/INFO] [net.minecraft.server.level.progress.LoggerChunkProgressListener/]: Preparing spawn area: 0%
[13Jul2025 17:20:39.565] [Worker-Main-2/INFO] [net.minecraft.server.level.progress.LoggerChunkProgressListener/]: Preparing spawn area: 0%
[13Jul2025 17:20:39.567] [Worker-Main-3/INFO] [net.minecraft.server.level.progress.LoggerChunkProgressListener/]: Preparing spawn area: 0%
[13Jul2025 17:20:39.568] [Worker-Main-3/INFO] [net.minecraft.server.level.progress.LoggerChunkProgressListener/]: Preparing spawn area: 0%
[13Jul2025 17:20:39.814] [Worker-Main-3/INFO] [net.minecraft.server.level.progress.LoggerChunkProgressListener/]: Preparing spawn area: 0%
[13Jul2025 17:20:40.313] [Worker-Main-2/INFO] [net.minecraft.server.level.progress.LoggerChunkProgressListener/]: Preparing spawn area: 17%
[13Jul2025 17:20:40.815] [Worker-Main-3/INFO] [net.minecraft.server.level.progress.LoggerChunkProgressListener/]: Preparing spawn area: 68%
[13Jul2025 17:20:41.181] [Server thread/INFO] [net.minecraft.server.level.progress.LoggerChunkProgressListener/]: Time elapsed: 7368 ms
[13Jul2025 17:20:41.181] [Server thread/INFO] [net.minecraft.server.dedicated.DedicatedServer/]: Done (8.123s)! For help, type "help"
[13Jul2025 17:20:41.206] [Server thread/DEBUG] [net.minecraftforge.common.ForgeI18n/CORE]: Loading I18N data entries: 4513
[13Jul2025 17:20:41.209] [Server thread/INFO] [net.minecraftforge.server.permission.PermissionAPI/]: Successfully initialized permission handler forge:default_handler
[13Jul2025 17:20:41.210] [Server thread/INFO] [net.stardustlabs.terralith.Terralith/]: Thanks for choosing Terralith!
[13Jul2025 17:20:41.250] [Server thread/DEBUG] [mixin/]: Mixing NaturalSpawnerMixin from mixins.bosses_of_mass_destruction.json into net.minecraft.world.level.NaturalSpawner
[13Jul2025 17:20:52.837] [Netty Epoll Server IO #1/DEBUG] [io.netty.util.Recycler/]: -Dio.netty.recycler.maxCapacityPerThread: 4096
[13Jul2025 17:20:52.838] [Netty Epoll Server IO #1/DEBUG] [io.netty.util.Recycler/]: -Dio.netty.recycler.ratio: 8
[13Jul2025 17:20:52.838] [Netty Epoll Server IO #1/DEBUG] [io.netty.util.Recycler/]: -Dio.netty.recycler.chunkSize: 32
[13Jul2025 17:20:52.838] [Netty Epoll Server IO #1/DEBUG] [io.netty.util.Recycler/]: -Dio.netty.recycler.blocking: false
[13Jul2025 17:20:52.843] [Netty Epoll Server IO #1/DEBUG] [io.netty.buffer.AbstractByteBuf/]: -Dio.netty.buffer.checkAccessible: true
[13Jul2025 17:20:52.843] [Netty Epoll Server IO #1/DEBUG] [io.netty.buffer.AbstractByteBuf/]: -Dio.netty.buffer.checkBounds: true
[13Jul2025 17:20:52.843] [Netty Epoll Server IO #1/DEBUG] [io.netty.util.ResourceLeakDetectorFactory/]: Loaded default ResourceLeakDetector: io.netty.util.ResourceLeakDetector@2673dcae
[13Jul2025 17:20:54.727] [Netty Epoll Server IO #2/DEBUG] [net.minecraftforge.network.HandshakeHandler/FMLHANDSHAKE]: Starting new modded impl connection. Found 31 messages to dispatch.
[13Jul2025 17:20:54.770] [Server thread/DEBUG] [net.minecraftforge.network.HandshakeHandler/FMLHANDSHAKE]: Sending ticking packet info 'cgm:network_gun_manager' to 'framework:handshake' sequence 0
[13Jul2025 17:20:54.819] [Server thread/DEBUG] [net.minecraftforge.network.HandshakeHandler/FMLHANDSHAKE]: Sending ticking packet info 'cgm:custom_gun_manager' to 'framework:handshake' sequence 1
[13Jul2025 17:20:54.869] [Server thread/DEBUG] [net.minecraftforge.network.HandshakeHandler/FMLHANDSHAKE]: Sending ticking packet info 'net.minecraftforge.network.HandshakeMessages$S2CModData' to 'fml:handshake' sequence 2
[13Jul2025 17:20:54.922] [Server thread/DEBUG] [net.minecraftforge.network.HandshakeHandler/FMLHANDSHAKE]: Sending ticking packet info 'net.minecraftforge.network.HandshakeMessages$S2CModList' to 'fml:handshake' sequence 3
[13Jul2025 17:20:54.930] [Netty Epoll Server IO #2/DEBUG] [net.minecraftforge.network.LoginWrapper/FMLHANDSHAKE]: Recieved login wrapper packet event for channel framework:handshake with index 0
[13Jul2025 17:20:54.932] [Netty Epoll Server IO #2/DEBUG] [net.minecraftforge.network.HandshakeHandler/FMLHANDSHAKE]: Received client indexed reply 0 of type com.mrcrayfish.framework.api.network.message.HandshakeMessage$Acknowledge
[13Jul2025 17:20:54.934] [Netty Epoll Server IO #2/DEBUG] [mixin/]: Mixing ServerPlayNetworkHandlerMixin from graveyard.mixins.json into net.minecraft.server.network.ServerGamePacketListenerImpl
[13Jul2025 17:20:54.934] [Netty Epoll Server IO #2/DEBUG] [mixin/]: graveyard.mixins.json:ServerPlayNetworkHandlerMixin: Class version 61 required is higher than the class version supported by the current version of Mixin (JAVA_8 supports class version 52)
[13Jul2025 17:20:54.953] [Netty Epoll Server IO #2/DEBUG] [Framework/FRAMEWORK_HANDSHAKE]: Received acknowledgement from client
[13Jul2025 17:20:54.954] [Netty Epoll Server IO #2/DEBUG] [net.minecraftforge.network.LoginWrapper/FMLHANDSHAKE]: Recieved login wrapper packet event for channel framework:handshake with index 1
[13Jul2025 17:20:54.954] [Netty Epoll Server IO #2/DEBUG] [net.minecraftforge.network.HandshakeHandler/FMLHANDSHAKE]: Received client indexed reply 1 of type com.mrcrayfish.framework.api.network.message.HandshakeMessage$Acknowledge
[13Jul2025 17:20:54.954] [Netty Epoll Server IO #2/DEBUG] [Framework/FRAMEWORK_HANDSHAKE]: Received acknowledgement from client
[13Jul2025 17:20:54.970] [Server thread/DEBUG] [net.minecraftforge.network.HandshakeHandler/FMLHANDSHAKE]: Sending ticking packet info 'Registry minecraft:command_argument_type' to 'fml:handshake' sequence 4
[13Jul2025 17:20:54.997] [Netty Epoll Server IO #2/DEBUG] [net.minecraftforge.network.LoginWrapper/FMLHANDSHAKE]: Recieved login wrapper packet event for channel fml:handshake with index 3
[13Jul2025 17:20:54.999] [Netty Epoll Server IO #2/DEBUG] [net.minecraftforge.network.HandshakeHandler/FMLHANDSHAKE]: Received client indexed reply 3 of type net.minecraftforge.network.HandshakeMessages$C2SModListReply
[13Jul2025 17:20:54.999] [Netty Epoll Server IO #2/DEBUG] [net.minecraftforge.network.HandshakeHandler/FMLHANDSHAKE]: Received client connection with modlist [minecraft, sons_of_sins, treechop, midnightlurker, mowziesmobs, cgm, knightquest, eeeabsmobs, firstperson, graveyard, the_silence, born_in_chaos_v1, obscure_api, rubidium, oculus, the_cuckoo_clock, man, modernfix, jei, citadel, alexsmobs, legendary_monsters, mixinextras, knightlib, ferritecore, bosses_of_mass_destruction, terralith, justzoom, the_knocker, framework, cloth_config, sound_physics_remastered, forge, appleskin, tlskincape, konkrete, geckolib3, mokey, cave_dweller, irritator, cartoon_dweller, sackman, mimicer, aquamirae]
[13Jul2025 17:20:55.000] [Netty Epoll Server IO #2/DEBUG] [net.minecraftforge.network.NetworkRegistry/NETREGISTRY]: Channel 'the_knocker:the_knocker' : Version test of '1' from client : ACCEPTED
[13Jul2025 17:20:55.000] [Netty Epoll Server IO #2/DEBUG] [net.minecraftforge.network.NetworkRegistry/NETREGISTRY]: Channel 'eeeabsmobs:net' : Version test of '1.0' from client : ACCEPTED
[13Jul2025 17:20:55.000] [Netty Epoll Server IO #2/DEBUG] [net.minecraftforge.network.NetworkRegistry/NETREGISTRY]: Channel 'jei:channel' : Version test of '1.0.0' from client : ACCEPTED
[13Jul2025 17:20:55.000] [Netty Epoll Server IO #2/DEBUG] [net.minecraftforge.network.NetworkRegistry/NETREGISTRY]: Channel 'sackman:main' : Version test of '2' from client : ACCEPTED
[13Jul2025 17:20:55.000] [Netty Epoll Server IO #2/DEBUG] [net.minecraftforge.network.NetworkRegistry/NETREGISTRY]: Channel 'minecraft:unregister' : Version test of 'FML3' from client : ACCEPTED
[13Jul2025 17:20:55.000] [Netty Epoll Server IO #2/DEBUG] [net.minecraftforge.network.NetworkRegistry/NETREGISTRY]: Channel 'the_silence:the_silence' : Version test of '1' from client : ACCEPTED
[13Jul2025 17:20:55.000] [Netty Epoll Server IO #2/DEBUG] [net.minecraftforge.network.NetworkRegistry/NETREGISTRY]: Channel 'citadel:main_channel' : Version test of '1' from client : ACCEPTED
[13Jul2025 17:20:55.000] [Netty Epoll Server IO #2/DEBUG] [net.minecraftforge.network.NetworkRegistry/NETREGISTRY]: Channel 'born_in_chaos_v1:born_in_chaos_v1' : Version test of '1' from client : ACCEPTED
[13Jul2025 17:20:55.000] [Netty Epoll Server IO #2/DEBUG] [net.minecraftforge.network.NetworkRegistry/NETREGISTRY]: Channel 'sons_of_sins:sons_of_sins' : Version test of '1' from client : ACCEPTED
[13Jul2025 17:20:55.000] [Netty Epoll Server IO #2/DEBUG] [net.minecraftforge.network.NetworkRegistry/NETREGISTRY]: Channel 'obscure_api:obscure_api' : Version test of '1' from client : ACCEPTED
[13Jul2025 17:20:55.000] [Netty Epoll Server IO #2/DEBUG] [net.minecraftforge.network.NetworkRegistry/NETREGISTRY]: Channel 'framework:play' : Version test of '1' from client : ACCEPTED
[13Jul2025 17:20:55.000] [Netty Epoll Server IO #2/DEBUG] [net.minecraftforge.network.NetworkRegistry/NETREGISTRY]: Channel 'bosses_of_mass_destruction:packets' : Version test of '1' from client : ACCEPTED
[13Jul2025 17:20:55.000] [Netty Epoll Server IO #2/DEBUG] [net.minecraftforge.network.NetworkRegistry/NETREGISTRY]: Channel 'cartoon_dweller:main' : Version test of '2' from client : ACCEPTED
[13Jul2025 17:20:55.000] [Netty Epoll Server IO #2/DEBUG] [net.minecraftforge.network.NetworkRegistry/NETREGISTRY]: Channel 'mimicer:main' : Version test of '2' from client : ACCEPTED
[13Jul2025 17:20:55.001] [Netty Epoll Server IO #2/DEBUG] [net.minecraftforge.network.NetworkRegistry/NETREGISTRY]: Channel 'minecraft:treechop-channel' : Version test of '7' from client : ACCEPTED
[13Jul2025 17:20:55.001] [Netty Epoll Server IO #2/DEBUG] [net.minecraftforge.network.NetworkRegistry/NETREGISTRY]: Channel 'the_cuckoo_clock:the_cuckoo_clock' : Version test of '1' from client : ACCEPTED
[13Jul2025 17:20:55.001] [Netty Epoll Server IO #2/DEBUG] [net.minecraftforge.network.NetworkRegistry/NETREGISTRY]: Channel 'appleskin:sync' : Version test of '1' from client : ACCEPTED
[13Jul2025 17:20:55.001] [Netty Epoll Server IO #2/DEBUG] [net.minecraftforge.network.NetworkRegistry/NETREGISTRY]: Channel 'cave_dweller:main' : Version test of '2' from client : ACCEPTED
[13Jul2025 17:20:55.001] [Netty Epoll Server IO #2/DEBUG] [net.minecraftforge.network.NetworkRegistry/NETREGISTRY]: Channel 'mokey:main' : Version test of '2' from client : ACCEPTED
[13Jul2025 17:20:55.001] [Netty Epoll Server IO #2/DEBUG] [net.minecraftforge.network.NetworkRegistry/NETREGISTRY]: Channel 'framework:handshake' : Version test of '1' from client : ACCEPTED
[13Jul2025 17:20:55.001] [Netty Epoll Server IO #2/DEBUG] [net.minecraftforge.network.NetworkRegistry/NETREGISTRY]: Channel 'fml:loginwrapper' : Version test of 'FML3' from client : ACCEPTED
[13Jul2025 17:20:55.001] [Netty Epoll Server IO #2/DEBUG] [net.minecraftforge.network.NetworkRegistry/NETREGISTRY]: Channel 'forge:tier_sorting' : Version test of '1.0' from client : ACCEPTED
[13Jul2025 17:20:55.001] [Netty Epoll Server IO #2/DEBUG] [net.minecraftforge.network.NetworkRegistry/NETREGISTRY]: Channel 'aquamirae:main' : Version test of '1' from client : ACCEPTED
[13Jul2025 17:20:55.001] [Netty Epoll Server IO #2/DEBUG] [net.minecraftforge.network.NetworkRegistry/NETREGISTRY]: Channel 'alexsmobs:main_channel' : Version test of '1' from client : ACCEPTED
[13Jul2025 17:20:55.001] [Netty Epoll Server IO #2/DEBUG] [net.minecraftforge.network.NetworkRegistry/NETREGISTRY]: Channel 'cgm:play' : Version test of '1' from client : ACCEPTED
[13Jul2025 17:20:55.001] [Netty Epoll Server IO #2/DEBUG] [net.minecraftforge.network.NetworkRegistry/NETREGISTRY]: Channel 'mowziesmobs:net' : Version test of '1' from client : ACCEPTED
[13Jul2025 17:20:55.001] [Netty Epoll Server IO #2/DEBUG] [net.minecraftforge.network.NetworkRegistry/NETREGISTRY]: Channel 'fml:play' : Version test of 'FML3' from client : ACCEPTED
[13Jul2025 17:20:55.001] [Netty Epoll Server IO #2/DEBUG] [net.minecraftforge.network.NetworkRegistry/NETREGISTRY]: Channel 'irritator:main' : Version test of '2' from client : ACCEPTED
[13Jul2025 17:20:55.001] [Netty Epoll Server IO #2/DEBUG] [net.minecraftforge.network.NetworkRegistry/NETREGISTRY]: Channel 'midnightlurker:midnightlurker' : Version test of '1' from client : ACCEPTED
[13Jul2025 17:20:55.001] [Netty Epoll Server IO #2/DEBUG] [net.minecraftforge.network.NetworkRegistry/NETREGISTRY]: Channel 'man:man' : Version test of '1' from client : ACCEPTED
[13Jul2025 17:20:55.001] [Netty Epoll Server IO #2/DEBUG] [net.minecraftforge.network.NetworkRegistry/NETREGISTRY]: Channel 'fml:handshake' : Version test of 'FML3' from client : ACCEPTED
[13Jul2025 17:20:55.001] [Netty Epoll Server IO #2/DEBUG] [net.minecraftforge.network.NetworkRegistry/NETREGISTRY]: Channel 'geckolib3:main' : Version test of '0' from client : ACCEPTED
[13Jul2025 17:20:55.001] [Netty Epoll Server IO #2/DEBUG] [net.minecraftforge.network.NetworkRegistry/NETREGISTRY]: Channel 'minecraft:register' : Version test of 'FML3' from client : ACCEPTED
[13Jul2025 17:20:55.001] [Netty Epoll Server IO #2/DEBUG] [net.minecraftforge.network.NetworkRegistry/NETREGISTRY]: Channel 'forge:split' : Version test of '1.1' from client : ACCEPTED
[13Jul2025 17:20:55.001] [Netty Epoll Server IO #2/DEBUG] [net.minecraftforge.network.NetworkRegistry/NETREGISTRY]: Accepting channel list from client
[13Jul2025 17:20:55.003] [Netty Epoll Server IO #2/DEBUG] [net.minecraftforge.network.HandshakeHandler/FMLHANDSHAKE]: Accepted client connection mod list
[13Jul2025 17:20:55.020] [Server thread/DEBUG] [net.minecraftforge.network.HandshakeHandler/FMLHANDSHAKE]: Sending ticking packet info 'Registry minecraft:recipe_serializer' to 'fml:handshake' sequence 5
[13Jul2025 17:20:55.061] [Netty Epoll Server IO #2/DEBUG] [net.minecraftforge.network.LoginWrapper/FMLHANDSHAKE]: Recieved login wrapper packet event for channel fml:handshake with index 4
[13Jul2025 17:20:55.061] [Netty Epoll Server IO #2/DEBUG] [net.minecraftforge.network.HandshakeHandler/FMLHANDSHAKE]: Received client indexed reply 4 of type net.minecraftforge.network.HandshakeMessages$C2SAcknowledge
[13Jul2025 17:20:55.061] [Netty Epoll Server IO #2/DEBUG] [net.minecraftforge.network.HandshakeHandler/FMLHANDSHAKE]: Received acknowledgement from client
[13Jul2025 17:20:55.070] [Server thread/DEBUG] [net.minecraftforge.network.HandshakeHandler/FMLHANDSHAKE]: Sending ticking packet info 'Registry minecraft:sound_event' to 'fml:handshake' sequence 6
[13Jul2025 17:20:55.121] [Server thread/DEBUG] [net.minecraftforge.network.HandshakeHandler/FMLHANDSHAKE]: Sending ticking packet info 'Registry minecraft:particle_type' to 'fml:handshake' sequence 7
[13Jul2025 17:20:55.124] [Netty Epoll Server IO #2/DEBUG] [net.minecraftforge.network.LoginWrapper/FMLHANDSHAKE]: Recieved login wrapper packet event for channel fml:handshake with index 5
[13Jul2025 17:20:55.125] [Netty Epoll Server IO #2/DEBUG] [net.minecraftforge.network.HandshakeHandler/FMLHANDSHAKE]: Received client indexed reply 5 of type net.minecraftforge.network.HandshakeMessages$C2SAcknowledge
[13Jul2025 17:20:55.125] [Netty Epoll Server IO #2/DEBUG] [net.minecraftforge.network.HandshakeHandler/FMLHANDSHAKE]: Received acknowledgement from client
[13Jul2025 17:20:55.171] [Server thread/DEBUG] [net.minecraftforge.network.HandshakeHandler/FMLHANDSHAKE]: Sending ticking packet info 'Registry minecraft:villager_profession' to 'fml:handshake' sequence 8
[13Jul2025 17:20:55.219] [Server thread/DEBUG] [net.minecraftforge.network.HandshakeHandler/FMLHANDSHAKE]: Sending ticking packet info 'Registry minecraft:item' to 'fml:handshake' sequence 9
[13Jul2025 17:20:55.261] [Netty Epoll Server IO #2/DEBUG] [net.minecraftforge.network.LoginWrapper/FMLHANDSHAKE]: Recieved login wrapper packet event for channel fml:handshake with index 6
[13Jul2025 17:20:55.261] [Netty Epoll Server IO #2/DEBUG] [net.minecraftforge.network.HandshakeHandler/FMLHANDSHAKE]: Received client indexed reply 6 of type net.minecraftforge.network.HandshakeMessages$C2SAcknowledge
[13Jul2025 17:20:55.261] [Netty Epoll Server IO #2/DEBUG] [net.minecraftforge.network.HandshakeHandler/FMLHANDSHAKE]: Received acknowledgement from client
[13Jul2025 17:20:55.261] [Netty Epoll Server IO #2/DEBUG] [net.minecraftforge.network.LoginWrapper/FMLHANDSHAKE]: Recieved login wrapper packet event for channel fml:handshake with index 7
[13Jul2025 17:20:55.261] [Netty Epoll Server IO #2/DEBUG] [net.minecraftforge.network.HandshakeHandler/FMLHANDSHAKE]: Received client indexed reply 7 of type net.minecraftforge.network.HandshakeMessages$C2SAcknowledge
[13Jul2025 17:20:55.261] [Netty Epoll Server IO #2/DEBUG] [net.minecraftforge.network.HandshakeHandler/FMLHANDSHAKE]: Received acknowledgement from client
[13Jul2025 17:20:55.261] [Netty Epoll Server IO #2/DEBUG] [net.minecraftforge.network.LoginWrapper/FMLHANDSHAKE]: Recieved login wrapper packet event for channel fml:handshake with index 8
[13Jul2025 17:20:55.261] [Netty Epoll Server IO #2/DEBUG] [net.minecraftforge.network.HandshakeHandler/FMLHANDSHAKE]: Received client indexed reply 8 of type net.minecraftforge.network.HandshakeMessages$C2SAcknowledge
[13Jul2025 17:20:55.261] [Netty Epoll Server IO #2/DEBUG] [net.minecraftforge.network.HandshakeHandler/FMLHANDSHAKE]: Received acknowledgement from client
[13Jul2025 17:20:55.269] [Server thread/DEBUG] [net.minecraftforge.network.HandshakeHandler/FMLHANDSHAKE]: Sending ticking packet info 'Registry minecraft:potion' to 'fml:handshake' sequence 10
[13Jul2025 17:20:55.319] [Server thread/DEBUG] [net.minecraftforge.network.HandshakeHandler/FMLHANDSHAKE]: Sending ticking packet info 'Registry minecraft:painting_variant' to 'fml:handshake' sequence 11
[13Jul2025 17:20:55.348] [Netty Epoll Server IO #2/DEBUG] [net.minecraftforge.network.LoginWrapper/FMLHANDSHAKE]: Recieved login wrapper packet event for channel fml:handshake with index 9
[13Jul2025 17:20:55.348] [Netty Epoll Server IO #2/DEBUG] [net.minecraftforge.network.HandshakeHandler/FMLHANDSHAKE]: Received client indexed reply 9 of type net.minecraftforge.network.HandshakeMessages$C2SAcknowledge
[13Jul2025 17:20:55.348] [Netty Epoll Server IO #2/DEBUG] [net.minecraftforge.network.HandshakeHandler/FMLHANDSHAKE]: Received acknowledgement from client
[13Jul2025 17:20:55.349] [Netty Epoll Server IO #2/DEBUG] [net.minecraftforge.network.LoginWrapper/FMLHANDSHAKE]: Recieved login wrapper packet event for channel fml:handshake with index 10
[13Jul2025 17:20:55.349] [Netty Epoll Server IO #2/DEBUG] [net.minecraftforge.network.HandshakeHandler/FMLHANDSHAKE]: Received client indexed reply 10 of type net.minecraftforge.network.HandshakeMessages$C2SAcknowledge
[13Jul2025 17:20:55.349] [Netty Epoll Server IO #2/DEBUG] [net.minecraftforge.network.HandshakeHandler/FMLHANDSHAKE]: Received acknowledgement from client
[13Jul2025 17:20:55.369] [Server thread/DEBUG] [net.minecraftforge.network.HandshakeHandler/FMLHANDSHAKE]: Sending ticking packet info 'Registry forge:fluid_type' to 'fml:handshake' sequence 12
[13Jul2025 17:20:55.412] [Netty Epoll Server IO #2/DEBUG] [net.minecraftforge.network.LoginWrapper/FMLHANDSHAKE]: Recieved login wrapper packet event for channel fml:handshake with index 11
[13Jul2025 17:20:55.412] [Netty Epoll Server IO #2/DEBUG] [net.minecraftforge.network.HandshakeHandler/FMLHANDSHAKE]: Received client indexed reply 11 of type net.minecraftforge.network.HandshakeMessages$C2SAcknowledge
[13Jul2025 17:20:55.412] [Netty Epoll Server IO #2/DEBUG] [net.minecraftforge.network.HandshakeHandler/FMLHANDSHAKE]: Received acknowledgement from client
[13Jul2025 17:20:55.420] [Server thread/DEBUG] [net.minecraftforge.network.HandshakeHandler/FMLHANDSHAKE]: Sending ticking packet info 'Registry minecraft:block_entity_type' to 'fml:handshake' sequence 13
[13Jul2025 17:20:55.469] [Server thread/DEBUG] [net.minecraftforge.network.HandshakeHandler/FMLHANDSHAKE]: Sending ticking packet info 'Registry minecraft:block' to 'fml:handshake' sequence 14
[13Jul2025 17:20:55.476] [Netty Epoll Server IO #2/DEBUG] [net.minecraftforge.network.LoginWrapper/FMLHANDSHAKE]: Recieved login wrapper packet event for channel fml:handshake with index 12
[13Jul2025 17:20:55.476] [Netty Epoll Server IO #2/DEBUG] [net.minecraftforge.network.HandshakeHandler/FMLHANDSHAKE]: Received client indexed reply 12 of type net.minecraftforge.network.HandshakeMessages$C2SAcknowledge
[13Jul2025 17:20:55.476] [Netty Epoll Server IO #2/DEBUG] [net.minecraftforge.network.HandshakeHandler/FMLHANDSHAKE]: Received acknowledgement from client
[13Jul2025 17:20:55.519] [Server thread/DEBUG] [net.minecraftforge.network.HandshakeHandler/FMLHANDSHAKE]: Sending ticking packet info 'Registry forge:entity_data_serializers' to 'fml:handshake' sequence 15
[13Jul2025 17:20:55.534] [Netty Epoll Server IO #2/DEBUG] [net.minecraftforge.network.LoginWrapper/FMLHANDSHAKE]: Recieved login wrapper packet event for channel fml:handshake with index 13
[13Jul2025 17:20:55.534] [Netty Epoll Server IO #2/DEBUG] [net.minecraftforge.network.HandshakeHandler/FMLHANDSHAKE]: Received client indexed reply 13 of type net.minecraftforge.network.HandshakeMessages$C2SAcknowledge
[13Jul2025 17:20:55.534] [Netty Epoll Server IO #2/DEBUG] [net.minecraftforge.network.HandshakeHandler/FMLHANDSHAKE]: Received acknowledgement from client
[13Jul2025 17:20:55.551] [Netty Epoll Server IO #2/DEBUG] [net.minecraftforge.network.LoginWrapper/FMLHANDSHAKE]: Recieved login wrapper packet event for channel fml:handshake with index 14
[13Jul2025 17:20:55.551] [Netty Epoll Server IO #2/DEBUG] [net.minecraftforge.network.HandshakeHandler/FMLHANDSHAKE]: Received client indexed reply 14 of type net.minecraftforge.network.HandshakeMessages$C2SAcknowledge
[13Jul2025 17:20:55.551] [Netty Epoll Server IO #2/DEBUG] [net.minecraftforge.network.HandshakeHandler/FMLHANDSHAKE]: Received acknowledgement from client
[13Jul2025 17:20:55.568] [Server thread/DEBUG] [net.minecraftforge.network.HandshakeHandler/FMLHANDSHAKE]: Sending ticking packet info 'Registry minecraft:mob_effect' to 'fml:handshake' sequence 16
[13Jul2025 17:20:55.604] [Netty Epoll Server IO #2/DEBUG] [net.minecraftforge.network.LoginWrapper/FMLHANDSHAKE]: Recieved login wrapper packet event for channel fml:handshake with index 15
[13Jul2025 17:20:55.604] [Netty Epoll Server IO #2/DEBUG] [net.minecraftforge.network.HandshakeHandler/FMLHANDSHAKE]: Received client indexed reply 15 of type net.minecraftforge.network.HandshakeMessages$C2SAcknowledge
[13Jul2025 17:20:55.604] [Netty Epoll Server IO #2/DEBUG] [net.minecraftforge.network.HandshakeHandler/FMLHANDSHAKE]: Received acknowledgement from client
[13Jul2025 17:20:55.619] [Server thread/DEBUG] [net.minecraftforge.network.HandshakeHandler/FMLHANDSHAKE]: Sending ticking packet info 'Registry minecraft:stat_type' to 'fml:handshake' sequence 17
[13Jul2025 17:20:55.668] [Netty Epoll Server IO #2/DEBUG] [net.minecraftforge.network.LoginWrapper/FMLHANDSHAKE]: Recieved login wrapper packet event for channel fml:handshake with index 16
[13Jul2025 17:20:55.668] [Netty Epoll Server IO #2/DEBUG] [net.minecraftforge.network.HandshakeHandler/FMLHANDSHAKE]: Received client indexed reply 16 of type net.minecraftforge.network.HandshakeMessages$C2SAcknowledge
[13Jul2025 17:20:55.668] [Netty Epoll Server IO #2/DEBUG] [net.minecraftforge.network.HandshakeHandler/FMLHANDSHAKE]: Received acknowledgement from client
[13Jul2025 17:20:55.669] [Server thread/DEBUG] [net.minecraftforge.network.HandshakeHandler/FMLHANDSHAKE]: Sending ticking packet info 'Registry minecraft:menu' to 'fml:handshake' sequence 18
[13Jul2025 17:20:55.718] [Server thread/DEBUG] [net.minecraftforge.network.HandshakeHandler/FMLHANDSHAKE]: Sending ticking packet info 'Registry minecraft:enchantment' to 'fml:handshake' sequence 19
[13Jul2025 17:20:55.726] [Netty Epoll Server IO #2/DEBUG] [net.minecraftforge.network.LoginWrapper/FMLHANDSHAKE]: Recieved login wrapper packet event for channel fml:handshake with index 17
[13Jul2025 17:20:55.726] [Netty Epoll Server IO #2/DEBUG] [net.minecraftforge.network.HandshakeHandler/FMLHANDSHAKE]: Received client indexed reply 17 of type net.minecraftforge.network.HandshakeMessages$C2SAcknowledge
[13Jul2025 17:20:55.726] [Netty Epoll Server IO #2/DEBUG] [net.minecraftforge.network.HandshakeHandler/FMLHANDSHAKE]: Received acknowledgement from client
[13Jul2025 17:20:55.768] [Server thread/DEBUG] [net.minecraftforge.network.HandshakeHandler/FMLHANDSHAKE]: Sending ticking packet info 'Registry minecraft:fluid' to 'fml:handshake' sequence 20
[13Jul2025 17:20:55.778] [Netty Epoll Server IO #2/DEBUG] [net.minecraftforge.network.LoginWrapper/FMLHANDSHAKE]: Recieved login wrapper packet event for channel fml:handshake with index 18
[13Jul2025 17:20:55.778] [Netty Epoll Server IO #2/DEBUG] [net.minecraftforge.network.HandshakeHandler/FMLHANDSHAKE]: Received client indexed reply 18 of type net.minecraftforge.network.HandshakeMessages$C2SAcknowledge
[13Jul2025 17:20:55.778] [Netty Epoll Server IO #2/DEBUG] [net.minecraftforge.network.HandshakeHandler/FMLHANDSHAKE]: Received acknowledgement from client
[13Jul2025 17:20:55.790] [Netty Epoll Server IO #2/DEBUG] [net.minecraftforge.network.LoginWrapper/FMLHANDSHAKE]: Recieved login wrapper packet event for channel fml:handshake with index 19
[13Jul2025 17:20:55.790] [Netty Epoll Server IO #2/DEBUG] [net.minecraftforge.network.HandshakeHandler/FMLHANDSHAKE]: Received client indexed reply 19 of type net.minecraftforge.network.HandshakeMessages$C2SAcknowledge
[13Jul2025 17:20:55.790] [Netty Epoll Server IO #2/DEBUG] [net.minecraftforge.network.HandshakeHandler/FMLHANDSHAKE]: Received acknowledgement from client
[13Jul2025 17:20:55.818] [Server thread/DEBUG] [net.minecraftforge.network.HandshakeHandler/FMLHANDSHAKE]: Sending ticking packet info 'Registry minecraft:entity_type' to 'fml:handshake' sequence 21
[13Jul2025 17:20:55.865] [Netty Epoll Server IO #2/DEBUG] [net.minecraftforge.network.LoginWrapper/FMLHANDSHAKE]: Recieved login wrapper packet event for channel fml:handshake with index 20
[13Jul2025 17:20:55.866] [Netty Epoll Server IO #2/DEBUG] [net.minecraftforge.network.HandshakeHandler/FMLHANDSHAKE]: Received client indexed reply 20 of type net.minecraftforge.network.HandshakeMessages$C2SAcknowledge
[13Jul2025 17:20:55.866] [Netty Epoll Server IO #2/DEBUG] [net.minecraftforge.network.HandshakeHandler/FMLHANDSHAKE]: Received acknowledgement from client
[13Jul2025 17:20:55.868] [Server thread/DEBUG] [net.minecraftforge.network.HandshakeHandler/FMLHANDSHAKE]: Sending ticking packet info 'Config sackman-server.toml' to 'fml:handshake' sequence 22
[13Jul2025 17:20:55.919] [Server thread/DEBUG] [net.minecraftforge.network.HandshakeHandler/FMLHANDSHAKE]: Sending ticking packet info 'Config cgm-server.toml' to 'fml:handshake' sequence 23
[13Jul2025 17:20:55.968] [Server thread/DEBUG] [net.minecraftforge.network.HandshakeHandler/FMLHANDSHAKE]: Sending ticking packet info 'Config mokey-server.toml' to 'fml:handshake' sequence 24
[13Jul2025 17:20:56.018] [Server thread/DEBUG] [net.minecraftforge.network.HandshakeHandler/FMLHANDSHAKE]: Sending ticking packet info 'Config irritator-server.toml' to 'fml:handshake' sequence 25
[13Jul2025 17:20:56.052] [Netty Epoll Server IO #2/DEBUG] [net.minecraftforge.network.LoginWrapper/FMLHANDSHAKE]: Recieved login wrapper packet event for channel fml:handshake with index 21
[13Jul2025 17:20:56.053] [Netty Epoll Server IO #2/DEBUG] [net.minecraftforge.network.HandshakeHandler/FMLHANDSHAKE]: Received client indexed reply 21 of type net.minecraftforge.network.HandshakeMessages$C2SAcknowledge
[13Jul2025 17:20:56.053] [Netty Epoll Server IO #2/DEBUG] [net.minecraftforge.network.HandshakeHandler/FMLHANDSHAKE]: Received acknowledgement from client
[13Jul2025 17:20:56.053] [Netty Epoll Server IO #2/DEBUG] [net.minecraftforge.network.LoginWrapper/FMLHANDSHAKE]: Recieved login wrapper packet event for channel fml:handshake with index 22
[13Jul2025 17:20:56.053] [Netty Epoll Server IO #2/DEBUG] [net.minecraftforge.network.HandshakeHandler/FMLHANDSHAKE]: Received client indexed reply 22 of type net.minecraftforge.network.HandshakeMessages$C2SAcknowledge
[13Jul2025 17:20:56.053] [Netty Epoll Server IO #2/DEBUG] [net.minecraftforge.network.HandshakeHandler/FMLHANDSHAKE]: Received acknowledgement from client
[13Jul2025 17:20:56.053] [Netty Epoll Server IO #2/DEBUG] [net.minecraftforge.network.LoginWrapper/FMLHANDSHAKE]: Recieved login wrapper packet event for channel fml:handshake with index 23
[13Jul2025 17:20:56.053] [Netty Epoll Server IO #2/DEBUG] [net.minecraftforge.network.HandshakeHandler/FMLHANDSHAKE]: Received client indexed reply 23 of type net.minecraftforge.network.HandshakeMessages$C2SAcknowledge
[13Jul2025 17:20:56.053] [Netty Epoll Server IO #2/DEBUG] [net.minecraftforge.network.HandshakeHandler/FMLHANDSHAKE]: Received acknowledgement from client
[13Jul2025 17:20:56.068] [Server thread/DEBUG] [net.minecraftforge.network.HandshakeHandler/FMLHANDSHAKE]: Sending ticking packet info 'Config cartoon_dweller-server.toml' to 'fml:handshake' sequence 26
[13Jul2025 17:20:56.086] [Netty Epoll Server IO #2/DEBUG] [net.minecraftforge.network.LoginWrapper/FMLHANDSHAKE]: Recieved login wrapper packet event for channel fml:handshake with index 24
[13Jul2025 17:20:56.086] [Netty Epoll Server IO #2/DEBUG] [net.minecraftforge.network.HandshakeHandler/FMLHANDSHAKE]: Received client indexed reply 24 of type net.minecraftforge.network.HandshakeMessages$C2SAcknowledge
[13Jul2025 17:20:56.086] [Netty Epoll Server IO #2/DEBUG] [net.minecraftforge.network.HandshakeHandler/FMLHANDSHAKE]: Received acknowledgement from client
[13Jul2025 17:20:56.119] [Server thread/DEBUG] [net.minecraftforge.network.HandshakeHandler/FMLHANDSHAKE]: Sending ticking packet info 'Config cave_dweller-server.toml' to 'fml:handshake' sequence 27
[13Jul2025 17:20:56.120] [Netty Epoll Server IO #2/DEBUG] [net.minecraftforge.network.LoginWrapper/FMLHANDSHAKE]: Recieved login wrapper packet event for channel fml:handshake with index 25
[13Jul2025 17:20:56.120] [Netty Epoll Server IO #2/DEBUG] [net.minecraftforge.network.HandshakeHandler/FMLHANDSHAKE]: Received client indexed reply 25 of type net.minecraftforge.network.HandshakeMessages$C2SAcknowledge
[13Jul2025 17:20:56.120] [Netty Epoll Server IO #2/DEBUG] [net.minecraftforge.network.HandshakeHandler/FMLHANDSHAKE]: Received acknowledgement from client
[13Jul2025 17:20:56.170] [Server thread/DEBUG] [net.minecraftforge.network.HandshakeHandler/FMLHANDSHAKE]: Sending ticking packet info 'Config mimicer-server.toml' to 'fml:handshake' sequence 28
[13Jul2025 17:20:56.176] [Netty Epoll Server IO #2/DEBUG] [net.minecraftforge.network.LoginWrapper/FMLHANDSHAKE]: Recieved login wrapper packet event for channel fml:handshake with index 26
[13Jul2025 17:20:56.176] [Netty Epoll Server IO #2/DEBUG] [net.minecraftforge.network.HandshakeHandler/FMLHANDSHAKE]: Received client indexed reply 26 of type net.minecraftforge.network.HandshakeMessages$C2SAcknowledge
[13Jul2025 17:20:56.176] [Netty Epoll Server IO #2/DEBUG] [net.minecraftforge.network.HandshakeHandler/FMLHANDSHAKE]: Received acknowledgement from client
[13Jul2025 17:20:56.217] [Server thread/DEBUG] [net.minecraftforge.network.HandshakeHandler/FMLHANDSHAKE]: Sending ticking packet info 'Config jei-server.toml' to 'fml:handshake' sequence 29
[13Jul2025 17:20:56.241] [Netty Epoll Server IO #2/DEBUG] [net.minecraftforge.network.LoginWrapper/FMLHANDSHAKE]: Recieved login wrapper packet event for channel fml:handshake with index 27
[13Jul2025 17:20:56.241] [Netty Epoll Server IO #2/DEBUG] [net.minecraftforge.network.HandshakeHandler/FMLHANDSHAKE]: Received client indexed reply 27 of type net.minecraftforge.network.HandshakeMessages$C2SAcknowledge
[13Jul2025 17:20:56.241] [Netty Epoll Server IO #2/DEBUG] [net.minecraftforge.network.HandshakeHandler/FMLHANDSHAKE]: Received acknowledgement from client
[13Jul2025 17:20:56.241] [Netty Epoll Server IO #2/DEBUG] [net.minecraftforge.network.LoginWrapper/FMLHANDSHAKE]: Recieved login wrapper packet event for channel fml:handshake with index 28
[13Jul2025 17:20:56.241] [Netty Epoll Server IO #2/DEBUG] [net.minecraftforge.network.HandshakeHandler/FMLHANDSHAKE]: Received client indexed reply 28 of type net.minecraftforge.network.HandshakeMessages$C2SAcknowledge
[13Jul2025 17:20:56.241] [Netty Epoll Server IO #2/DEBUG] [net.minecraftforge.network.HandshakeHandler/FMLHANDSHAKE]: Received acknowledgement from client
[13Jul2025 17:20:56.268] [Server thread/DEBUG] [net.minecraftforge.network.HandshakeHandler/FMLHANDSHAKE]: Sending ticking packet info 'Config forge-server.toml' to 'fml:handshake' sequence 30
[13Jul2025 17:20:56.304] [Netty Epoll Server IO #2/DEBUG] [net.minecraftforge.network.LoginWrapper/FMLHANDSHAKE]: Recieved login wrapper packet event for channel fml:handshake with index 29
[13Jul2025 17:20:56.304] [Netty Epoll Server IO #2/DEBUG] [net.minecraftforge.network.HandshakeHandler/FMLHANDSHAKE]: Received client indexed reply 29 of type net.minecraftforge.network.HandshakeMessages$C2SAcknowledge
[13Jul2025 17:20:56.305] [Netty Epoll Server IO #2/DEBUG] [net.minecraftforge.network.HandshakeHandler/FMLHANDSHAKE]: Received acknowledgement from client
[13Jul2025 17:20:56.368] [Netty Epoll Server IO #2/DEBUG] [net.minecraftforge.network.LoginWrapper/FMLHANDSHAKE]: Recieved login wrapper packet event for channel fml:handshake with index 30
[13Jul2025 17:20:56.368] [Netty Epoll Server IO #2/DEBUG] [net.minecraftforge.network.HandshakeHandler/FMLHANDSHAKE]: Received client indexed reply 30 of type net.minecraftforge.network.HandshakeMessages$C2SAcknowledge
[13Jul2025 17:20:56.368] [Netty Epoll Server IO #2/DEBUG] [net.minecraftforge.network.HandshakeHandler/FMLHANDSHAKE]: Received acknowledgement from client
[13Jul2025 17:20:56.417] [Server thread/DEBUG] [net.minecraftforge.network.HandshakeHandler/FMLHANDSHAKE]: Handshake complete!
[13Jul2025 17:20:56.542] [Server thread/INFO] [net.minecraftforge.common.AdvancementLoadFix/]: Using new advancement loading for net.minecraft.server.PlayerAdvancements@e433c3d
[13Jul2025 17:20:56.563] [Server thread/INFO] [net.minecraft.server.players.PlayerList/]: Fresita_decaida[/127.14.55.169:47361] logged in with entity id 70 at (232.78082864092977, -6.0, -201.88802470205266)
[13Jul2025 17:20:56.577] [Server thread/DEBUG] [net.minecraftforge.network.filters.NetworkFilters/]: Injected net.minecraftforge.network.filters.ForgeConnectionNetworkFilter@3984ba80 into net.minecraft.network.Connection@a7e7fc2
[13Jul2025 17:20:56.605] [Server thread/INFO] [net.minecraft.server.MinecraftServer/]: Fresita_decaida joined the game
[13Jul2025 17:20:56.809] [Server thread/DEBUG] [io.netty.util.internal.ThreadLocalRandom/]: -Dio.netty.initialSeedUniquifier: 0x690bcc708c404e96
[13Jul2025 17:20:57.827] [Server thread/INFO] [net.minecraft.server.network.ServerGamePacketListenerImpl/]: Fresita_decaida lost connection: Disconnected
[13Jul2025 17:20:57.828] [Server thread/INFO] [net.minecraft.server.MinecraftServer/]: Fresita_decaida left the game
[13Jul2025 17:25:41.222] [Server thread/DEBUG] [net.minecraftforge.common.ForgeHooks/WP]: Gathering id map for writing to world save world
[13Jul2025 17:25:41.232] [Server thread/DEBUG] [net.minecraftforge.common.ForgeHooks/WP]: ID Map collection complete world
[13Jul2025 17:25:59.603] [Netty Epoll Server IO #7/DEBUG] [net.minecraftforge.network.HandshakeHandler/FMLHANDSHAKE]: Starting new modded impl connection. Found 31 messages to dispatch.
[13Jul2025 17:25:59.617] [Server thread/DEBUG] [net.minecraftforge.network.HandshakeHandler/FMLHANDSHAKE]: Sending ticking packet info 'cgm:network_gun_manager' to 'framework:handshake' sequence 0
[13Jul2025 17:25:59.667] [Server thread/DEBUG] [net.minecraftforge.network.HandshakeHandler/FMLHANDSHAKE]: Sending ticking packet info 'cgm:custom_gun_manager' to 'framework:handshake' sequence 1
[13Jul2025 17:25:59.717] [Server thread/DEBUG] [net.minecraftforge.network.HandshakeHandler/FMLHANDSHAKE]: Sending ticking packet info 'net.minecraftforge.network.HandshakeMessages$S2CModData' to 'fml:handshake' sequence 2
[13Jul2025 17:25:59.721] [Netty Epoll Server IO #7/DEBUG] [net.minecraftforge.network.LoginWrapper/FMLHANDSHAKE]: Recieved login wrapper packet event for channel framework:handshake with index 0
[13Jul2025 17:25:59.722] [Netty Epoll Server IO #7/DEBUG] [net.minecraftforge.network.HandshakeHandler/FMLHANDSHAKE]: Received client indexed reply 0 of type com.mrcrayfish.framework.api.network.message.HandshakeMessage$Acknowledge
[13Jul2025 17:25:59.722] [Netty Epoll Server IO #7/DEBUG] [Framework/FRAMEWORK_HANDSHAKE]: Received acknowledgement from client
[13Jul2025 17:25:59.767] [Server thread/DEBUG] [net.minecraftforge.network.HandshakeHandler/FMLHANDSHAKE]: Sending ticking packet info 'net.minecraftforge.network.HandshakeMessages$S2CModList' to 'fml:handshake' sequence 3
[13Jul2025 17:25:59.768] [Netty Epoll Server IO #7/DEBUG] [net.minecraftforge.network.LoginWrapper/FMLHANDSHAKE]: Recieved login wrapper packet event for channel framework:handshake with index 1
[13Jul2025 17:25:59.768] [Netty Epoll Server IO #7/DEBUG] [net.minecraftforge.network.HandshakeHandler/FMLHANDSHAKE]: Received client indexed reply 1 of type com.mrcrayfish.framework.api.network.message.HandshakeMessage$Acknowledge
[13Jul2025 17:25:59.768] [Netty Epoll Server IO #7/DEBUG] [Framework/FRAMEWORK_HANDSHAKE]: Received acknowledgement from client
[13Jul2025 17:25:59.817] [Server thread/DEBUG] [net.minecraftforge.network.HandshakeHandler/FMLHANDSHAKE]: Sending ticking packet info 'Registry minecraft:command_argument_type' to 'fml:handshake' sequence 4
[13Jul2025 17:25:59.832] [Netty Epoll Server IO #7/DEBUG] [net.minecraftforge.network.LoginWrapper/FMLHANDSHAKE]: Recieved login wrapper packet event for channel fml:handshake with index 3
[13Jul2025 17:25:59.833] [Netty Epoll Server IO #7/DEBUG] [net.minecraftforge.network.HandshakeHandler/FMLHANDSHAKE]: Received client indexed reply 3 of type net.minecraftforge.network.HandshakeMessages$C2SModListReply
[13Jul2025 17:25:59.833] [Netty Epoll Server IO #7/DEBUG] [net.minecraftforge.network.HandshakeHandler/FMLHANDSHAKE]: Received client connection with modlist [minecraft, sons_of_sins, treechop, midnightlurker, mowziesmobs, cgm, knightquest, eeeabsmobs, firstperson, graveyard, the_silence, born_in_chaos_v1, obscure_api, rubidium, oculus, the_cuckoo_clock, man, modernfix, jei, citadel, alexsmobs, legendary_monsters, mixinextras, knightlib, ferritecore, bosses_of_mass_destruction, terralith, justzoom, the_knocker, framework, cloth_config, sound_physics_remastered, forge, appleskin, tlskincape, konkrete, geckolib3, mokey, cave_dweller, irritator, cartoon_dweller, sackman, mimicer, aquamirae]
[13Jul2025 17:25:59.833] [Netty Epoll Server IO #7/DEBUG] [net.minecraftforge.network.NetworkRegistry/NETREGISTRY]: Channel 'the_knocker:the_knocker' : Version test of '1' from client : ACCEPTED
[13Jul2025 17:25:59.833] [Netty Epoll Server IO #7/DEBUG] [net.minecraftforge.network.NetworkRegistry/NETREGISTRY]: Channel 'eeeabsmobs:net' : Version test of '1.0' from client : ACCEPTED
[13Jul2025 17:25:59.833] [Netty Epoll Server IO #7/DEBUG] [net.minecraftforge.network.NetworkRegistry/NETREGISTRY]: Channel 'jei:channel' : Version test of '1.0.0' from client : ACCEPTED
[13Jul2025 17:25:59.833] [Netty Epoll Server IO #7/DEBUG] [net.minecraftforge.network.NetworkRegistry/NETREGISTRY]: Channel 'sackman:main' : Version test of '2' from client : ACCEPTED
[13Jul2025 17:25:59.833] [Netty Epoll Server IO #7/DEBUG] [net.minecraftforge.network.NetworkRegistry/NETREGISTRY]: Channel 'minecraft:unregister' : Version test of 'FML3' from client : ACCEPTED
[13Jul2025 17:25:59.833] [Netty Epoll Server IO #7/DEBUG] [net.minecraftforge.network.NetworkRegistry/NETREGISTRY]: Channel 'the_silence:the_silence' : Version test of '1' from client : ACCEPTED
[13Jul2025 17:25:59.833] [Netty Epoll Server IO #7/DEBUG] [net.minecraftforge.network.NetworkRegistry/NETREGISTRY]: Channel 'citadel:main_channel' : Version test of '1' from client : ACCEPTED
[13Jul2025 17:25:59.833] [Netty Epoll Server IO #7/DEBUG] [net.minecraftforge.network.NetworkRegistry/NETREGISTRY]: Channel 'born_in_chaos_v1:born_in_chaos_v1' : Version test of '1' from client : ACCEPTED
[13Jul2025 17:25:59.833] [Netty Epoll Server IO #7/DEBUG] [net.minecraftforge.network.NetworkRegistry/NETREGISTRY]: Channel 'sons_of_sins:sons_of_sins' : Version test of '1' from client : ACCEPTED
[13Jul2025 17:25:59.833] [Netty Epoll Server IO #7/DEBUG] [net.minecraftforge.network.NetworkRegistry/NETREGISTRY]: Channel 'obscure_api:obscure_api' : Version test of '1' from client : ACCEPTED
[13Jul2025 17:25:59.833] [Netty Epoll Server IO #7/DEBUG] [net.minecraftforge.network.NetworkRegistry/NETREGISTRY]: Channel 'framework:play' : Version test of '1' from client : ACCEPTED
[13Jul2025 17:25:59.833] [Netty Epoll Server IO #7/DEBUG] [net.minecraftforge.network.NetworkRegistry/NETREGISTRY]: Channel 'bosses_of_mass_destruction:packets' : Version test of '1' from client : ACCEPTED
[13Jul2025 17:25:59.833] [Netty Epoll Server IO #7/DEBUG] [net.minecraftforge.network.NetworkRegistry/NETREGISTRY]: Channel 'cartoon_dweller:main' : Version test of '2' from client : ACCEPTED
[13Jul2025 17:25:59.833] [Netty Epoll Server IO #7/DEBUG] [net.minecraftforge.network.NetworkRegistry/NETREGISTRY]: Channel 'mimicer:main' : Version test of '2' from client : ACCEPTED
[13Jul2025 17:25:59.833] [Netty Epoll Server IO #7/DEBUG] [net.minecraftforge.network.NetworkRegistry/NETREGISTRY]: Channel 'minecraft:treechop-channel' : Version test of '7' from client : ACCEPTED
[13Jul2025 17:25:59.833] [Netty Epoll Server IO #7/DEBUG] [net.minecraftforge.network.NetworkRegistry/NETREGISTRY]: Channel 'the_cuckoo_clock:the_cuckoo_clock' : Version test of '1' from client : ACCEPTED
[13Jul2025 17:25:59.834] [Netty Epoll Server IO #7/DEBUG] [net.minecraftforge.network.NetworkRegistry/NETREGISTRY]: Channel 'appleskin:sync' : Version test of '1' from client : ACCEPTED
[13Jul2025 17:25:59.834] [Netty Epoll Server IO #7/DEBUG] [net.minecraftforge.network.NetworkRegistry/NETREGISTRY]: Channel 'cave_dweller:main' : Version test of '2' from client : ACCEPTED
[13Jul2025 17:25:59.834] [Netty Epoll Server IO #7/DEBUG] [net.minecraftforge.network.NetworkRegistry/NETREGISTRY]: Channel 'mokey:main' : Version test of '2' from client : ACCEPTED
[13Jul2025 17:25:59.834] [Netty Epoll Server IO #7/DEBUG] [net.minecraftforge.network.NetworkRegistry/NETREGISTRY]: Channel 'framework:handshake' : Version test of '1' from client : ACCEPTED
[13Jul2025 17:25:59.834] [Netty Epoll Server IO #7/DEBUG] [net.minecraftforge.network.NetworkRegistry/NETREGISTRY]: Channel 'fml:loginwrapper' : Version test of 'FML3' from client : ACCEPTED
[13Jul2025 17:25:59.834] [Netty Epoll Server IO #7/DEBUG] [net.minecraftforge.network.NetworkRegistry/NETREGISTRY]: Channel 'forge:tier_sorting' : Version test of '1.0' from client : ACCEPTED
[13Jul2025 17:25:59.834] [Netty Epoll Server IO #7/DEBUG] [net.minecraftforge.network.NetworkRegistry/NETREGISTRY]: Channel 'aquamirae:main' : Version test of '1' from client : ACCEPTED
[13Jul2025 17:25:59.834] [Netty Epoll Server IO #7/DEBUG] [net.minecraftforge.network.NetworkRegistry/NETREGISTRY]: Channel 'alexsmobs:main_channel' : Version test of '1' from client : ACCEPTED
[13Jul2025 17:25:59.834] [Netty Epoll Server IO #7/DEBUG] [net.minecraftforge.network.NetworkRegistry/NETREGISTRY]: Channel 'cgm:play' : Version test of '1' from client : ACCEPTED
[13Jul2025 17:25:59.834] [Netty Epoll Server IO #7/DEBUG] [net.minecraftforge.network.NetworkRegistry/NETREGISTRY]: Channel 'mowziesmobs:net' : Version test of '1' from client : ACCEPTED
[13Jul2025 17:25:59.834] [Netty Epoll Server IO #7/DEBUG] [net.minecraftforge.network.NetworkRegistry/NETREGISTRY]: Channel 'fml:play' : Version test of 'FML3' from client : ACCEPTED
[13Jul2025 17:25:59.834] [Netty Epoll Server IO #7/DEBUG] [net.minecraftforge.network.NetworkRegistry/NETREGISTRY]: Channel 'irritator:main' : Version test of '2' from client : ACCEPTED
[13Jul2025 17:25:59.834] [Netty Epoll Server IO #7/DEBUG] [net.minecraftforge.network.NetworkRegistry/NETREGISTRY]: Channel 'midnightlurker:midnightlurker' : Version test of '1' from client : ACCEPTED
[13Jul2025 17:25:59.834] [Netty Epoll Server IO #7/DEBUG] [net.minecraftforge.network.NetworkRegistry/NETREGISTRY]: Channel 'man:man' : Version test of '1' from client : ACCEPTED
[13Jul2025 17:25:59.834] [Netty Epoll Server IO #7/DEBUG] [net.minecraftforge.network.NetworkRegistry/NETREGISTRY]: Channel 'fml:handshake' : Version test of 'FML3' from client : ACCEPTED
[13Jul2025 17:25:59.834] [Netty Epoll Server IO #7/DEBUG] [net.minecraftforge.network.NetworkRegistry/NETREGISTRY]: Channel 'geckolib3:main' : Version test of '0' from client : ACCEPTED
[13Jul2025 17:25:59.834] [Netty Epoll Server IO #7/DEBUG] [net.minecraftforge.network.NetworkRegistry/NETREGISTRY]: Channel 'minecraft:register' : Version test of 'FML3' from client : ACCEPTED
[13Jul2025 17:25:59.835] [Netty Epoll Server IO #7/DEBUG] [net.minecraftforge.network.NetworkRegistry/NETREGISTRY]: Channel 'forge:split' : Version test of '1.1' from client : ACCEPTED
[13Jul2025 17:25:59.835] [Netty Epoll Server IO #7/DEBUG] [net.minecraftforge.network.NetworkRegistry/NETREGISTRY]: Accepting channel list from client
[13Jul2025 17:25:59.835] [Netty Epoll Server IO #7/DEBUG] [net.minecraftforge.network.HandshakeHandler/FMLHANDSHAKE]: Accepted client connection mod list
[13Jul2025 17:25:59.867] [Server thread/DEBUG] [net.minecraftforge.network.HandshakeHandler/FMLHANDSHAKE]: Sending ticking packet info 'Registry minecraft:recipe_serializer' to 'fml:handshake' sequence 5
[13Jul2025 17:25:59.890] [Netty Epoll Server IO #7/DEBUG] [net.minecraftforge.network.LoginWrapper/FMLHANDSHAKE]: Recieved login wrapper packet event for channel fml:handshake with index 4
[13Jul2025 17:25:59.890] [Netty Epoll Server IO #7/DEBUG] [net.minecraftforge.network.HandshakeHandler/FMLHANDSHAKE]: Received client indexed reply 4 of type net.minecraftforge.network.HandshakeMessages$C2SAcknowledge
[13Jul2025 17:25:59.891] [Netty Epoll Server IO #7/DEBUG] [net.minecraftforge.network.HandshakeHandler/FMLHANDSHAKE]: Received acknowledgement from client
[13Jul2025 17:25:59.917] [Server thread/DEBUG] [net.minecraftforge.network.HandshakeHandler/FMLHANDSHAKE]: Sending ticking packet info 'Registry minecraft:sound_event' to 'fml:handshake' sequence 6
[13Jul2025 17:25:59.955] [Netty Epoll Server IO #7/DEBUG] [net.minecraftforge.network.LoginWrapper/FMLHANDSHAKE]: Recieved login wrapper packet event for channel fml:handshake with index 5
[13Jul2025 17:25:59.955] [Netty Epoll Server IO #7/DEBUG] [net.minecraftforge.network.HandshakeHandler/FMLHANDSHAKE]: Received client indexed reply 5 of type net.minecraftforge.network.HandshakeMessages$C2SAcknowledge
[13Jul2025 17:25:59.955] [Netty Epoll Server IO #7/DEBUG] [net.minecraftforge.network.HandshakeHandler/FMLHANDSHAKE]: Received acknowledgement from client
[13Jul2025 17:25:59.967] [Server thread/DEBUG] [net.minecraftforge.network.HandshakeHandler/FMLHANDSHAKE]: Sending ticking packet info 'Registry minecraft:particle_type' to 'fml:handshake' sequence 7
[13Jul2025 17:26:00.017] [Server thread/DEBUG] [net.minecraftforge.network.HandshakeHandler/FMLHANDSHAKE]: Sending ticking packet info 'Registry minecraft:villager_profession' to 'fml:handshake' sequence 8
[13Jul2025 17:26:00.067] [Server thread/DEBUG] [net.minecraftforge.network.HandshakeHandler/FMLHANDSHAKE]: Sending ticking packet info 'Registry minecraft:item' to 'fml:handshake' sequence 9
[13Jul2025 17:26:00.117] [Server thread/DEBUG] [net.minecraftforge.network.HandshakeHandler/FMLHANDSHAKE]: Sending ticking packet info 'Registry minecraft:potion' to 'fml:handshake' sequence 10
[13Jul2025 17:26:00.140] [Netty Epoll Server IO #7/DEBUG] [net.minecraftforge.network.LoginWrapper/FMLHANDSHAKE]: Recieved login wrapper packet event for channel fml:handshake with index 6
[13Jul2025 17:26:00.140] [Netty Epoll Server IO #7/DEBUG] [net.minecraftforge.network.HandshakeHandler/FMLHANDSHAKE]: Received client indexed reply 6 of type net.minecraftforge.network.HandshakeMessages$C2SAcknowledge
[13Jul2025 17:26:00.141] [Netty Epoll Server IO #7/DEBUG] [net.minecraftforge.network.HandshakeHandler/FMLHANDSHAKE]: Received acknowledgement from client
[13Jul2025 17:26:00.141] [Netty Epoll Server IO #7/DEBUG] [net.minecraftforge.network.LoginWrapper/FMLHANDSHAKE]: Recieved login wrapper packet event for channel fml:handshake with index 7
[13Jul2025 17:26:00.141] [Netty Epoll Server IO #7/DEBUG] [net.minecraftforge.network.HandshakeHandler/FMLHANDSHAKE]: Received client indexed reply 7 of type net.minecraftforge.network.HandshakeMessages$C2SAcknowledge
[13Jul2025 17:26:00.141] [Netty Epoll Server IO #7/DEBUG] [net.minecraftforge.network.HandshakeHandler/FMLHANDSHAKE]: Received acknowledgement from client
[13Jul2025 17:26:00.141] [Netty Epoll Server IO #7/DEBUG] [net.minecraftforge.network.LoginWrapper/FMLHANDSHAKE]: Recieved login wrapper packet event for channel fml:handshake with index 8
[13Jul2025 17:26:00.141] [Netty Epoll Server IO #7/DEBUG] [net.minecraftforge.network.HandshakeHandler/FMLHANDSHAKE]: Received client indexed reply 8 of type net.minecraftforge.network.HandshakeMessages$C2SAcknowledge
[13Jul2025 17:26:00.141] [Netty Epoll Server IO #7/DEBUG] [net.minecraftforge.network.HandshakeHandler/FMLHANDSHAKE]: Received acknowledgement from client
[13Jul2025 17:26:00.167] [Server thread/DEBUG] [net.minecraftforge.network.HandshakeHandler/FMLHANDSHAKE]: Sending ticking packet info 'Registry minecraft:painting_variant' to 'fml:handshake' sequence 11
[13Jul2025 17:26:00.199] [Netty Epoll Server IO #7/DEBUG] [net.minecraftforge.network.LoginWrapper/FMLHANDSHAKE]: Recieved login wrapper packet event for channel fml:handshake with index 9
[13Jul2025 17:26:00.199] [Netty Epoll Server IO #7/DEBUG] [net.minecraftforge.network.HandshakeHandler/FMLHANDSHAKE]: Received client indexed reply 9 of type net.minecraftforge.network.HandshakeMessages$C2SAcknowledge
[13Jul2025 17:26:00.199] [Netty Epoll Server IO #7/DEBUG] [net.minecraftforge.network.HandshakeHandler/FMLHANDSHAKE]: Received acknowledgement from client
[13Jul2025 17:26:00.217] [Server thread/DEBUG] [net.minecraftforge.network.HandshakeHandler/FMLHANDSHAKE]: Sending ticking packet info 'Registry forge:fluid_type' to 'fml:handshake' sequence 12
[13Jul2025 17:26:00.262] [Netty Epoll Server IO #7/DEBUG] [net.minecraftforge.network.LoginWrapper/FMLHANDSHAKE]: Recieved login wrapper packet event for channel fml:handshake with index 10
[13Jul2025 17:26:00.263] [Netty Epoll Server IO #7/DEBUG] [net.minecraftforge.network.HandshakeHandler/FMLHANDSHAKE]: Received client indexed reply 10 of type net.minecraftforge.network.HandshakeMessages$C2SAcknowledge
[13Jul2025 17:26:00.263] [Netty Epoll Server IO #7/DEBUG] [net.minecraftforge.network.HandshakeHandler/FMLHANDSHAKE]: Received acknowledgement from client
[13Jul2025 17:26:00.263] [Netty Epoll Server IO #7/DEBUG] [net.minecraftforge.network.LoginWrapper/FMLHANDSHAKE]: Recieved login wrapper packet event for channel fml:handshake with index 11
[13Jul2025 17:26:00.263] [Netty Epoll Server IO #7/DEBUG] [net.minecraftforge.network.HandshakeHandler/FMLHANDSHAKE]: Received client indexed reply 11 of type net.minecraftforge.network.HandshakeMessages$C2SAcknowledge
[13Jul2025 17:26:00.263] [Netty Epoll Server IO #7/DEBUG] [net.minecraftforge.network.HandshakeHandler/FMLHANDSHAKE]: Received acknowledgement from client
[13Jul2025 17:26:00.267] [Server thread/DEBUG] [net.minecraftforge.network.HandshakeHandler/FMLHANDSHAKE]: Sending ticking packet info 'Registry minecraft:block_entity_type' to 'fml:handshake' sequence 13
[13Jul2025 17:26:00.317] [Server thread/DEBUG] [net.minecraftforge.network.HandshakeHandler/FMLHANDSHAKE]: Sending ticking packet info 'Registry minecraft:block' to 'fml:handshake' sequence 14
[13Jul2025 17:26:00.326] [Netty Epoll Server IO #7/DEBUG] [net.minecraftforge.network.LoginWrapper/FMLHANDSHAKE]: Recieved login wrapper packet event for channel fml:handshake with index 12
[13Jul2025 17:26:00.327] [Netty Epoll Server IO #7/DEBUG] [net.minecraftforge.network.HandshakeHandler/FMLHANDSHAKE]: Received client indexed reply 12 of type net.minecraftforge.network.HandshakeMessages$C2SAcknowledge
[13Jul2025 17:26:00.327] [Netty Epoll Server IO #7/DEBUG] [net.minecraftforge.network.HandshakeHandler/FMLHANDSHAKE]: Received acknowledgement from client
[13Jul2025 17:26:00.366] [Server thread/DEBUG] [net.minecraftforge.network.HandshakeHandler/FMLHANDSHAKE]: Sending ticking packet info 'Registry forge:entity_data_serializers' to 'fml:handshake' sequence 15
[13Jul2025 17:26:00.379] [Netty Epoll Server IO #7/DEBUG] [net.minecraftforge.network.LoginWrapper/FMLHANDSHAKE]: Recieved login wrapper packet event for channel fml:handshake with index 13
[13Jul2025 17:26:00.379] [Netty Epoll Server IO #7/DEBUG] [net.minecraftforge.network.HandshakeHandler/FMLHANDSHAKE]: Received client indexed reply 13 of type net.minecraftforge.network.HandshakeMessages$C2SAcknowledge
[13Jul2025 17:26:00.379] [Netty Epoll Server IO #7/DEBUG] [net.minecraftforge.network.HandshakeHandler/FMLHANDSHAKE]: Received acknowledgement from client
[13Jul2025 17:26:00.418] [Server thread/DEBUG] [net.minecraftforge.network.HandshakeHandler/FMLHANDSHAKE]: Sending ticking packet info 'Registry minecraft:mob_effect' to 'fml:handshake' sequence 16
[13Jul2025 17:26:00.419] [Netty Epoll Server IO #7/DEBUG] [net.minecraftforge.network.LoginWrapper/FMLHANDSHAKE]: Recieved login wrapper packet event for channel fml:handshake with index 14
[13Jul2025 17:26:00.419] [Netty Epoll Server IO #7/DEBUG] [net.minecraftforge.network.HandshakeHandler/FMLHANDSHAKE]: Received client indexed reply 14 of type net.minecraftforge.network.HandshakeMessages$C2SAcknowledge
[13Jul2025 17:26:00.419] [Netty Epoll Server IO #7/DEBUG] [net.minecraftforge.network.HandshakeHandler/FMLHANDSHAKE]: Received acknowledgement from client
[13Jul2025 17:26:00.467] [Server thread/DEBUG] [net.minecraftforge.network.HandshakeHandler/FMLHANDSHAKE]: Sending ticking packet info 'Registry minecraft:stat_type' to 'fml:handshake' sequence 17
[13Jul2025 17:26:00.507] [Netty Epoll Server IO #7/DEBUG] [net.minecraftforge.network.LoginWrapper/FMLHANDSHAKE]: Recieved login wrapper packet event for channel fml:handshake with index 15
[13Jul2025 17:26:00.507] [Netty Epoll Server IO #7/DEBUG] [net.minecraftforge.network.HandshakeHandler/FMLHANDSHAKE]: Received client indexed reply 15 of type net.minecraftforge.network.HandshakeMessages$C2SAcknowledge
[13Jul2025 17:26:00.507] [Netty Epoll Server IO #7/DEBUG] [net.minecraftforge.network.HandshakeHandler/FMLHANDSHAKE]: Received acknowledgement from client
[13Jul2025 17:26:00.517] [Server thread/DEBUG] [net.minecraftforge.network.HandshakeHandler/FMLHANDSHAKE]: Sending ticking packet info 'Registry minecraft:menu' to 'fml:handshake' sequence 18
[13Jul2025 17:26:00.567] [Server thread/DEBUG] [net.minecraftforge.network.HandshakeHandler/FMLHANDSHAKE]: Sending ticking packet info 'Registry minecraft:enchantment' to 'fml:handshake' sequence 19
[13Jul2025 17:26:00.600] [Netty Epoll Server IO #7/DEBUG] [net.minecraftforge.network.LoginWrapper/FMLHANDSHAKE]: Recieved login wrapper packet event for channel fml:handshake with index 16
[13Jul2025 17:26:00.600] [Netty Epoll Server IO #7/DEBUG] [net.minecraftforge.network.HandshakeHandler/FMLHANDSHAKE]: Received client indexed reply 16 of type net.minecraftforge.network.HandshakeMessages$C2SAcknowledge
[13Jul2025 17:26:00.600] [Netty Epoll Server IO #7/DEBUG] [net.minecraftforge.network.HandshakeHandler/FMLHANDSHAKE]: Received acknowledgement from client
[13Jul2025 17:26:00.600] [Netty Epoll Server IO #7/DEBUG] [net.minecraftforge.network.LoginWrapper/FMLHANDSHAKE]: Recieved login wrapper packet event for channel fml:handshake with index 17
[13Jul2025 17:26:00.600] [Netty Epoll Server IO #7/DEBUG] [net.minecraftforge.network.HandshakeHandler/FMLHANDSHAKE]: Received client indexed reply 17 of type net.minecraftforge.network.HandshakeMessages$C2SAcknowledge
[13Jul2025 17:26:00.600] [Netty Epoll Server IO #7/DEBUG] [net.minecraftforge.network.HandshakeHandler/FMLHANDSHAKE]: Received acknowledgement from client
[13Jul2025 17:26:00.617] [Server thread/DEBUG] [net.minecraftforge.network.HandshakeHandler/FMLHANDSHAKE]: Sending ticking packet info 'Registry minecraft:fluid' to 'fml:handshake' sequence 20
[13Jul2025 17:26:00.629] [Netty Epoll Server IO #7/DEBUG] [net.minecraftforge.network.LoginWrapper/FMLHANDSHAKE]: Recieved login wrapper packet event for channel fml:handshake with index 18
[13Jul2025 17:26:00.629] [Netty Epoll Server IO #7/DEBUG] [net.minecraftforge.network.HandshakeHandler/FMLHANDSHAKE]: Received client indexed reply 18 of type net.minecraftforge.network.HandshakeMessages$C2SAcknowledge
[13Jul2025 17:26:00.629] [Netty Epoll Server IO #7/DEBUG] [net.minecraftforge.network.HandshakeHandler/FMLHANDSHAKE]: Received acknowledgement from client
[13Jul2025 17:26:00.669] [Server thread/DEBUG] [net.minecraftforge.network.HandshakeHandler/FMLHANDSHAKE]: Sending ticking packet info 'Registry minecraft:entity_type' to 'fml:handshake' sequence 21
[13Jul2025 17:26:00.669] [Netty Epoll Server IO #7/DEBUG] [net.minecraftforge.network.LoginWrapper/FMLHANDSHAKE]: Recieved login wrapper packet event for channel fml:handshake with index 19
[13Jul2025 17:26:00.669] [Netty Epoll Server IO #7/DEBUG] [net.minecraftforge.network.HandshakeHandler/FMLHANDSHAKE]: Received client indexed reply 19 of type net.minecraftforge.network.HandshakeMessages$C2SAcknowledge
[13Jul2025 17:26:00.669] [Netty Epoll Server IO #7/DEBUG] [net.minecraftforge.network.HandshakeHandler/FMLHANDSHAKE]: Received acknowledgement from client
[13Jul2025 17:26:00.716] [Server thread/DEBUG] [net.minecraftforge.network.HandshakeHandler/FMLHANDSHAKE]: Sending ticking packet info 'Config sackman-server.toml' to 'fml:handshake' sequence 22
[13Jul2025 17:26:00.728] [Netty Epoll Server IO #7/DEBUG] [net.minecraftforge.network.LoginWrapper/FMLHANDSHAKE]: Recieved login wrapper packet event for channel fml:handshake with index 20
[13Jul2025 17:26:00.728] [Netty Epoll Server IO #7/DEBUG] [net.minecraftforge.network.HandshakeHandler/FMLHANDSHAKE]: Received client indexed reply 20 of type net.minecraftforge.network.HandshakeMessages$C2SAcknowledge
[13Jul2025 17:26:00.728] [Netty Epoll Server IO #7/DEBUG] [net.minecraftforge.network.HandshakeHandler/FMLHANDSHAKE]: Received acknowledgement from client
[13Jul2025 17:26:00.766] [Server thread/DEBUG] [net.minecraftforge.network.HandshakeHandler/FMLHANDSHAKE]: Sending ticking packet info 'Config cgm-server.toml' to 'fml:handshake' sequence 23
[13Jul2025 17:26:00.816] [Server thread/DEBUG] [net.minecraftforge.network.HandshakeHandler/FMLHANDSHAKE]: Sending ticking packet info 'Config mokey-server.toml' to 'fml:handshake' sequence 24
[13Jul2025 17:26:00.862] [Netty Epoll Server IO #7/DEBUG] [net.minecraftforge.network.LoginWrapper/FMLHANDSHAKE]: Recieved login wrapper packet event for channel fml:handshake with index 21
[13Jul2025 17:26:00.862] [Netty Epoll Server IO #7/DEBUG] [net.minecraftforge.network.HandshakeHandler/FMLHANDSHAKE]: Received client indexed reply 21 of type net.minecraftforge.network.HandshakeMessages$C2SAcknowledge
[13Jul2025 17:26:00.862] [Netty Epoll Server IO #7/DEBUG] [net.minecraftforge.network.HandshakeHandler/FMLHANDSHAKE]: Received acknowledgement from client
[13Jul2025 17:26:00.862] [Netty Epoll Server IO #7/DEBUG] [net.minecraftforge.network.LoginWrapper/FMLHANDSHAKE]: Recieved login wrapper packet event for channel fml:handshake with index 22
[13Jul2025 17:26:00.862] [Netty Epoll Server IO #7/DEBUG] [net.minecraftforge.network.HandshakeHandler/FMLHANDSHAKE]: Received client indexed reply 22 of type net.minecraftforge.network.HandshakeMessages$C2SAcknowledge
[13Jul2025 17:26:00.862] [Netty Epoll Server IO #7/DEBUG] [net.minecraftforge.network.HandshakeHandler/FMLHANDSHAKE]: Received acknowledgement from client
[13Jul2025 17:26:00.862] [Netty Epoll Server IO #7/DEBUG] [net.minecraftforge.network.LoginWrapper/FMLHANDSHAKE]: Recieved login wrapper packet event for channel fml:handshake with index 23
[13Jul2025 17:26:00.862] [Netty Epoll Server IO #7/DEBUG] [net.minecraftforge.network.HandshakeHandler/FMLHANDSHAKE]: Received client indexed reply 23 of type net.minecraftforge.network.HandshakeMessages$C2SAcknowledge
[13Jul2025 17:26:00.862] [Netty Epoll Server IO #7/DEBUG] [net.minecraftforge.network.HandshakeHandler/FMLHANDSHAKE]: Received acknowledgement from client
[13Jul2025 17:26:00.867] [Server thread/DEBUG] [net.minecraftforge.network.HandshakeHandler/FMLHANDSHAKE]: Sending ticking packet info 'Config irritator-server.toml' to 'fml:handshake' sequence 25
[13Jul2025 17:26:00.920] [Server thread/DEBUG] [net.minecraftforge.network.HandshakeHandler/FMLHANDSHAKE]: Sending ticking packet info 'Config cartoon_dweller-server.toml' to 'fml:handshake' sequence 26
[13Jul2025 17:26:00.926] [Netty Epoll Server IO #7/DEBUG] [net.minecraftforge.network.LoginWrapper/FMLHANDSHAKE]: Recieved login wrapper packet event for channel fml:handshake with index 24
[13Jul2025 17:26:00.926] [Netty Epoll Server IO #7/DEBUG] [net.minecraftforge.network.HandshakeHandler/FMLHANDSHAKE]: Received client indexed reply 24 of type net.minecraftforge.network.HandshakeMessages$C2SAcknowledge
[13Jul2025 17:26:00.926] [Netty Epoll Server IO #7/DEBUG] [net.minecraftforge.network.HandshakeHandler/FMLHANDSHAKE]: Received acknowledgement from client
[13Jul2025 17:26:00.967] [Server thread/DEBUG] [net.minecraftforge.network.HandshakeHandler/FMLHANDSHAKE]: Sending ticking packet info 'Config cave_dweller-server.toml' to 'fml:handshake' sequence 27
[13Jul2025 17:26:00.984] [Netty Epoll Server IO #7/DEBUG] [net.minecraftforge.network.LoginWrapper/FMLHANDSHAKE]: Recieved login wrapper packet event for channel fml:handshake with index 25
[13Jul2025 17:26:00.984] [Netty Epoll Server IO #7/DEBUG] [net.minecraftforge.network.HandshakeHandler/FMLHANDSHAKE]: Received client indexed reply 25 of type net.minecraftforge.network.HandshakeMessages$C2SAcknowledge
[13Jul2025 17:26:00.984] [Netty Epoll Server IO #7/DEBUG] [net.minecraftforge.network.HandshakeHandler/FMLHANDSHAKE]: Received acknowledgement from client
[13Jul2025 17:26:01.017] [Server thread/DEBUG] [net.minecraftforge.network.HandshakeHandler/FMLHANDSHAKE]: Sending ticking packet info 'Config mimicer-server.toml' to 'fml:handshake' sequence 28
[13Jul2025 17:26:01.017] [Netty Epoll Server IO #7/DEBUG] [net.minecraftforge.network.LoginWrapper/FMLHANDSHAKE]: Recieved login wrapper packet event for channel fml:handshake with index 26
[13Jul2025 17:26:01.017] [Netty Epoll Server IO #7/DEBUG] [net.minecraftforge.network.HandshakeHandler/FMLHANDSHAKE]: Received client indexed reply 26 of type net.minecraftforge.network.HandshakeMessages$C2SAcknowledge
[13Jul2025 17:26:01.017] [Netty Epoll Server IO #7/DEBUG] [net.minecraftforge.network.HandshakeHandler/FMLHANDSHAKE]: Received acknowledgement from client
[13Jul2025 17:26:01.067] [Server thread/DEBUG] [net.minecraftforge.network.HandshakeHandler/FMLHANDSHAKE]: Sending ticking packet info 'Config jei-server.toml' to 'fml:handshake' sequence 29
[13Jul2025 17:26:01.106] [Netty Epoll Server IO #7/DEBUG] [net.minecraftforge.network.LoginWrapper/FMLHANDSHAKE]: Recieved login wrapper packet event for channel fml:handshake with index 27
[13Jul2025 17:26:01.107] [Netty Epoll Server IO #7/DEBUG] [net.minecraftforge.network.HandshakeHandler/FMLHANDSHAKE]: Received client indexed reply 27 of type net.minecraftforge.network.HandshakeMessages$C2SAcknowledge
[13Jul2025 17:26:01.107] [Netty Epoll Server IO #7/DEBUG] [net.minecraftforge.network.HandshakeHandler/FMLHANDSHAKE]: Received acknowledgement from client
[13Jul2025 17:26:01.117] [Server thread/DEBUG] [net.minecraftforge.network.HandshakeHandler/FMLHANDSHAKE]: Sending ticking packet info 'Config forge-server.toml' to 'fml:handshake' sequence 30
[13Jul2025 17:26:01.168] [Netty Epoll Server IO #7/DEBUG] [net.minecraftforge.network.LoginWrapper/FMLHANDSHAKE]: Recieved login wrapper packet event for channel fml:handshake with index 28
[13Jul2025 17:26:01.168] [Netty Epoll Server IO #7/DEBUG] [net.minecraftforge.network.HandshakeHandler/FMLHANDSHAKE]: Received client indexed reply 28 of type net.minecraftforge.network.HandshakeMessages$C2SAcknowledge
[13Jul2025 17:26:01.168] [Netty Epoll Server IO #7/DEBUG] [net.minecraftforge.network.HandshakeHandler/FMLHANDSHAKE]: Received acknowledgement from client
[13Jul2025 17:26:01.208] [Netty Epoll Server IO #7/DEBUG] [net.minecraftforge.network.LoginWrapper/FMLHANDSHAKE]: Recieved login wrapper packet event for channel fml:handshake with index 29
[13Jul2025 17:26:01.208] [Netty Epoll Server IO #7/DEBUG] [net.minecraftforge.network.HandshakeHandler/FMLHANDSHAKE]: Received client indexed reply 29 of type net.minecraftforge.network.HandshakeMessages$C2SAcknowledge
[13Jul2025 17:26:01.208] [Netty Epoll Server IO #7/DEBUG] [net.minecraftforge.network.HandshakeHandler/FMLHANDSHAKE]: Received acknowledgement from client
[13Jul2025 17:26:01.256] [Netty Epoll Server IO #7/DEBUG] [net.minecraftforge.network.LoginWrapper/FMLHANDSHAKE]: Recieved login wrapper packet event for channel fml:handshake with index 30
[13Jul2025 17:26:01.256] [Netty Epoll Server IO #7/DEBUG] [net.minecraftforge.network.HandshakeHandler/FMLHANDSHAKE]: Received client indexed reply 30 of type net.minecraftforge.network.HandshakeMessages$C2SAcknowledge
[13Jul2025 17:26:01.256] [Netty Epoll Server IO #7/DEBUG] [net.minecraftforge.network.HandshakeHandler/FMLHANDSHAKE]: Received acknowledgement from client
[13Jul2025 17:26:01.267] [Server thread/DEBUG] [net.minecraftforge.network.HandshakeHandler/FMLHANDSHAKE]: Handshake complete!
[13Jul2025 17:26:01.334] [Server thread/INFO] [net.minecraftforge.common.AdvancementLoadFix/]: Using new advancement loading for net.minecraft.server.PlayerAdvancements@12ddfc44
[13Jul2025 17:26:01.343] [Server thread/INFO] [net.minecraft.server.players.PlayerList/]: Fresita_decaida[/127.14.55.169:38127] logged in with entity id 106 at (232.78082864092977, -6.0, -201.88802470205266)
[13Jul2025 17:26:01.343] [Server thread/DEBUG] [net.minecraftforge.network.filters.NetworkFilters/]: Injected net.minecraftforge.network.filters.ForgeConnectionNetworkFilter@40611cdb into net.minecraft.network.Connection@238cf51b
[13Jul2025 17:26:01.348] [Server thread/INFO] [net.minecraft.server.MinecraftServer/]: Fresita_decaida joined the game
[13Jul2025 17:26:01.850] [Server thread/INFO] [net.minecraft.server.network.ServerGamePacketListenerImpl/]: Fresita_decaida lost connection: Disconnected
[13Jul2025 17:26:01.850] [Server thread/INFO] [net.minecraft.server.MinecraftServer/]: Fresita_decaida left the game
[13Jul2025 17:28:48.497] [Netty Epoll Server IO #4/DEBUG] [net.minecraftforge.network.HandshakeHandler/FMLHANDSHAKE]: Starting new modded impl connection. Found 31 messages to dispatch.
[13Jul2025 17:28:48.517] [Server thread/DEBUG] [net.minecraftforge.network.HandshakeHandler/FMLHANDSHAKE]: Sending ticking packet info 'cgm:network_gun_manager' to 'framework:handshake' sequence 0
[13Jul2025 17:28:48.568] [Server thread/DEBUG] [net.minecraftforge.network.HandshakeHandler/FMLHANDSHAKE]: Sending ticking packet info 'cgm:custom_gun_manager' to 'framework:handshake' sequence 1
[13Jul2025 17:28:48.613] [Netty Epoll Server IO #4/DEBUG] [net.minecraftforge.network.LoginWrapper/FMLHANDSHAKE]: Recieved login wrapper packet event for channel framework:handshake with index 0
[13Jul2025 17:28:48.613] [Netty Epoll Server IO #4/DEBUG] [net.minecraftforge.network.HandshakeHandler/FMLHANDSHAKE]: Received client indexed reply 0 of type com.mrcrayfish.framework.api.network.message.HandshakeMessage$Acknowledge
[13Jul2025 17:28:48.613] [Netty Epoll Server IO #4/DEBUG] [Framework/FRAMEWORK_HANDSHAKE]: Received acknowledgement from client
[13Jul2025 17:28:48.617] [Server thread/DEBUG] [net.minecraftforge.network.HandshakeHandler/FMLHANDSHAKE]: Sending ticking packet info 'net.minecraftforge.network.HandshakeMessages$S2CModData' to 'fml:handshake' sequence 2
[13Jul2025 17:28:48.667] [Server thread/DEBUG] [net.minecraftforge.network.HandshakeHandler/FMLHANDSHAKE]: Sending ticking packet info 'net.minecraftforge.network.HandshakeMessages$S2CModList' to 'fml:handshake' sequence 3
[13Jul2025 17:28:48.671] [Netty Epoll Server IO #4/DEBUG] [net.minecraftforge.network.LoginWrapper/FMLHANDSHAKE]: Recieved login wrapper packet event for channel framework:handshake with index 1
[13Jul2025 17:28:48.671] [Netty Epoll Server IO #4/DEBUG] [net.minecraftforge.network.HandshakeHandler/FMLHANDSHAKE]: Received client indexed reply 1 of type com.mrcrayfish.framework.api.network.message.HandshakeMessage$Acknowledge
[13Jul2025 17:28:48.671] [Netty Epoll Server IO #4/DEBUG] [Framework/FRAMEWORK_HANDSHAKE]: Received acknowledgement from client
[13Jul2025 17:28:48.717] [Server thread/DEBUG] [net.minecraftforge.network.HandshakeHandler/FMLHANDSHAKE]: Sending ticking packet info 'Registry minecraft:command_argument_type' to 'fml:handshake' sequence 4
[13Jul2025 17:28:48.735] [Netty Epoll Server IO #4/DEBUG] [net.minecraftforge.network.LoginWrapper/FMLHANDSHAKE]: Recieved login wrapper packet event for channel fml:handshake with index 3
[13Jul2025 17:28:48.735] [Netty Epoll Server IO #4/DEBUG] [net.minecraftforge.network.HandshakeHandler/FMLHANDSHAKE]: Received client indexed reply 3 of type net.minecraftforge.network.HandshakeMessages$C2SModListReply
[13Jul2025 17:28:48.736] [Netty Epoll Server IO #4/DEBUG] [net.minecraftforge.network.HandshakeHandler/FMLHANDSHAKE]: Received client connection with modlist [minecraft, sons_of_sins, treechop, midnightlurker, mowziesmobs, cgm, knightquest, eeeabsmobs, firstperson, graveyard, the_silence, born_in_chaos_v1, obscure_api, rubidium, oculus, the_cuckoo_clock, man, modernfix, jei, citadel, alexsmobs, legendary_monsters, mixinextras, knightlib, ferritecore, bosses_of_mass_destruction, terralith, justzoom, the_knocker, framework, cloth_config, sound_physics_remastered, forge, appleskin, tlskincape, konkrete, geckolib3, mokey, cave_dweller, irritator, cartoon_dweller, sackman, mimicer, aquamirae]
[13Jul2025 17:28:48.736] [Netty Epoll Server IO #4/DEBUG] [net.minecraftforge.network.NetworkRegistry/NETREGISTRY]: Channel 'the_knocker:the_knocker' : Version test of '1' from client : ACCEPTED
[13Jul2025 17:28:48.736] [Netty Epoll Server IO #4/DEBUG] [net.minecraftforge.network.NetworkRegistry/NETREGISTRY]: Channel 'eeeabsmobs:net' : Version test of '1.0' from client : ACCEPTED
[13Jul2025 17:28:48.736] [Netty Epoll Server IO #4/DEBUG] [net.minecraftforge.network.NetworkRegistry/NETREGISTRY]: Channel 'jei:channel' : Version test of '1.0.0' from client : ACCEPTED
[13Jul2025 17:28:48.736] [Netty Epoll Server IO #4/DEBUG] [net.minecraftforge.network.NetworkRegistry/NETREGISTRY]: Channel 'sackman:main' : Version test of '2' from client : ACCEPTED
[13Jul2025 17:28:48.736] [Netty Epoll Server IO #4/DEBUG] [net.minecraftforge.network.NetworkRegistry/NETREGISTRY]: Channel 'minecraft:unregister' : Version test of 'FML3' from client : ACCEPTED
[13Jul2025 17:28:48.736] [Netty Epoll Server IO #4/DEBUG] [net.minecraftforge.network.NetworkRegistry/NETREGISTRY]: Channel 'the_silence:the_silence' : Version test of '1' from client : ACCEPTED
[13Jul2025 17:28:48.736] [Netty Epoll Server IO #4/DEBUG] [net.minecraftforge.network.NetworkRegistry/NETREGISTRY]: Channel 'citadel:main_channel' : Version test of '1' from client : ACCEPTED
[13Jul2025 17:28:48.736] [Netty Epoll Server IO #4/DEBUG] [net.minecraftforge.network.NetworkRegistry/NETREGISTRY]: Channel 'born_in_chaos_v1:born_in_chaos_v1' : Version test of '1' from client : ACCEPTED
[13Jul2025 17:28:48.736] [Netty Epoll Server IO #4/DEBUG] [net.minecraftforge.network.NetworkRegistry/NETREGISTRY]: Channel 'sons_of_sins:sons_of_sins' : Version test of '1' from client : ACCEPTED
[13Jul2025 17:28:48.736] [Netty Epoll Server IO #4/DEBUG] [net.minecraftforge.network.NetworkRegistry/NETREGISTRY]: Channel 'obscure_api:obscure_api' : Version test of '1' from client : ACCEPTED
[13Jul2025 17:28:48.736] [Netty Epoll Server IO #4/DEBUG] [net.minecraftforge.network.NetworkRegistry/NETREGISTRY]: Channel 'framework:play' : Version test of '1' from client : ACCEPTED
[13Jul2025 17:28:48.736] [Netty Epoll Server IO #4/DEBUG] [net.minecraftforge.network.NetworkRegistry/NETREGISTRY]: Channel 'bosses_of_mass_destruction:packets' : Version test of '1' from client : ACCEPTED
[13Jul2025 17:28:48.736] [Netty Epoll Server IO #4/DEBUG] [net.minecraftforge.network.NetworkRegistry/NETREGISTRY]: Channel 'cartoon_dweller:main' : Version test of '2' from client : ACCEPTED
[13Jul2025 17:28:48.736] [Netty Epoll Server IO #4/DEBUG] [net.minecraftforge.network.NetworkRegistry/NETREGISTRY]: Channel 'mimicer:main' : Version test of '2' from client : ACCEPTED
[13Jul2025 17:28:48.736] [Netty Epoll Server IO #4/DEBUG] [net.minecraftforge.network.NetworkRegistry/NETREGISTRY]: Channel 'minecraft:treechop-channel' : Version test of '7' from client : ACCEPTED
[13Jul2025 17:28:48.736] [Netty Epoll Server IO #4/DEBUG] [net.minecraftforge.network.NetworkRegistry/NETREGISTRY]: Channel 'the_cuckoo_clock:the_cuckoo_clock' : Version test of '1' from client : ACCEPTED
[13Jul2025 17:28:48.736] [Netty Epoll Server IO #4/DEBUG] [net.minecraftforge.network.NetworkRegistry/NETREGISTRY]: Channel 'appleskin:sync' : Version test of '1' from client : ACCEPTED
[13Jul2025 17:28:48.736] [Netty Epoll Server IO #4/DEBUG] [net.minecraftforge.network.NetworkRegistry/NETREGISTRY]: Channel 'cave_dweller:main' : Version test of '2' from client : ACCEPTED
[13Jul2025 17:28:48.736] [Netty Epoll Server IO #4/DEBUG] [net.minecraftforge.network.NetworkRegistry/NETREGISTRY]: Channel 'mokey:main' : Version test of '2' from client : ACCEPTED
[13Jul2025 17:28:48.736] [Netty Epoll Server IO #4/DEBUG] [net.minecraftforge.network.NetworkRegistry/NETREGISTRY]: Channel 'framework:handshake' : Version test of '1' from client : ACCEPTED
[13Jul2025 17:28:48.736] [Netty Epoll Server IO #4/DEBUG] [net.minecraftforge.network.NetworkRegistry/NETREGISTRY]: Channel 'fml:loginwrapper' : Version test of 'FML3' from client : ACCEPTED
[13Jul2025 17:28:48.736] [Netty Epoll Server IO #4/DEBUG] [net.minecraftforge.network.NetworkRegistry/NETREGISTRY]: Channel 'forge:tier_sorting' : Version test of '1.0' from client : ACCEPTED
[13Jul2025 17:28:48.736] [Netty Epoll Server IO #4/DEBUG] [net.minecraftforge.network.NetworkRegistry/NETREGISTRY]: Channel 'aquamirae:main' : Version test of '1' from client : ACCEPTED
[13Jul2025 17:28:48.736] [Netty Epoll Server IO #4/DEBUG] [net.minecraftforge.network.NetworkRegistry/NETREGISTRY]: Channel 'alexsmobs:main_channel' : Version test of '1' from client : ACCEPTED
[13Jul2025 17:28:48.736] [Netty Epoll Server IO #4/DEBUG] [net.minecraftforge.network.NetworkRegistry/NETREGISTRY]: Channel 'cgm:play' : Version test of '1' from client : ACCEPTED
[13Jul2025 17:28:48.736] [Netty Epoll Server IO #4/DEBUG] [net.minecraftforge.network.NetworkRegistry/NETREGISTRY]: Channel 'mowziesmobs:net' : Version test of '1' from client : ACCEPTED
[13Jul2025 17:28:48.736] [Netty Epoll Server IO #4/DEBUG] [net.minecraftforge.network.NetworkRegistry/NETREGISTRY]: Channel 'fml:play' : Version test of 'FML3' from client : ACCEPTED
[13Jul2025 17:28:48.736] [Netty Epoll Server IO #4/DEBUG] [net.minecraftforge.network.NetworkRegistry/NETREGISTRY]: Channel 'irritator:main' : Version test of '2' from client : ACCEPTED
[13Jul2025 17:28:48.736] [Netty Epoll Server IO #4/DEBUG] [net.minecraftforge.network.NetworkRegistry/NETREGISTRY]: Channel 'midnightlurker:midnightlurker' : Version test of '1' from client : ACCEPTED
[13Jul2025 17:28:48.736] [Netty Epoll Server IO #4/DEBUG] [net.minecraftforge.network.NetworkRegistry/NETREGISTRY]: Channel 'man:man' : Version test of '1' from client : ACCEPTED
[13Jul2025 17:28:48.736] [Netty Epoll Server IO #4/DEBUG] [net.minecraftforge.network.NetworkRegistry/NETREGISTRY]: Channel 'fml:handshake' : Version test of 'FML3' from client : ACCEPTED
[13Jul2025 17:28:48.736] [Netty Epoll Server IO #4/DEBUG] [net.minecraftforge.network.NetworkRegistry/NETREGISTRY]: Channel 'geckolib3:main' : Version test of '0' from client : ACCEPTED
[13Jul2025 17:28:48.736] [Netty Epoll Server IO #4/DEBUG] [net.minecraftforge.network.NetworkRegistry/NETREGISTRY]: Channel 'minecraft:register' : Version test of 'FML3' from client : ACCEPTED
[13Jul2025 17:28:48.736] [Netty Epoll Server IO #4/DEBUG] [net.minecraftforge.network.NetworkRegistry/NETREGISTRY]: Channel 'forge:split' : Version test of '1.1' from client : ACCEPTED
[13Jul2025 17:28:48.736] [Netty Epoll Server IO #4/DEBUG] [net.minecraftforge.network.NetworkRegistry/NETREGISTRY]: Accepting channel list from client
[13Jul2025 17:28:48.736] [Netty Epoll Server IO #4/DEBUG] [net.minecraftforge.network.HandshakeHandler/FMLHANDSHAKE]: Accepted client connection mod list
[13Jul2025 17:28:48.767] [Server thread/DEBUG] [net.minecraftforge.network.HandshakeHandler/FMLHANDSHAKE]: Sending ticking packet info 'Registry minecraft:recipe_serializer' to 'fml:handshake' sequence 5
[13Jul2025 17:28:48.793] [Netty Epoll Server IO #4/DEBUG] [net.minecraftforge.network.LoginWrapper/FMLHANDSHAKE]: Recieved login wrapper packet event for channel fml:handshake with index 4
[13Jul2025 17:28:48.794] [Netty Epoll Server IO #4/DEBUG] [net.minecraftforge.network.HandshakeHandler/FMLHANDSHAKE]: Received client indexed reply 4 of type net.minecraftforge.network.HandshakeMessages$C2SAcknowledge
[13Jul2025 17:28:48.794] [Netty Epoll Server IO #4/DEBUG] [net.minecraftforge.network.HandshakeHandler/FMLHANDSHAKE]: Received acknowledgement from client
[13Jul2025 17:28:48.817] [Server thread/DEBUG] [net.minecraftforge.network.HandshakeHandler/FMLHANDSHAKE]: Sending ticking packet info 'Registry minecraft:sound_event' to 'fml:handshake' sequence 6
[13Jul2025 17:28:48.857] [Netty Epoll Server IO #4/DEBUG] [net.minecraftforge.network.LoginWrapper/FMLHANDSHAKE]: Recieved login wrapper packet event for channel fml:handshake with index 5
[13Jul2025 17:28:48.857] [Netty Epoll Server IO #4/DEBUG] [net.minecraftforge.network.HandshakeHandler/FMLHANDSHAKE]: Received client indexed reply 5 of type net.minecraftforge.network.HandshakeMessages$C2SAcknowledge
[13Jul2025 17:28:48.858] [Netty Epoll Server IO #4/DEBUG] [net.minecraftforge.network.HandshakeHandler/FMLHANDSHAKE]: Received acknowledgement from client
[13Jul2025 17:28:48.867] [Server thread/DEBUG] [net.minecraftforge.network.HandshakeHandler/FMLHANDSHAKE]: Sending ticking packet info 'Registry minecraft:particle_type' to 'fml:handshake' sequence 7
[13Jul2025 17:28:48.917] [Server thread/DEBUG] [net.minecraftforge.network.HandshakeHandler/FMLHANDSHAKE]: Sending ticking packet info 'Registry minecraft:villager_profession' to 'fml:handshake' sequence 8
[13Jul2025 17:28:48.967] [Server thread/DEBUG] [net.minecraftforge.network.HandshakeHandler/FMLHANDSHAKE]: Sending ticking packet info 'Registry minecraft:item' to 'fml:handshake' sequence 9
[13Jul2025 17:28:49.009] [Netty Epoll Server IO #4/DEBUG] [net.minecraftforge.network.LoginWrapper/FMLHANDSHAKE]: Recieved login wrapper packet event for channel fml:handshake with index 6
[13Jul2025 17:28:49.009] [Netty Epoll Server IO #4/DEBUG] [net.minecraftforge.network.HandshakeHandler/FMLHANDSHAKE]: Received client indexed reply 6 of type net.minecraftforge.network.HandshakeMessages$C2SAcknowledge
[13Jul2025 17:28:49.009] [Netty Epoll Server IO #4/DEBUG] [net.minecraftforge.network.HandshakeHandler/FMLHANDSHAKE]: Received acknowledgement from client
[13Jul2025 17:28:49.017] [Server thread/DEBUG] [net.minecraftforge.network.HandshakeHandler/FMLHANDSHAKE]: Sending ticking packet info 'Registry minecraft:potion' to 'fml:handshake' sequence 10
[13Jul2025 17:28:49.020] [Netty Epoll Server IO #4/DEBUG] [net.minecraftforge.network.LoginWrapper/FMLHANDSHAKE]: Recieved login wrapper packet event for channel fml:handshake with index 7
[13Jul2025 17:28:49.020] [Netty Epoll Server IO #4/DEBUG] [net.minecraftforge.network.HandshakeHandler/FMLHANDSHAKE]: Received client indexed reply 7 of type net.minecraftforge.network.HandshakeMessages$C2SAcknowledge
[13Jul2025 17:28:49.020] [Netty Epoll Server IO #4/DEBUG] [net.minecraftforge.network.HandshakeHandler/FMLHANDSHAKE]: Received acknowledgement from client
[13Jul2025 17:28:49.020] [Netty Epoll Server IO #4/DEBUG] [net.minecraftforge.network.LoginWrapper/FMLHANDSHAKE]: Recieved login wrapper packet event for channel fml:handshake with index 8
[13Jul2025 17:28:49.020] [Netty Epoll Server IO #4/DEBUG] [net.minecraftforge.network.HandshakeHandler/FMLHANDSHAKE]: Received client indexed reply 8 of type net.minecraftforge.network.HandshakeMessages$C2SAcknowledge
[13Jul2025 17:28:49.021] [Netty Epoll Server IO #4/DEBUG] [net.minecraftforge.network.HandshakeHandler/FMLHANDSHAKE]: Received acknowledgement from client
[13Jul2025 17:28:49.067] [Server thread/DEBUG] [net.minecraftforge.network.HandshakeHandler/FMLHANDSHAKE]: Sending ticking packet info 'Registry minecraft:painting_variant' to 'fml:handshake' sequence 11
[13Jul2025 17:28:49.096] [Netty Epoll Server IO #4/DEBUG] [net.minecraftforge.network.LoginWrapper/FMLHANDSHAKE]: Recieved login wrapper packet event for channel fml:handshake with index 9
[13Jul2025 17:28:49.096] [Netty Epoll Server IO #4/DEBUG] [net.minecraftforge.network.HandshakeHandler/FMLHANDSHAKE]: Received client indexed reply 9 of type net.minecraftforge.network.HandshakeMessages$C2SAcknowledge
[13Jul2025 17:28:49.096] [Netty Epoll Server IO #4/DEBUG] [net.minecraftforge.network.HandshakeHandler/FMLHANDSHAKE]: Received acknowledgement from client
[13Jul2025 17:28:49.102] [Netty Epoll Server IO #4/DEBUG] [net.minecraftforge.network.LoginWrapper/FMLHANDSHAKE]: Recieved login wrapper packet event for channel fml:handshake with index 10
[13Jul2025 17:28:49.102] [Netty Epoll Server IO #4/DEBUG] [net.minecraftforge.network.HandshakeHandler/FMLHANDSHAKE]: Received client indexed reply 10 of type net.minecraftforge.network.HandshakeMessages$C2SAcknowledge
[13Jul2025 17:28:49.102] [Netty Epoll Server IO #4/DEBUG] [net.minecraftforge.network.HandshakeHandler/FMLHANDSHAKE]: Received acknowledgement from client
[13Jul2025 17:28:49.117] [Server thread/DEBUG] [net.minecraftforge.network.HandshakeHandler/FMLHANDSHAKE]: Sending ticking packet info 'Registry forge:fluid_type' to 'fml:handshake' sequence 12
[13Jul2025 17:28:49.160] [Netty Epoll Server IO #4/DEBUG] [net.minecraftforge.network.LoginWrapper/FMLHANDSHAKE]: Recieved login wrapper packet event for channel fml:handshake with index 11
[13Jul2025 17:28:49.160] [Netty Epoll Server IO #4/DEBUG] [net.minecraftforge.network.HandshakeHandler/FMLHANDSHAKE]: Received client indexed reply 11 of type net.minecraftforge.network.HandshakeMessages$C2SAcknowledge
[13Jul2025 17:28:49.160] [Netty Epoll Server IO #4/DEBUG] [net.minecraftforge.network.HandshakeHandler/FMLHANDSHAKE]: Received acknowledgement from client
[13Jul2025 17:28:49.167] [Server thread/DEBUG] [net.minecraftforge.network.HandshakeHandler/FMLHANDSHAKE]: Sending ticking packet info 'Registry minecraft:block_entity_type' to 'fml:handshake' sequence 13
[13Jul2025 17:28:49.217] [Server thread/DEBUG] [net.minecraftforge.network.HandshakeHandler/FMLHANDSHAKE]: Sending ticking packet info 'Registry minecraft:block' to 'fml:handshake' sequence 14
[13Jul2025 17:28:49.230] [Netty Epoll Server IO #4/DEBUG] [net.minecraftforge.network.LoginWrapper/FMLHANDSHAKE]: Recieved login wrapper packet event for channel fml:handshake with index 12
[13Jul2025 17:28:49.230] [Netty Epoll Server IO #4/DEBUG] [net.minecraftforge.network.HandshakeHandler/FMLHANDSHAKE]: Received client indexed reply 12 of type net.minecraftforge.network.HandshakeMessages$C2SAcknowledge
[13Jul2025 17:28:49.230] [Netty Epoll Server IO #4/DEBUG] [net.minecraftforge.network.HandshakeHandler/FMLHANDSHAKE]: Received acknowledgement from client
[13Jul2025 17:28:49.267] [Server thread/DEBUG] [net.minecraftforge.network.HandshakeHandler/FMLHANDSHAKE]: Sending ticking packet info 'Registry forge:entity_data_serializers' to 'fml:handshake' sequence 15
[13Jul2025 17:28:49.288] [Netty Epoll Server IO #4/DEBUG] [net.minecraftforge.network.LoginWrapper/FMLHANDSHAKE]: Recieved login wrapper packet event for channel fml:handshake with index 13
[13Jul2025 17:28:49.288] [Netty Epoll Server IO #4/DEBUG] [net.minecraftforge.network.HandshakeHandler/FMLHANDSHAKE]: Received client indexed reply 13 of type net.minecraftforge.network.HandshakeMessages$C2SAcknowledge
[13Jul2025 17:28:49.288] [Netty Epoll Server IO #4/DEBUG] [net.minecraftforge.network.HandshakeHandler/FMLHANDSHAKE]: Received acknowledgement from client
[13Jul2025 17:28:49.317] [Server thread/DEBUG] [net.minecraftforge.network.HandshakeHandler/FMLHANDSHAKE]: Sending ticking packet info 'Registry minecraft:mob_effect' to 'fml:handshake' sequence 16
[13Jul2025 17:28:49.317] [Netty Epoll Server IO #4/DEBUG] [net.minecraftforge.network.LoginWrapper/FMLHANDSHAKE]: Recieved login wrapper packet event for channel fml:handshake with index 14
[13Jul2025 17:28:49.317] [Netty Epoll Server IO #4/DEBUG] [net.minecraftforge.network.HandshakeHandler/FMLHANDSHAKE]: Received client indexed reply 14 of type net.minecraftforge.network.HandshakeMessages$C2SAcknowledge
[13Jul2025 17:28:49.317] [Netty Epoll Server IO #4/DEBUG] [net.minecraftforge.network.HandshakeHandler/FMLHANDSHAKE]: Received acknowledgement from client
[13Jul2025 17:28:49.363] [Netty Epoll Server IO #4/DEBUG] [net.minecraftforge.network.LoginWrapper/FMLHANDSHAKE]: Recieved login wrapper packet event for channel fml:handshake with index 15
[13Jul2025 17:28:49.363] [Netty Epoll Server IO #4/DEBUG] [net.minecraftforge.network.HandshakeHandler/FMLHANDSHAKE]: Received client indexed reply 15 of type net.minecraftforge.network.HandshakeMessages$C2SAcknowledge
[13Jul2025 17:28:49.364] [Netty Epoll Server IO #4/DEBUG] [net.minecraftforge.network.HandshakeHandler/FMLHANDSHAKE]: Received acknowledgement from client
[13Jul2025 17:28:49.367] [Server thread/DEBUG] [net.minecraftforge.network.HandshakeHandler/FMLHANDSHAKE]: Sending ticking packet info 'Registry minecraft:stat_type' to 'fml:handshake' sequence 17
[13Jul2025 17:28:49.417] [Server thread/DEBUG] [net.minecraftforge.network.HandshakeHandler/FMLHANDSHAKE]: Sending ticking packet info 'Registry minecraft:menu' to 'fml:handshake' sequence 18
[13Jul2025 17:28:49.428] [Netty Epoll Server IO #4/DEBUG] [net.minecraftforge.network.LoginWrapper/FMLHANDSHAKE]: Recieved login wrapper packet event for channel fml:handshake with index 16
[13Jul2025 17:28:49.428] [Netty Epoll Server IO #4/DEBUG] [net.minecraftforge.network.HandshakeHandler/FMLHANDSHAKE]: Received client indexed reply 16 of type net.minecraftforge.network.HandshakeMessages$C2SAcknowledge
[13Jul2025 17:28:49.428] [Netty Epoll Server IO #4/DEBUG] [net.minecraftforge.network.HandshakeHandler/FMLHANDSHAKE]: Received acknowledgement from client
[13Jul2025 17:28:49.467] [Server thread/DEBUG] [net.minecraftforge.network.HandshakeHandler/FMLHANDSHAKE]: Sending ticking packet info 'Registry minecraft:enchantment' to 'fml:handshake' sequence 19
[13Jul2025 17:28:49.491] [Netty Epoll Server IO #4/DEBUG] [net.minecraftforge.network.LoginWrapper/FMLHANDSHAKE]: Recieved login wrapper packet event for channel fml:handshake with index 17
[13Jul2025 17:28:49.492] [Netty Epoll Server IO #4/DEBUG] [net.minecraftforge.network.HandshakeHandler/FMLHANDSHAKE]: Received client indexed reply 17 of type net.minecraftforge.network.HandshakeMessages$C2SAcknowledge
[13Jul2025 17:28:49.492] [Netty Epoll Server IO #4/DEBUG] [net.minecraftforge.network.HandshakeHandler/FMLHANDSHAKE]: Received acknowledgement from client
[13Jul2025 17:28:49.517] [Server thread/DEBUG] [net.minecraftforge.network.HandshakeHandler/FMLHANDSHAKE]: Sending ticking packet info 'Registry minecraft:fluid' to 'fml:handshake' sequence 20
[13Jul2025 17:28:49.517] [Netty Epoll Server IO #4/DEBUG] [net.minecraftforge.network.LoginWrapper/FMLHANDSHAKE]: Recieved login wrapper packet event for channel fml:handshake with index 18
[13Jul2025 17:28:49.517] [Netty Epoll Server IO #4/DEBUG] [net.minecraftforge.network.HandshakeHandler/FMLHANDSHAKE]: Received client indexed reply 18 of type net.minecraftforge.network.HandshakeMessages$C2SAcknowledge
[13Jul2025 17:28:49.517] [Netty Epoll Server IO #4/DEBUG] [net.minecraftforge.network.HandshakeHandler/FMLHANDSHAKE]: Received acknowledgement from client
[13Jul2025 17:28:49.557] [Netty Epoll Server IO #4/DEBUG] [net.minecraftforge.network.LoginWrapper/FMLHANDSHAKE]: Recieved login wrapper packet event for channel fml:handshake with index 19
[13Jul2025 17:28:49.557] [Netty Epoll Server IO #4/DEBUG] [net.minecraftforge.network.HandshakeHandler/FMLHANDSHAKE]: Received client indexed reply 19 of type net.minecraftforge.network.HandshakeMessages$C2SAcknowledge
[13Jul2025 17:28:49.558] [Netty Epoll Server IO #4/DEBUG] [net.minecraftforge.network.HandshakeHandler/FMLHANDSHAKE]: Received acknowledgement from client
[13Jul2025 17:28:49.567] [Server thread/DEBUG] [net.minecraftforge.network.HandshakeHandler/FMLHANDSHAKE]: Sending ticking packet info 'Registry minecraft:entity_type' to 'fml:handshake' sequence 21
[13Jul2025 17:28:49.616] [Server thread/DEBUG] [net.minecraftforge.network.HandshakeHandler/FMLHANDSHAKE]: Sending ticking packet info 'Config sackman-server.toml' to 'fml:handshake' sequence 22
[13Jul2025 17:28:49.619] [Netty Epoll Server IO #4/DEBUG] [net.minecraftforge.network.LoginWrapper/FMLHANDSHAKE]: Recieved login wrapper packet event for channel fml:handshake with index 20
[13Jul2025 17:28:49.619] [Netty Epoll Server IO #4/DEBUG] [net.minecraftforge.network.HandshakeHandler/FMLHANDSHAKE]: Received client indexed reply 20 of type net.minecraftforge.network.HandshakeMessages$C2SAcknowledge
[13Jul2025 17:28:49.619] [Netty Epoll Server IO #4/DEBUG] [net.minecraftforge.network.HandshakeHandler/FMLHANDSHAKE]: Received acknowledgement from client
[13Jul2025 17:28:49.667] [Server thread/DEBUG] [net.minecraftforge.network.HandshakeHandler/FMLHANDSHAKE]: Sending ticking packet info 'Config cgm-server.toml' to 'fml:handshake' sequence 23
[13Jul2025 17:28:49.717] [Server thread/DEBUG] [net.minecraftforge.network.HandshakeHandler/FMLHANDSHAKE]: Sending ticking packet info 'Config mokey-server.toml' to 'fml:handshake' sequence 24
[13Jul2025 17:28:49.753] [Netty Epoll Server IO #4/DEBUG] [net.minecraftforge.network.LoginWrapper/FMLHANDSHAKE]: Recieved login wrapper packet event for channel fml:handshake with index 21
[13Jul2025 17:28:49.753] [Netty Epoll Server IO #4/DEBUG] [net.minecraftforge.network.HandshakeHandler/FMLHANDSHAKE]: Received client indexed reply 21 of type net.minecraftforge.network.HandshakeMessages$C2SAcknowledge
[13Jul2025 17:28:49.753] [Netty Epoll Server IO #4/DEBUG] [net.minecraftforge.network.HandshakeHandler/FMLHANDSHAKE]: Received acknowledgement from client
[13Jul2025 17:28:49.754] [Netty Epoll Server IO #4/DEBUG] [net.minecraftforge.network.LoginWrapper/FMLHANDSHAKE]: Recieved login wrapper packet event for channel fml:handshake with index 22
[13Jul2025 17:28:49.754] [Netty Epoll Server IO #4/DEBUG] [net.minecraftforge.network.HandshakeHandler/FMLHANDSHAKE]: Received client indexed reply 22 of type net.minecraftforge.network.HandshakeMessages$C2SAcknowledge
[13Jul2025 17:28:49.754] [Netty Epoll Server IO #4/DEBUG] [net.minecraftforge.network.HandshakeHandler/FMLHANDSHAKE]: Received acknowledgement from client
[13Jul2025 17:28:49.766] [Server thread/DEBUG] [net.minecraftforge.network.HandshakeHandler/FMLHANDSHAKE]: Sending ticking packet info 'Config irritator-server.toml' to 'fml:handshake' sequence 25
[13Jul2025 17:28:49.776] [Netty Epoll Server IO #4/DEBUG] [net.minecraftforge.network.LoginWrapper/FMLHANDSHAKE]: Recieved login wrapper packet event for channel fml:handshake with index 23
[13Jul2025 17:28:49.777] [Netty Epoll Server IO #4/DEBUG] [net.minecraftforge.network.HandshakeHandler/FMLHANDSHAKE]: Received client indexed reply 23 of type net.minecraftforge.network.HandshakeMessages$C2SAcknowledge
[13Jul2025 17:28:49.777] [Netty Epoll Server IO #4/DEBUG] [net.minecraftforge.network.HandshakeHandler/FMLHANDSHAKE]: Received acknowledgement from client
[13Jul2025 17:28:49.817] [Server thread/DEBUG] [net.minecraftforge.network.HandshakeHandler/FMLHANDSHAKE]: Sending ticking packet info 'Config cartoon_dweller-server.toml' to 'fml:handshake' sequence 26
[13Jul2025 17:28:49.817] [Netty Epoll Server IO #4/DEBUG] [net.minecraftforge.network.LoginWrapper/FMLHANDSHAKE]: Recieved login wrapper packet event for channel fml:handshake with index 24
[13Jul2025 17:28:49.817] [Netty Epoll Server IO #4/DEBUG] [net.minecraftforge.network.HandshakeHandler/FMLHANDSHAKE]: Received client indexed reply 24 of type net.minecraftforge.network.HandshakeMessages$C2SAcknowledge
[13Jul2025 17:28:49.817] [Netty Epoll Server IO #4/DEBUG] [net.minecraftforge.network.HandshakeHandler/FMLHANDSHAKE]: Received acknowledgement from client
[13Jul2025 17:28:49.857] [Netty Epoll Server IO #4/DEBUG] [net.minecraftforge.network.LoginWrapper/FMLHANDSHAKE]: Recieved login wrapper packet event for channel fml:handshake with index 25
[13Jul2025 17:28:49.857] [Netty Epoll Server IO #4/DEBUG] [net.minecraftforge.network.HandshakeHandler/FMLHANDSHAKE]: Received client indexed reply 25 of type net.minecraftforge.network.HandshakeMessages$C2SAcknowledge
[13Jul2025 17:28:49.857] [Netty Epoll Server IO #4/DEBUG] [net.minecraftforge.network.HandshakeHandler/FMLHANDSHAKE]: Received acknowledgement from client
[13Jul2025 17:28:49.867] [Server thread/DEBUG] [net.minecraftforge.network.HandshakeHandler/FMLHANDSHAKE]: Sending ticking packet info 'Config cave_dweller-server.toml' to 'fml:handshake' sequence 27
[13Jul2025 17:28:49.917] [Server thread/DEBUG] [net.minecraftforge.network.HandshakeHandler/FMLHANDSHAKE]: Sending ticking packet info 'Config mimicer-server.toml' to 'fml:handshake' sequence 28
[13Jul2025 17:28:49.934] [Netty Epoll Server IO #4/DEBUG] [net.minecraftforge.network.LoginWrapper/FMLHANDSHAKE]: Recieved login wrapper packet event for channel fml:handshake with index 26
[13Jul2025 17:28:49.934] [Netty Epoll Server IO #4/DEBUG] [net.minecraftforge.network.HandshakeHandler/FMLHANDSHAKE]: Received client indexed reply 26 of type net.minecraftforge.network.HandshakeMessages$C2SAcknowledge
[13Jul2025 17:28:49.934] [Netty Epoll Server IO #4/DEBUG] [net.minecraftforge.network.HandshakeHandler/FMLHANDSHAKE]: Received acknowledgement from client
[13Jul2025 17:28:49.967] [Server thread/DEBUG] [net.minecraftforge.network.HandshakeHandler/FMLHANDSHAKE]: Sending ticking packet info 'Config jei-server.toml' to 'fml:handshake' sequence 29
[13Jul2025 17:28:50.017] [Server thread/DEBUG] [net.minecraftforge.network.HandshakeHandler/FMLHANDSHAKE]: Sending ticking packet info 'Config forge-server.toml' to 'fml:handshake' sequence 30
[13Jul2025 17:28:50.086] [Netty Epoll Server IO #4/DEBUG] [net.minecraftforge.network.LoginWrapper/FMLHANDSHAKE]: Recieved login wrapper packet event for channel fml:handshake with index 27
[13Jul2025 17:28:50.086] [Netty Epoll Server IO #4/DEBUG] [net.minecraftforge.network.HandshakeHandler/FMLHANDSHAKE]: Received client indexed reply 27 of type net.minecraftforge.network.HandshakeMessages$C2SAcknowledge
[13Jul2025 17:28:50.086] [Netty Epoll Server IO #4/DEBUG] [net.minecraftforge.network.HandshakeHandler/FMLHANDSHAKE]: Received acknowledgement from client
[13Jul2025 17:28:50.086] [Netty Epoll Server IO #4/DEBUG] [net.minecraftforge.network.LoginWrapper/FMLHANDSHAKE]: Recieved login wrapper packet event for channel fml:handshake with index 28
[13Jul2025 17:28:50.086] [Netty Epoll Server IO #4/DEBUG] [net.minecraftforge.network.HandshakeHandler/FMLHANDSHAKE]: Received client indexed reply 28 of type net.minecraftforge.network.HandshakeMessages$C2SAcknowledge
[13Jul2025 17:28:50.086] [Netty Epoll Server IO #4/DEBUG] [net.minecraftforge.network.HandshakeHandler/FMLHANDSHAKE]: Received acknowledgement from client
[13Jul2025 17:28:50.126] [Netty Epoll Server IO #4/DEBUG] [net.minecraftforge.network.LoginWrapper/FMLHANDSHAKE]: Recieved login wrapper packet event for channel fml:handshake with index 29
[13Jul2025 17:28:50.126] [Netty Epoll Server IO #4/DEBUG] [net.minecraftforge.network.HandshakeHandler/FMLHANDSHAKE]: Received client indexed reply 29 of type net.minecraftforge.network.HandshakeMessages$C2SAcknowledge
[13Jul2025 17:28:50.127] [Netty Epoll Server IO #4/DEBUG] [net.minecraftforge.network.HandshakeHandler/FMLHANDSHAKE]: Received acknowledgement from client
[13Jul2025 17:28:50.155] [Netty Epoll Server IO #4/DEBUG] [net.minecraftforge.network.LoginWrapper/FMLHANDSHAKE]: Recieved login wrapper packet event for channel fml:handshake with index 30
[13Jul2025 17:28:50.155] [Netty Epoll Server IO #4/DEBUG] [net.minecraftforge.network.HandshakeHandler/FMLHANDSHAKE]: Received client indexed reply 30 of type net.minecraftforge.network.HandshakeMessages$C2SAcknowledge
[13Jul2025 17:28:50.155] [Netty Epoll Server IO #4/DEBUG] [net.minecraftforge.network.HandshakeHandler/FMLHANDSHAKE]: Received acknowledgement from client
[13Jul2025 17:28:50.167] [Server thread/DEBUG] [net.minecraftforge.network.HandshakeHandler/FMLHANDSHAKE]: Handshake complete!
[13Jul2025 17:28:50.228] [Server thread/INFO] [net.minecraftforge.common.AdvancementLoadFix/]: Using new advancement loading for net.minecraft.server.PlayerAdvancements@4d341df7
[13Jul2025 17:28:50.237] [Server thread/INFO] [net.minecraft.server.players.PlayerList/]: Fresita_decaida[/127.14.55.169:50705] logged in with entity id 146 at (232.78082864092977, -6.0, -201.88802470205266)
[13Jul2025 17:28:50.237] [Server thread/DEBUG] [net.minecraftforge.network.filters.NetworkFilters/]: Injected net.minecraftforge.network.filters.ForgeConnectionNetworkFilter@4b01026a into net.minecraft.network.Connection@5e52e775
[13Jul2025 17:28:50.242] [Server thread/INFO] [net.minecraft.server.MinecraftServer/]: Fresita_decaida joined the game
[13Jul2025 17:28:50.853] [Server thread/INFO] [net.minecraft.server.network.ServerGamePacketListenerImpl/]: Fresita_decaida lost connection: Disconnected
[13Jul2025 17:28:50.853] [Server thread/INFO] [net.minecraft.server.MinecraftServer/]: Fresita_decaida left the game
[13Jul2025 17:30:41.202] [Server thread/DEBUG] [net.minecraftforge.common.ForgeHooks/WP]: Gathering id map for writing to world save world
[13Jul2025 17:30:41.214] [Server thread/DEBUG] [net.minecraftforge.common.ForgeHooks/WP]: ID Map collection complete world
[13Jul2025 17:35:41.206] [Server thread/DEBUG] [net.minecraftforge.common.ForgeHooks/WP]: Gathering id map for writing to world save world
[13Jul2025 17:35:41.216] [Server thread/DEBUG] [net.minecraftforge.common.ForgeHooks/WP]: ID Map collection complete world
[13Jul2025 17:37:05.698] [Netty Epoll Server IO #0/DEBUG] [net.minecraftforge.network.HandshakeHandler/FMLHANDSHAKE]: Starting new modded impl connection. Found 31 messages to dispatch.
[13Jul2025 17:37:05.717] [Server thread/DEBUG] [net.minecraftforge.network.HandshakeHandler/FMLHANDSHAKE]: Sending ticking packet info 'cgm:network_gun_manager' to 'framework:handshake' sequence 0
[13Jul2025 17:37:05.767] [Server thread/DEBUG] [net.minecraftforge.network.HandshakeHandler/FMLHANDSHAKE]: Sending ticking packet info 'cgm:custom_gun_manager' to 'framework:handshake' sequence 1
[13Jul2025 17:37:05.816] [Server thread/DEBUG] [net.minecraftforge.network.HandshakeHandler/FMLHANDSHAKE]: Sending ticking packet info 'net.minecraftforge.network.HandshakeMessages$S2CModData' to 'fml:handshake' sequence 2
[13Jul2025 17:37:05.847] [Netty Epoll Server IO #0/DEBUG] [net.minecraftforge.network.LoginWrapper/FMLHANDSHAKE]: Recieved login wrapper packet event for channel framework:handshake with index 0
[13Jul2025 17:37:05.847] [Netty Epoll Server IO #0/DEBUG] [net.minecraftforge.network.HandshakeHandler/FMLHANDSHAKE]: Received client indexed reply 0 of type com.mrcrayfish.framework.api.network.message.HandshakeMessage$Acknowledge
[13Jul2025 17:37:05.847] [Netty Epoll Server IO #0/DEBUG] [Framework/FRAMEWORK_HANDSHAKE]: Received acknowledgement from client
[13Jul2025 17:37:05.867] [Server thread/DEBUG] [net.minecraftforge.network.HandshakeHandler/FMLHANDSHAKE]: Sending ticking packet info 'net.minecraftforge.network.HandshakeMessages$S2CModList' to 'fml:handshake' sequence 3
[13Jul2025 17:37:05.885] [Netty Epoll Server IO #0/DEBUG] [net.minecraftforge.network.LoginWrapper/FMLHANDSHAKE]: Recieved login wrapper packet event for channel framework:handshake with index 1
[13Jul2025 17:37:05.885] [Netty Epoll Server IO #0/DEBUG] [net.minecraftforge.network.HandshakeHandler/FMLHANDSHAKE]: Received client indexed reply 1 of type com.mrcrayfish.framework.api.network.message.HandshakeMessage$Acknowledge
[13Jul2025 17:37:05.885] [Netty Epoll Server IO #0/DEBUG] [Framework/FRAMEWORK_HANDSHAKE]: Received acknowledgement from client
[13Jul2025 17:37:05.917] [Server thread/DEBUG] [net.minecraftforge.network.HandshakeHandler/FMLHANDSHAKE]: Sending ticking packet info 'Registry minecraft:command_argument_type' to 'fml:handshake' sequence 4
[13Jul2025 17:37:05.966] [Server thread/DEBUG] [net.minecraftforge.network.HandshakeHandler/FMLHANDSHAKE]: Sending ticking packet info 'Registry minecraft:recipe_serializer' to 'fml:handshake' sequence 5
[13Jul2025 17:37:05.973] [Netty Epoll Server IO #0/DEBUG] [net.minecraftforge.network.LoginWrapper/FMLHANDSHAKE]: Recieved login wrapper packet event for channel fml:handshake with index 3
[13Jul2025 17:37:05.973] [Netty Epoll Server IO #0/DEBUG] [net.minecraftforge.network.HandshakeHandler/FMLHANDSHAKE]: Received client indexed reply 3 of type net.minecraftforge.network.HandshakeMessages$C2SModListReply
[13Jul2025 17:37:05.973] [Netty Epoll Server IO #0/DEBUG] [net.minecraftforge.network.HandshakeHandler/FMLHANDSHAKE]: Received client connection with modlist [minecraft, sons_of_sins, treechop, midnightlurker, mowziesmobs, cgm, knightquest, eeeabsmobs, firstperson, graveyard, the_silence, born_in_chaos_v1, obscure_api, rubidium, oculus, the_cuckoo_clock, man, modernfix, jei, citadel, alexsmobs, legendary_monsters, mixinextras, knightlib, ferritecore, bosses_of_mass_destruction, terralith, justzoom, the_knocker, framework, cloth_config, sound_physics_remastered, forge, appleskin, tlskincape, konkrete, geckolib3, mokey, cave_dweller, irritator, cartoon_dweller, sackman, mimicer, aquamirae]
[13Jul2025 17:37:05.973] [Netty Epoll Server IO #0/DEBUG] [net.minecraftforge.network.NetworkRegistry/NETREGISTRY]: Channel 'the_knocker:the_knocker' : Version test of '1' from client : ACCEPTED
[13Jul2025 17:37:05.973] [Netty Epoll Server IO #0/DEBUG] [net.minecraftforge.network.NetworkRegistry/NETREGISTRY]: Channel 'eeeabsmobs:net' : Version test of '1.0' from client : ACCEPTED
[13Jul2025 17:37:05.973] [Netty Epoll Server IO #0/DEBUG] [net.minecraftforge.network.NetworkRegistry/NETREGISTRY]: Channel 'jei:channel' : Version test of '1.0.0' from client : ACCEPTED
[13Jul2025 17:37:05.973] [Netty Epoll Server IO #0/DEBUG] [net.minecraftforge.network.NetworkRegistry/NETREGISTRY]: Channel 'sackman:main' : Version test of '2' from client : ACCEPTED
[13Jul2025 17:37:05.973] [Netty Epoll Server IO #0/DEBUG] [net.minecraftforge.network.NetworkRegistry/NETREGISTRY]: Channel 'minecraft:unregister' : Version test of 'FML3' from client : ACCEPTED
[13Jul2025 17:37:05.973] [Netty Epoll Server IO #0/DEBUG] [net.minecraftforge.network.NetworkRegistry/NETREGISTRY]: Channel 'the_silence:the_silence' : Version test of '1' from client : ACCEPTED
[13Jul2025 17:37:05.973] [Netty Epoll Server IO #0/DEBUG] [net.minecraftforge.network.NetworkRegistry/NETREGISTRY]: Channel 'citadel:main_channel' : Version test of '1' from client : ACCEPTED
[13Jul2025 17:37:05.973] [Netty Epoll Server IO #0/DEBUG] [net.minecraftforge.network.NetworkRegistry/NETREGISTRY]: Channel 'born_in_chaos_v1:born_in_chaos_v1' : Version test of '1' from client : ACCEPTED
[13Jul2025 17:37:05.974] [Netty Epoll Server IO #0/DEBUG] [net.minecraftforge.network.NetworkRegistry/NETREGISTRY]: Channel 'sons_of_sins:sons_of_sins' : Version test of '1' from client : ACCEPTED
[13Jul2025 17:37:05.974] [Netty Epoll Server IO #0/DEBUG] [net.minecraftforge.network.NetworkRegistry/NETREGISTRY]: Channel 'obscure_api:obscure_api' : Version test of '1' from client : ACCEPTED
[13Jul2025 17:37:05.974] [Netty Epoll Server IO #0/DEBUG] [net.minecraftforge.network.NetworkRegistry/NETREGISTRY]: Channel 'framework:play' : Version test of '1' from client : ACCEPTED
[13Jul2025 17:37:05.974] [Netty Epoll Server IO #0/DEBUG] [net.minecraftforge.network.NetworkRegistry/NETREGISTRY]: Channel 'bosses_of_mass_destruction:packets' : Version test of '1' from client : ACCEPTED
[13Jul2025 17:37:05.974] [Netty Epoll Server IO #0/DEBUG] [net.minecraftforge.network.NetworkRegistry/NETREGISTRY]: Channel 'cartoon_dweller:main' : Version test of '2' from client : ACCEPTED
[13Jul2025 17:37:05.974] [Netty Epoll Server IO #0/DEBUG] [net.minecraftforge.network.NetworkRegistry/NETREGISTRY]: Channel 'mimicer:main' : Version test of '2' from client : ACCEPTED
[13Jul2025 17:37:05.974] [Netty Epoll Server IO #0/DEBUG] [net.minecraftforge.network.NetworkRegistry/NETREGISTRY]: Channel 'minecraft:treechop-channel' : Version test of '7' from client : ACCEPTED
[13Jul2025 17:37:05.974] [Netty Epoll Server IO #0/DEBUG] [net.minecraftforge.network.NetworkRegistry/NETREGISTRY]: Channel 'the_cuckoo_clock:the_cuckoo_clock' : Version test of '1' from client : ACCEPTED
[13Jul2025 17:37:05.974] [Netty Epoll Server IO #0/DEBUG] [net.minecraftforge.network.NetworkRegistry/NETREGISTRY]: Channel 'appleskin:sync' : Version test of '1' from client : ACCEPTED
[13Jul2025 17:37:05.974] [Netty Epoll Server IO #0/DEBUG] [net.minecraftforge.network.NetworkRegistry/NETREGISTRY]: Channel 'cave_dweller:main' : Version test of '2' from client : ACCEPTED
[13Jul2025 17:37:05.974] [Netty Epoll Server IO #0/DEBUG] [net.minecraftforge.network.NetworkRegistry/NETREGISTRY]: Channel 'mokey:main' : Version test of '2' from client : ACCEPTED
[13Jul2025 17:37:05.974] [Netty Epoll Server IO #0/DEBUG] [net.minecraftforge.network.NetworkRegistry/NETREGISTRY]: Channel 'framework:handshake' : Version test of '1' from client : ACCEPTED
[13Jul2025 17:37:05.974] [Netty Epoll Server IO #0/DEBUG] [net.minecraftforge.network.NetworkRegistry/NETREGISTRY]: Channel 'fml:loginwrapper' : Version test of 'FML3' from client : ACCEPTED
[13Jul2025 17:37:05.974] [Netty Epoll Server IO #0/DEBUG] [net.minecraftforge.network.NetworkRegistry/NETREGISTRY]: Channel 'forge:tier_sorting' : Version test of '1.0' from client : ACCEPTED
[13Jul2025 17:37:05.974] [Netty Epoll Server IO #0/DEBUG] [net.minecraftforge.network.NetworkRegistry/NETREGISTRY]: Channel 'aquamirae:main' : Version test of '1' from client : ACCEPTED
[13Jul2025 17:37:05.974] [Netty Epoll Server IO #0/DEBUG] [net.minecraftforge.network.NetworkRegistry/NETREGISTRY]: Channel 'alexsmobs:main_channel' : Version test of '1' from client : ACCEPTED
[13Jul2025 17:37:05.974] [Netty Epoll Server IO #0/DEBUG] [net.minecraftforge.network.NetworkRegistry/NETREGISTRY]: Channel 'cgm:play' : Version test of '1' from client : ACCEPTED
[13Jul2025 17:37:05.974] [Netty Epoll Server IO #0/DEBUG] [net.minecraftforge.network.NetworkRegistry/NETREGISTRY]: Channel 'mowziesmobs:net' : Version test of '1' from client : ACCEPTED
[13Jul2025 17:37:05.974] [Netty Epoll Server IO #0/DEBUG] [net.minecraftforge.network.NetworkRegistry/NETREGISTRY]: Channel 'fml:play' : Version test of 'FML3' from client : ACCEPTED
[13Jul2025 17:37:05.974] [Netty Epoll Server IO #0/DEBUG] [net.minecraftforge.network.NetworkRegistry/NETREGISTRY]: Channel 'irritator:main' : Version test of '2' from client : ACCEPTED
[13Jul2025 17:37:05.974] [Netty Epoll Server IO #0/DEBUG] [net.minecraftforge.network.NetworkRegistry/NETREGISTRY]: Channel 'midnightlurker:midnightlurker' : Version test of '1' from client : ACCEPTED
[13Jul2025 17:37:05.974] [Netty Epoll Server IO #0/DEBUG] [net.minecraftforge.network.NetworkRegistry/NETREGISTRY]: Channel 'man:man' : Version test of '1' from client : ACCEPTED
[13Jul2025 17:37:05.974] [Netty Epoll Server IO #0/DEBUG] [net.minecraftforge.network.NetworkRegistry/NETREGISTRY]: Channel 'fml:handshake' : Version test of 'FML3' from client : ACCEPTED
[13Jul2025 17:37:05.974] [Netty Epoll Server IO #0/DEBUG] [net.minecraftforge.network.NetworkRegistry/NETREGISTRY]: Channel 'geckolib3:main' : Version test of '0' from client : ACCEPTED
[13Jul2025 17:37:05.974] [Netty Epoll Server IO #0/DEBUG] [net.minecraftforge.network.NetworkRegistry/NETREGISTRY]: Channel 'minecraft:register' : Version test of 'FML3' from client : ACCEPTED
[13Jul2025 17:37:05.974] [Netty Epoll Server IO #0/DEBUG] [net.minecraftforge.network.NetworkRegistry/NETREGISTRY]: Channel 'forge:split' : Version test of '1.1' from client : ACCEPTED
[13Jul2025 17:37:05.974] [Netty Epoll Server IO #0/DEBUG] [net.minecraftforge.network.NetworkRegistry/NETREGISTRY]: Accepting channel list from client
[13Jul2025 17:37:05.974] [Netty Epoll Server IO #0/DEBUG] [net.minecraftforge.network.HandshakeHandler/FMLHANDSHAKE]: Accepted client connection mod list
[13Jul2025 17:37:06.017] [Server thread/DEBUG] [net.minecraftforge.network.HandshakeHandler/FMLHANDSHAKE]: Sending ticking packet info 'Registry minecraft:sound_event' to 'fml:handshake' sequence 6
[13Jul2025 17:37:06.028] [Netty Epoll Server IO #0/DEBUG] [net.minecraftforge.network.LoginWrapper/FMLHANDSHAKE]: Recieved login wrapper packet event for channel fml:handshake with index 4
[13Jul2025 17:37:06.028] [Netty Epoll Server IO #0/DEBUG] [net.minecraftforge.network.HandshakeHandler/FMLHANDSHAKE]: Received client indexed reply 4 of type net.minecraftforge.network.HandshakeMessages$C2SAcknowledge
[13Jul2025 17:37:06.028] [Netty Epoll Server IO #0/DEBUG] [net.minecraftforge.network.HandshakeHandler/FMLHANDSHAKE]: Received acknowledgement from client
[13Jul2025 17:37:06.029] [Netty Epoll Server IO #0/DEBUG] [net.minecraftforge.network.LoginWrapper/FMLHANDSHAKE]: Recieved login wrapper packet event for channel fml:handshake with index 5
[13Jul2025 17:37:06.029] [Netty Epoll Server IO #0/DEBUG] [net.minecraftforge.network.HandshakeHandler/FMLHANDSHAKE]: Received client indexed reply 5 of type net.minecraftforge.network.HandshakeMessages$C2SAcknowledge
[13Jul2025 17:37:06.029] [Netty Epoll Server IO #0/DEBUG] [net.minecraftforge.network.HandshakeHandler/FMLHANDSHAKE]: Received acknowledgement from client
[13Jul2025 17:37:06.067] [Server thread/DEBUG] [net.minecraftforge.network.HandshakeHandler/FMLHANDSHAKE]: Sending ticking packet info 'Registry minecraft:particle_type' to 'fml:handshake' sequence 7
[13Jul2025 17:37:06.117] [Server thread/DEBUG] [net.minecraftforge.network.HandshakeHandler/FMLHANDSHAKE]: Sending ticking packet info 'Registry minecraft:villager_profession' to 'fml:handshake' sequence 8
[13Jul2025 17:37:06.166] [Server thread/DEBUG] [net.minecraftforge.network.HandshakeHandler/FMLHANDSHAKE]: Sending ticking packet info 'Registry minecraft:item' to 'fml:handshake' sequence 9
[13Jul2025 17:37:06.217] [Server thread/DEBUG] [net.minecraftforge.network.HandshakeHandler/FMLHANDSHAKE]: Sending ticking packet info 'Registry minecraft:potion' to 'fml:handshake' sequence 10
[13Jul2025 17:37:06.234] [Netty Epoll Server IO #0/DEBUG] [net.minecraftforge.network.LoginWrapper/FMLHANDSHAKE]: Recieved login wrapper packet event for channel fml:handshake with index 6
[13Jul2025 17:37:06.234] [Netty Epoll Server IO #0/DEBUG] [net.minecraftforge.network.HandshakeHandler/FMLHANDSHAKE]: Received client indexed reply 6 of type net.minecraftforge.network.HandshakeMessages$C2SAcknowledge
[13Jul2025 17:37:06.234] [Netty Epoll Server IO #0/DEBUG] [net.minecraftforge.network.HandshakeHandler/FMLHANDSHAKE]: Received acknowledgement from client
[13Jul2025 17:37:06.267] [Server thread/DEBUG] [net.minecraftforge.network.HandshakeHandler/FMLHANDSHAKE]: Sending ticking packet info 'Registry minecraft:painting_variant' to 'fml:handshake' sequence 11
[13Jul2025 17:37:06.267] [Netty Epoll Server IO #0/DEBUG] [net.minecraftforge.network.LoginWrapper/FMLHANDSHAKE]: Recieved login wrapper packet event for channel fml:handshake with index 7
[13Jul2025 17:37:06.267] [Netty Epoll Server IO #0/DEBUG] [net.minecraftforge.network.HandshakeHandler/FMLHANDSHAKE]: Received client indexed reply 7 of type net.minecraftforge.network.HandshakeMessages$C2SAcknowledge
[13Jul2025 17:37:06.267] [Netty Epoll Server IO #0/DEBUG] [net.minecraftforge.network.HandshakeHandler/FMLHANDSHAKE]: Received acknowledgement from client
[13Jul2025 17:37:06.268] [Netty Epoll Server IO #0/DEBUG] [net.minecraftforge.network.LoginWrapper/FMLHANDSHAKE]: Recieved login wrapper packet event for channel fml:handshake with index 8
[13Jul2025 17:37:06.268] [Netty Epoll Server IO #0/DEBUG] [net.minecraftforge.network.HandshakeHandler/FMLHANDSHAKE]: Received client indexed reply 8 of type net.minecraftforge.network.HandshakeMessages$C2SAcknowledge
[13Jul2025 17:37:06.268] [Netty Epoll Server IO #0/DEBUG] [net.minecraftforge.network.HandshakeHandler/FMLHANDSHAKE]: Received acknowledgement from client
[13Jul2025 17:37:06.307] [Netty Epoll Server IO #0/DEBUG] [net.minecraftforge.network.LoginWrapper/FMLHANDSHAKE]: Recieved login wrapper packet event for channel fml:handshake with index 9
[13Jul2025 17:37:06.307] [Netty Epoll Server IO #0/DEBUG] [net.minecraftforge.network.HandshakeHandler/FMLHANDSHAKE]: Received client indexed reply 9 of type net.minecraftforge.network.HandshakeMessages$C2SAcknowledge
[13Jul2025 17:37:06.307] [Netty Epoll Server IO #0/DEBUG] [net.minecraftforge.network.HandshakeHandler/FMLHANDSHAKE]: Received acknowledgement from client
[13Jul2025 17:37:06.317] [Server thread/DEBUG] [net.minecraftforge.network.HandshakeHandler/FMLHANDSHAKE]: Sending ticking packet info 'Registry forge:fluid_type' to 'fml:handshake' sequence 12
[13Jul2025 17:37:06.329] [Netty Epoll Server IO #0/DEBUG] [net.minecraftforge.network.LoginWrapper/FMLHANDSHAKE]: Recieved login wrapper packet event for channel fml:handshake with index 10
[13Jul2025 17:37:06.329] [Netty Epoll Server IO #0/DEBUG] [net.minecraftforge.network.HandshakeHandler/FMLHANDSHAKE]: Received client indexed reply 10 of type net.minecraftforge.network.HandshakeMessages$C2SAcknowledge
[13Jul2025 17:37:06.329] [Netty Epoll Server IO #0/DEBUG] [net.minecraftforge.network.HandshakeHandler/FMLHANDSHAKE]: Received acknowledgement from client
[13Jul2025 17:37:06.329] [Netty Epoll Server IO #0/DEBUG] [net.minecraftforge.network.LoginWrapper/FMLHANDSHAKE]: Recieved login wrapper packet event for channel fml:handshake with index 11
[13Jul2025 17:37:06.329] [Netty Epoll Server IO #0/DEBUG] [net.minecraftforge.network.HandshakeHandler/FMLHANDSHAKE]: Received client indexed reply 11 of type net.minecraftforge.network.HandshakeMessages$C2SAcknowledge
[13Jul2025 17:37:06.329] [Netty Epoll Server IO #0/DEBUG] [net.minecraftforge.network.HandshakeHandler/FMLHANDSHAKE]: Received acknowledgement from client
[13Jul2025 17:37:06.367] [Server thread/DEBUG] [net.minecraftforge.network.HandshakeHandler/FMLHANDSHAKE]: Sending ticking packet info 'Registry minecraft:block_entity_type' to 'fml:handshake' sequence 13
[13Jul2025 17:37:06.390] [Netty Epoll Server IO #0/DEBUG] [net.minecraftforge.network.LoginWrapper/FMLHANDSHAKE]: Recieved login wrapper packet event for channel fml:handshake with index 12
[13Jul2025 17:37:06.390] [Netty Epoll Server IO #0/DEBUG] [net.minecraftforge.network.HandshakeHandler/FMLHANDSHAKE]: Received client indexed reply 12 of type net.minecraftforge.network.HandshakeMessages$C2SAcknowledge
[13Jul2025 17:37:06.390] [Netty Epoll Server IO #0/DEBUG] [net.minecraftforge.network.HandshakeHandler/FMLHANDSHAKE]: Received acknowledgement from client
[13Jul2025 17:37:06.416] [Server thread/DEBUG] [net.minecraftforge.network.HandshakeHandler/FMLHANDSHAKE]: Sending ticking packet info 'Registry minecraft:block' to 'fml:handshake' sequence 14
[13Jul2025 17:37:06.451] [Netty Epoll Server IO #0/DEBUG] [net.minecraftforge.network.LoginWrapper/FMLHANDSHAKE]: Recieved login wrapper packet event for channel fml:handshake with index 13
[13Jul2025 17:37:06.451] [Netty Epoll Server IO #0/DEBUG] [net.minecraftforge.network.HandshakeHandler/FMLHANDSHAKE]: Received client indexed reply 13 of type net.minecraftforge.network.HandshakeMessages$C2SAcknowledge
[13Jul2025 17:37:06.451] [Netty Epoll Server IO #0/DEBUG] [net.minecraftforge.network.HandshakeHandler/FMLHANDSHAKE]: Received acknowledgement from client
[13Jul2025 17:37:06.467] [Server thread/DEBUG] [net.minecraftforge.network.HandshakeHandler/FMLHANDSHAKE]: Sending ticking packet info 'Registry forge:entity_data_serializers' to 'fml:handshake' sequence 15
[13Jul2025 17:37:06.512] [Netty Epoll Server IO #0/DEBUG] [net.minecraftforge.network.LoginWrapper/FMLHANDSHAKE]: Recieved login wrapper packet event for channel fml:handshake with index 14
[13Jul2025 17:37:06.512] [Netty Epoll Server IO #0/DEBUG] [net.minecraftforge.network.HandshakeHandler/FMLHANDSHAKE]: Received client indexed reply 14 of type net.minecraftforge.network.HandshakeMessages$C2SAcknowledge
[13Jul2025 17:37:06.512] [Netty Epoll Server IO #0/DEBUG] [net.minecraftforge.network.HandshakeHandler/FMLHANDSHAKE]: Received acknowledgement from client
[13Jul2025 17:37:06.516] [Server thread/DEBUG] [net.minecraftforge.network.HandshakeHandler/FMLHANDSHAKE]: Sending ticking packet info 'Registry minecraft:mob_effect' to 'fml:handshake' sequence 16
[13Jul2025 17:37:06.566] [Server thread/DEBUG] [net.minecraftforge.network.HandshakeHandler/FMLHANDSHAKE]: Sending ticking packet info 'Registry minecraft:stat_type' to 'fml:handshake' sequence 17
[13Jul2025 17:37:06.574] [Netty Epoll Server IO #0/DEBUG] [net.minecraftforge.network.LoginWrapper/FMLHANDSHAKE]: Recieved login wrapper packet event for channel fml:handshake with index 15
[13Jul2025 17:37:06.574] [Netty Epoll Server IO #0/DEBUG] [net.minecraftforge.network.HandshakeHandler/FMLHANDSHAKE]: Received client indexed reply 15 of type net.minecraftforge.network.HandshakeMessages$C2SAcknowledge
[13Jul2025 17:37:06.574] [Netty Epoll Server IO #0/DEBUG] [net.minecraftforge.network.HandshakeHandler/FMLHANDSHAKE]: Received acknowledgement from client
[13Jul2025 17:37:06.616] [Server thread/DEBUG] [net.minecraftforge.network.HandshakeHandler/FMLHANDSHAKE]: Sending ticking packet info 'Registry minecraft:menu' to 'fml:handshake' sequence 18
[13Jul2025 17:37:06.657] [Netty Epoll Server IO #0/DEBUG] [net.minecraftforge.network.LoginWrapper/FMLHANDSHAKE]: Recieved login wrapper packet event for channel fml:handshake with index 16
[13Jul2025 17:37:06.657] [Netty Epoll Server IO #0/DEBUG] [net.minecraftforge.network.HandshakeHandler/FMLHANDSHAKE]: Received client indexed reply 16 of type net.minecraftforge.network.HandshakeMessages$C2SAcknowledge
[13Jul2025 17:37:06.657] [Netty Epoll Server IO #0/DEBUG] [net.minecraftforge.network.HandshakeHandler/FMLHANDSHAKE]: Received acknowledgement from client
[13Jul2025 17:37:06.657] [Netty Epoll Server IO #0/DEBUG] [net.minecraftforge.network.LoginWrapper/FMLHANDSHAKE]: Recieved login wrapper packet event for channel fml:handshake with index 17
[13Jul2025 17:37:06.657] [Netty Epoll Server IO #0/DEBUG] [net.minecraftforge.network.HandshakeHandler/FMLHANDSHAKE]: Received client indexed reply 17 of type net.minecraftforge.network.HandshakeMessages$C2SAcknowledge
[13Jul2025 17:37:06.657] [Netty Epoll Server IO #0/DEBUG] [net.minecraftforge.network.HandshakeHandler/FMLHANDSHAKE]: Received acknowledgement from client
[13Jul2025 17:37:06.667] [Server thread/DEBUG] [net.minecraftforge.network.HandshakeHandler/FMLHANDSHAKE]: Sending ticking packet info 'Registry minecraft:enchantment' to 'fml:handshake' sequence 19
[13Jul2025 17:37:06.717] [Server thread/DEBUG] [net.minecraftforge.network.HandshakeHandler/FMLHANDSHAKE]: Sending ticking packet info 'Registry minecraft:fluid' to 'fml:handshake' sequence 20
[13Jul2025 17:37:06.741] [Netty Epoll Server IO #0/DEBUG] [net.minecraftforge.network.LoginWrapper/FMLHANDSHAKE]: Recieved login wrapper packet event for channel fml:handshake with index 18
[13Jul2025 17:37:06.741] [Netty Epoll Server IO #0/DEBUG] [net.minecraftforge.network.HandshakeHandler/FMLHANDSHAKE]: Received client indexed reply 18 of type net.minecraftforge.network.HandshakeMessages$C2SAcknowledge
[13Jul2025 17:37:06.741] [Netty Epoll Server IO #0/DEBUG] [net.minecraftforge.network.HandshakeHandler/FMLHANDSHAKE]: Received acknowledgement from client
[13Jul2025 17:37:06.766] [Server thread/DEBUG] [net.minecraftforge.network.HandshakeHandler/FMLHANDSHAKE]: Sending ticking packet info 'Registry minecraft:entity_type' to 'fml:handshake' sequence 21
[13Jul2025 17:37:06.780] [Netty Epoll Server IO #0/DEBUG] [net.minecraftforge.network.LoginWrapper/FMLHANDSHAKE]: Recieved login wrapper packet event for channel fml:handshake with index 19
[13Jul2025 17:37:06.780] [Netty Epoll Server IO #0/DEBUG] [net.minecraftforge.network.HandshakeHandler/FMLHANDSHAKE]: Received client indexed reply 19 of type net.minecraftforge.network.HandshakeMessages$C2SAcknowledge
[13Jul2025 17:37:06.780] [Netty Epoll Server IO #0/DEBUG] [net.minecraftforge.network.HandshakeHandler/FMLHANDSHAKE]: Received acknowledgement from client
[13Jul2025 17:37:06.816] [Server thread/DEBUG] [net.minecraftforge.network.HandshakeHandler/FMLHANDSHAKE]: Sending ticking packet info 'Config sackman-server.toml' to 'fml:handshake' sequence 22
[13Jul2025 17:37:06.817] [Netty Epoll Server IO #0/DEBUG] [net.minecraftforge.network.LoginWrapper/FMLHANDSHAKE]: Recieved login wrapper packet event for channel fml:handshake with index 20
[13Jul2025 17:37:06.817] [Netty Epoll Server IO #0/DEBUG] [net.minecraftforge.network.HandshakeHandler/FMLHANDSHAKE]: Received client indexed reply 20 of type net.minecraftforge.network.HandshakeMessages$C2SAcknowledge
[13Jul2025 17:37:06.817] [Netty Epoll Server IO #0/DEBUG] [net.minecraftforge.network.HandshakeHandler/FMLHANDSHAKE]: Received acknowledgement from client
[13Jul2025 17:37:06.867] [Server thread/DEBUG] [net.minecraftforge.network.HandshakeHandler/FMLHANDSHAKE]: Sending ticking packet info 'Config cgm-server.toml' to 'fml:handshake' sequence 23
[13Jul2025 17:37:06.917] [Server thread/DEBUG] [net.minecraftforge.network.HandshakeHandler/FMLHANDSHAKE]: Sending ticking packet info 'Config mokey-server.toml' to 'fml:handshake' sequence 24
[13Jul2025 17:37:06.949] [Netty Epoll Server IO #0/DEBUG] [net.minecraftforge.network.LoginWrapper/FMLHANDSHAKE]: Recieved login wrapper packet event for channel fml:handshake with index 21
[13Jul2025 17:37:06.949] [Netty Epoll Server IO #0/DEBUG] [net.minecraftforge.network.HandshakeHandler/FMLHANDSHAKE]: Received client indexed reply 21 of type net.minecraftforge.network.HandshakeMessages$C2SAcknowledge
[13Jul2025 17:37:06.949] [Netty Epoll Server IO #0/DEBUG] [net.minecraftforge.network.HandshakeHandler/FMLHANDSHAKE]: Received acknowledgement from client
[13Jul2025 17:37:06.955] [Netty Epoll Server IO #0/DEBUG] [net.minecraftforge.network.LoginWrapper/FMLHANDSHAKE]: Recieved login wrapper packet event for channel fml:handshake with index 22
[13Jul2025 17:37:06.955] [Netty Epoll Server IO #0/DEBUG] [net.minecraftforge.network.HandshakeHandler/FMLHANDSHAKE]: Received client indexed reply 22 of type net.minecraftforge.network.HandshakeMessages$C2SAcknowledge
[13Jul2025 17:37:06.955] [Netty Epoll Server IO #0/DEBUG] [net.minecraftforge.network.HandshakeHandler/FMLHANDSHAKE]: Received acknowledgement from client
[13Jul2025 17:37:06.967] [Server thread/DEBUG] [net.minecraftforge.network.HandshakeHandler/FMLHANDSHAKE]: Sending ticking packet info 'Config irritator-server.toml' to 'fml:handshake' sequence 25
[13Jul2025 17:37:06.978] [Netty Epoll Server IO #0/DEBUG] [net.minecraftforge.network.LoginWrapper/FMLHANDSHAKE]: Recieved login wrapper packet event for channel fml:handshake with index 23
[13Jul2025 17:37:06.978] [Netty Epoll Server IO #0/DEBUG] [net.minecraftforge.network.HandshakeHandler/FMLHANDSHAKE]: Received client indexed reply 23 of type net.minecraftforge.network.HandshakeMessages$C2SAcknowledge
[13Jul2025 17:37:06.978] [Netty Epoll Server IO #0/DEBUG] [net.minecraftforge.network.HandshakeHandler/FMLHANDSHAKE]: Received acknowledgement from client
[13Jul2025 17:37:07.016] [Server thread/DEBUG] [net.minecraftforge.network.HandshakeHandler/FMLHANDSHAKE]: Sending ticking packet info 'Config cartoon_dweller-server.toml' to 'fml:handshake' sequence 26
[13Jul2025 17:37:07.017] [Netty Epoll Server IO #0/DEBUG] [net.minecraftforge.network.LoginWrapper/FMLHANDSHAKE]: Recieved login wrapper packet event for channel fml:handshake with index 24
[13Jul2025 17:37:07.017] [Netty Epoll Server IO #0/DEBUG] [net.minecraftforge.network.HandshakeHandler/FMLHANDSHAKE]: Received client indexed reply 24 of type net.minecraftforge.network.HandshakeMessages$C2SAcknowledge
[13Jul2025 17:37:07.017] [Netty Epoll Server IO #0/DEBUG] [net.minecraftforge.network.HandshakeHandler/FMLHANDSHAKE]: Received acknowledgement from client
[13Jul2025 17:37:07.065] [Netty Epoll Server IO #0/DEBUG] [net.minecraftforge.network.LoginWrapper/FMLHANDSHAKE]: Recieved login wrapper packet event for channel fml:handshake with index 25
[13Jul2025 17:37:07.065] [Netty Epoll Server IO #0/DEBUG] [net.minecraftforge.network.HandshakeHandler/FMLHANDSHAKE]: Received client indexed reply 25 of type net.minecraftforge.network.HandshakeMessages$C2SAcknowledge
[13Jul2025 17:37:07.065] [Netty Epoll Server IO #0/DEBUG] [net.minecraftforge.network.HandshakeHandler/FMLHANDSHAKE]: Received acknowledgement from client
[13Jul2025 17:37:07.067] [Server thread/DEBUG] [net.minecraftforge.network.HandshakeHandler/FMLHANDSHAKE]: Sending ticking packet info 'Config cave_dweller-server.toml' to 'fml:handshake' sequence 27
[13Jul2025 17:37:07.117] [Server thread/DEBUG] [net.minecraftforge.network.HandshakeHandler/FMLHANDSHAKE]: Sending ticking packet info 'Config mimicer-server.toml' to 'fml:handshake' sequence 28
[13Jul2025 17:37:07.129] [Netty Epoll Server IO #0/DEBUG] [net.minecraftforge.network.LoginWrapper/FMLHANDSHAKE]: Recieved login wrapper packet event for channel fml:handshake with index 26
[13Jul2025 17:37:07.129] [Netty Epoll Server IO #0/DEBUG] [net.minecraftforge.network.HandshakeHandler/FMLHANDSHAKE]: Received client indexed reply 26 of type net.minecraftforge.network.HandshakeMessages$C2SAcknowledge
[13Jul2025 17:37:07.129] [Netty Epoll Server IO #0/DEBUG] [net.minecraftforge.network.HandshakeHandler/FMLHANDSHAKE]: Received acknowledgement from client
[13Jul2025 17:37:07.167] [Server thread/DEBUG] [net.minecraftforge.network.HandshakeHandler/FMLHANDSHAKE]: Sending ticking packet info 'Config jei-server.toml' to 'fml:handshake' sequence 29
[13Jul2025 17:37:07.181] [Netty Epoll Server IO #0/DEBUG] [net.minecraftforge.network.LoginWrapper/FMLHANDSHAKE]: Recieved login wrapper packet event for channel fml:handshake with index 27
[13Jul2025 17:37:07.181] [Netty Epoll Server IO #0/DEBUG] [net.minecraftforge.network.HandshakeHandler/FMLHANDSHAKE]: Received client indexed reply 27 of type net.minecraftforge.network.HandshakeMessages$C2SAcknowledge
[13Jul2025 17:37:07.181] [Netty Epoll Server IO #0/DEBUG] [net.minecraftforge.network.HandshakeHandler/FMLHANDSHAKE]: Received acknowledgement from client
[13Jul2025 17:37:07.217] [Server thread/DEBUG] [net.minecraftforge.network.HandshakeHandler/FMLHANDSHAKE]: Sending ticking packet info 'Config forge-server.toml' to 'fml:handshake' sequence 30
[13Jul2025 17:37:07.217] [Netty Epoll Server IO #0/DEBUG] [net.minecraftforge.network.LoginWrapper/FMLHANDSHAKE]: Recieved login wrapper packet event for channel fml:handshake with index 28
[13Jul2025 17:37:07.217] [Netty Epoll Server IO #0/DEBUG] [net.minecraftforge.network.HandshakeHandler/FMLHANDSHAKE]: Received client indexed reply 28 of type net.minecraftforge.network.HandshakeMessages$C2SAcknowledge
[13Jul2025 17:37:07.217] [Netty Epoll Server IO #0/DEBUG] [net.minecraftforge.network.HandshakeHandler/FMLHANDSHAKE]: Received acknowledgement from client
[13Jul2025 17:37:07.274] [Netty Epoll Server IO #0/DEBUG] [net.minecraftforge.network.LoginWrapper/FMLHANDSHAKE]: Recieved login wrapper packet event for channel fml:handshake with index 29
[13Jul2025 17:37:07.275] [Netty Epoll Server IO #0/DEBUG] [net.minecraftforge.network.HandshakeHandler/FMLHANDSHAKE]: Received client indexed reply 29 of type net.minecraftforge.network.HandshakeMessages$C2SAcknowledge
[13Jul2025 17:37:07.275] [Netty Epoll Server IO #0/DEBUG] [net.minecraftforge.network.HandshakeHandler/FMLHANDSHAKE]: Received acknowledgement from client
[13Jul2025 17:37:07.339] [Netty Epoll Server IO #0/DEBUG] [net.minecraftforge.network.LoginWrapper/FMLHANDSHAKE]: Recieved login wrapper packet event for channel fml:handshake with index 30
[13Jul2025 17:37:07.339] [Netty Epoll Server IO #0/DEBUG] [net.minecraftforge.network.HandshakeHandler/FMLHANDSHAKE]: Received client indexed reply 30 of type net.minecraftforge.network.HandshakeMessages$C2SAcknowledge
[13Jul2025 17:37:07.339] [Netty Epoll Server IO #0/DEBUG] [net.minecraftforge.network.HandshakeHandler/FMLHANDSHAKE]: Received acknowledgement from client
[13Jul2025 17:37:07.367] [Server thread/DEBUG] [net.minecraftforge.network.HandshakeHandler/FMLHANDSHAKE]: Handshake complete!
[13Jul2025 17:37:07.424] [Server thread/INFO] [net.minecraftforge.common.AdvancementLoadFix/]: Using new advancement loading for net.minecraft.server.PlayerAdvancements@1acc8e49
[13Jul2025 17:37:07.431] [Server thread/INFO] [net.minecraft.server.players.PlayerList/]: Fresita_decaida[/127.14.55.169:51959] logged in with entity id 199 at (232.78082864092977, -6.0, -201.88802470205266)
[13Jul2025 17:37:07.431] [Server thread/DEBUG] [net.minecraftforge.network.filters.NetworkFilters/]: Injected net.minecraftforge.network.filters.ForgeConnectionNetworkFilter@32f9af3e into net.minecraft.network.Connection@536bdf7b
[13Jul2025 17:37:07.435] [Server thread/INFO] [net.minecraft.server.MinecraftServer/]: Fresita_decaida joined the game
[13Jul2025 17:37:16.211] [Server thread/DEBUG] [de.cadentem.mimicer.Mimicer/]: Mimicer could not pass the spawn checks, target: [ServerPlayer['Fresita_decaida'/70, l='ServerLevel[world]', x=232.78, y=-6.00, z=-201.89, removed=UNLOADED_WITH_PLAYER]]
[13Jul2025 17:37:17.735] [Server thread/DEBUG] [de.cadentem.mimicer.Mimicer/]: Mimicer could not pass the spawn checks, target: [ServerPlayer['Fresita_decaida'/199, l='ServerLevel[world]', x=232.78, y=-6.00, z=-201.89]]
[13Jul2025 17:37:17.802] [Server thread/DEBUG] [de.cadentem.mimicer.Mimicer/]: Mimicer could not pass the spawn checks, target: [ServerPlayer['Fresita_decaida'/199, l='ServerLevel[world]', x=232.78, y=-6.00, z=-201.89]]
[13Jul2025 17:37:18.485] [Server thread/DEBUG] [de.cadentem.mimicer.Mimicer/]: Mimicer could not pass the spawn checks, target: [ServerPlayer['Fresita_decaida'/199, l='ServerLevel[world]', x=232.78, y=-6.00, z=-201.89]]
[13Jul2025 17:37:19.043] [Server thread/DEBUG] [de.cadentem.mimicer.Mimicer/]: Mimicer could not pass the spawn checks, target: [ServerPlayer['Fresita_decaida'/199, l='ServerLevel[world]', x=232.78, y=-6.00, z=-201.89]]
[13Jul2025 17:37:19.542] [Server thread/DEBUG] [de.cadentem.mimicer.Mimicer/]: Mimicer could not pass the spawn checks, target: [ServerPlayer['Fresita_decaida'/199, l='ServerLevel[world]', x=232.78, y=-6.00, z=-201.89]]
[13Jul2025 17:37:20.768] [Server thread/DEBUG] [de.cadentem.mimicer.Mimicer/]: Mimicer could not pass the spawn checks, target: [ServerPlayer['Fresita_decaida'/199, l='ServerLevel[world]', x=232.78, y=-6.00, z=-201.89]]
[13Jul2025 17:37:21.232] [Server thread/DEBUG] [de.cadentem.mimicer.Mimicer/]: Mimicer could not pass the spawn checks, target: [ServerPlayer['Fresita_decaida'/199, l='ServerLevel[world]', x=232.78, y=-6.00, z=-201.89]]
[13Jul2025 17:37:24.197] [Server thread/DEBUG] [de.cadentem.mimicer.Mimicer/]: Mimicer could not pass the spawn checks, target: [ServerPlayer['Fresita_decaida'/199, l='ServerLevel[world]', x=232.78, y=-6.00, z=-201.89]]
[13Jul2025 17:37:25.440] [Server thread/DEBUG] [de.cadentem.mimicer.Mimicer/]: Mimicer could not pass the spawn checks, target: [ServerPlayer['Fresita_decaida'/199, l='ServerLevel[world]', x=232.78, y=-6.00, z=-201.89]]
[13Jul2025 17:37:32.032] [Server thread/DEBUG] [de.cadentem.mimicer.Mimicer/]: Mimicer could not pass the spawn checks, target: [ServerPlayer['Fresita_decaida'/199, l='ServerLevel[world]', x=235.26, y=-5.59, z=-203.69]]
[13Jul2025 17:37:34.831] [Server thread/DEBUG] [de.cadentem.mimicer.Mimicer/]: Mimicer could not pass the spawn checks, target: [ServerPlayer['Fresita_decaida'/199, l='ServerLevel[world]', x=234.72, y=-6.00, z=-203.70]]
[13Jul2025 17:37:35.589] [Server thread/DEBUG] [de.cadentem.mimicer.Mimicer/]: Mimicer could not pass the spawn checks, target: [ServerPlayer['Fresita_decaida'/199, l='ServerLevel[world]', x=234.72, y=-6.00, z=-203.70]]
[13Jul2025 17:37:36.033] [Netty Epoll Server IO #2/DEBUG] [net.minecraftforge.network.HandshakeHandler/FMLHANDSHAKE]: Starting new modded impl connection. Found 31 messages to dispatch.
[13Jul2025 17:37:36.075] [Server thread/DEBUG] [net.minecraftforge.network.HandshakeHandler/FMLHANDSHAKE]: Sending ticking packet info 'cgm:network_gun_manager' to 'framework:handshake' sequence 0
[13Jul2025 17:37:36.126] [Server thread/DEBUG] [net.minecraftforge.network.HandshakeHandler/FMLHANDSHAKE]: Sending ticking packet info 'cgm:custom_gun_manager' to 'framework:handshake' sequence 1
[13Jul2025 17:37:36.176] [Server thread/DEBUG] [net.minecraftforge.network.HandshakeHandler/FMLHANDSHAKE]: Sending ticking packet info 'net.minecraftforge.network.HandshakeMessages$S2CModData' to 'fml:handshake' sequence 2
[13Jul2025 17:37:36.228] [Server thread/DEBUG] [net.minecraftforge.network.HandshakeHandler/FMLHANDSHAKE]: Sending ticking packet info 'net.minecraftforge.network.HandshakeMessages$S2CModList' to 'fml:handshake' sequence 3
[13Jul2025 17:37:36.304] [Server thread/DEBUG] [de.cadentem.mimicer.Mimicer/]: Mimicer could not pass the spawn checks, target: [ServerPlayer['Fresita_decaida'/199, l='ServerLevel[world]', x=234.23, y=-6.00, z=-201.71]]
[13Jul2025 17:37:36.314] [Server thread/DEBUG] [net.minecraftforge.network.HandshakeHandler/FMLHANDSHAKE]: Sending ticking packet info 'Registry minecraft:command_argument_type' to 'fml:handshake' sequence 4
[13Jul2025 17:37:36.326] [Server thread/DEBUG] [net.minecraftforge.network.HandshakeHandler/FMLHANDSHAKE]: Sending ticking packet info 'Registry minecraft:recipe_serializer' to 'fml:handshake' sequence 5
[13Jul2025 17:37:36.376] [Server thread/DEBUG] [net.minecraftforge.network.HandshakeHandler/FMLHANDSHAKE]: Sending ticking packet info 'Registry minecraft:sound_event' to 'fml:handshake' sequence 6
[13Jul2025 17:37:36.415] [Netty Epoll Server IO #2/DEBUG] [net.minecraftforge.network.LoginWrapper/FMLHANDSHAKE]: Recieved login wrapper packet event for channel framework:handshake with index 0
[13Jul2025 17:37:36.415] [Netty Epoll Server IO #2/DEBUG] [net.minecraftforge.network.HandshakeHandler/FMLHANDSHAKE]: Received client indexed reply 0 of type com.mrcrayfish.framework.api.network.message.HandshakeMessage$Acknowledge
[13Jul2025 17:37:36.415] [Netty Epoll Server IO #2/DEBUG] [Framework/FRAMEWORK_HANDSHAKE]: Received acknowledgement from client
[13Jul2025 17:37:36.427] [Server thread/DEBUG] [net.minecraftforge.network.HandshakeHandler/FMLHANDSHAKE]: Sending ticking packet info 'Registry minecraft:particle_type' to 'fml:handshake' sequence 7
[13Jul2025 17:37:36.477] [Server thread/DEBUG] [net.minecraftforge.network.HandshakeHandler/FMLHANDSHAKE]: Sending ticking packet info 'Registry minecraft:villager_profession' to 'fml:handshake' sequence 8
[13Jul2025 17:37:36.528] [Server thread/DEBUG] [net.minecraftforge.network.HandshakeHandler/FMLHANDSHAKE]: Sending ticking packet info 'Registry minecraft:item' to 'fml:handshake' sequence 9
[13Jul2025 17:37:36.533] [Netty Epoll Server IO #2/DEBUG] [net.minecraftforge.network.LoginWrapper/FMLHANDSHAKE]: Recieved login wrapper packet event for channel framework:handshake with index 1
[13Jul2025 17:37:36.533] [Netty Epoll Server IO #2/DEBUG] [net.minecraftforge.network.HandshakeHandler/FMLHANDSHAKE]: Received client indexed reply 1 of type com.mrcrayfish.framework.api.network.message.HandshakeMessage$Acknowledge
[13Jul2025 17:37:36.533] [Netty Epoll Server IO #2/DEBUG] [Framework/FRAMEWORK_HANDSHAKE]: Received acknowledgement from client
[13Jul2025 17:37:36.576] [Server thread/DEBUG] [net.minecraftforge.network.HandshakeHandler/FMLHANDSHAKE]: Sending ticking packet info 'Registry minecraft:potion' to 'fml:handshake' sequence 10
[13Jul2025 17:37:36.629] [Server thread/DEBUG] [net.minecraftforge.network.HandshakeHandler/FMLHANDSHAKE]: Sending ticking packet info 'Registry minecraft:painting_variant' to 'fml:handshake' sequence 11
[13Jul2025 17:37:36.677] [Server thread/DEBUG] [net.minecraftforge.network.HandshakeHandler/FMLHANDSHAKE]: Sending ticking packet info 'Registry forge:fluid_type' to 'fml:handshake' sequence 12
[13Jul2025 17:37:36.728] [Server thread/DEBUG] [net.minecraftforge.network.HandshakeHandler/FMLHANDSHAKE]: Sending ticking packet info 'Registry minecraft:block_entity_type' to 'fml:handshake' sequence 13
[13Jul2025 17:37:36.748] [Netty Epoll Server IO #2/DEBUG] [net.minecraftforge.network.LoginWrapper/FMLHANDSHAKE]: Recieved login wrapper packet event for channel fml:handshake with index 3
[13Jul2025 17:37:36.748] [Netty Epoll Server IO #2/DEBUG] [net.minecraftforge.network.HandshakeHandler/FMLHANDSHAKE]: Received client indexed reply 3 of type net.minecraftforge.network.HandshakeMessages$C2SModListReply
[13Jul2025 17:37:36.748] [Netty Epoll Server IO #2/DEBUG] [net.minecraftforge.network.HandshakeHandler/FMLHANDSHAKE]: Received client connection with modlist [minecraft, sons_of_sins, treechop, midnightlurker, mowziesmobs, cgm, knightquest, jei, eeeabsmobs, firstperson, graveyard, the_silence, born_in_chaos_v1, obscure_api, rubidium, the_cuckoo_clock, man, citadel, alexsmobs, legendary_monsters, mixinextras, myserveriscompatible, knightlib, bosses_of_mass_destruction, terralith, justzoom, the_knocker, framework, cloth_config, sound_physics_remastered, forge, appleskin, tlskincape, konkrete, geckolib3, mokey, cave_dweller, irritator, cartoon_dweller, sackman, mimicer, aquamirae]
[13Jul2025 17:37:36.748] [Netty Epoll Server IO #2/DEBUG] [net.minecraftforge.network.NetworkRegistry/NETREGISTRY]: Channel 'the_knocker:the_knocker' : Version test of '1' from client : ACCEPTED
[13Jul2025 17:37:36.748] [Netty Epoll Server IO #2/DEBUG] [net.minecraftforge.network.NetworkRegistry/NETREGISTRY]: Channel 'eeeabsmobs:net' : Version test of '1.0' from client : ACCEPTED
[13Jul2025 17:37:36.748] [Netty Epoll Server IO #2/DEBUG] [net.minecraftforge.network.NetworkRegistry/NETREGISTRY]: Channel 'jei:channel' : Version test of '1.0.0' from client : ACCEPTED
[13Jul2025 17:37:36.748] [Netty Epoll Server IO #2/DEBUG] [net.minecraftforge.network.NetworkRegistry/NETREGISTRY]: Channel 'sackman:main' : Version test of '2' from client : ACCEPTED
[13Jul2025 17:37:36.748] [Netty Epoll Server IO #2/DEBUG] [net.minecraftforge.network.NetworkRegistry/NETREGISTRY]: Channel 'minecraft:unregister' : Version test of 'FML3' from client : ACCEPTED
[13Jul2025 17:37:36.748] [Netty Epoll Server IO #2/DEBUG] [net.minecraftforge.network.NetworkRegistry/NETREGISTRY]: Channel 'the_silence:the_silence' : Version test of '1' from client : ACCEPTED
[13Jul2025 17:37:36.748] [Netty Epoll Server IO #2/DEBUG] [net.minecraftforge.network.NetworkRegistry/NETREGISTRY]: Channel 'citadel:main_channel' : Version test of '1' from client : ACCEPTED
[13Jul2025 17:37:36.748] [Netty Epoll Server IO #2/DEBUG] [net.minecraftforge.network.NetworkRegistry/NETREGISTRY]: Channel 'born_in_chaos_v1:born_in_chaos_v1' : Version test of '1' from client : ACCEPTED
[13Jul2025 17:37:36.748] [Netty Epoll Server IO #2/DEBUG] [net.minecraftforge.network.NetworkRegistry/NETREGISTRY]: Channel 'sons_of_sins:sons_of_sins' : Version test of '1' from client : ACCEPTED
[13Jul2025 17:37:36.748] [Netty Epoll Server IO #2/DEBUG] [net.minecraftforge.network.NetworkRegistry/NETREGISTRY]: Channel 'obscure_api:obscure_api' : Version test of '1' from client : ACCEPTED
[13Jul2025 17:37:36.748] [Netty Epoll Server IO #2/DEBUG] [net.minecraftforge.network.NetworkRegistry/NETREGISTRY]: Channel 'framework:play' : Version test of '1' from client : ACCEPTED
[13Jul2025 17:37:36.748] [Netty Epoll Server IO #2/DEBUG] [net.minecraftforge.network.NetworkRegistry/NETREGISTRY]: Channel 'bosses_of_mass_destruction:packets' : Version test of '1' from client : ACCEPTED
[13Jul2025 17:37:36.748] [Netty Epoll Server IO #2/DEBUG] [net.minecraftforge.network.NetworkRegistry/NETREGISTRY]: Channel 'cartoon_dweller:main' : Version test of '2' from client : ACCEPTED
[13Jul2025 17:37:36.748] [Netty Epoll Server IO #2/DEBUG] [net.minecraftforge.network.NetworkRegistry/NETREGISTRY]: Channel 'mimicer:main' : Version test of '2' from client : ACCEPTED
[13Jul2025 17:37:36.748] [Netty Epoll Server IO #2/DEBUG] [net.minecraftforge.network.NetworkRegistry/NETREGISTRY]: Channel 'minecraft:treechop-channel' : Version test of '7' from client : ACCEPTED
[13Jul2025 17:37:36.748] [Netty Epoll Server IO #2/DEBUG] [net.minecraftforge.network.NetworkRegistry/NETREGISTRY]: Channel 'the_cuckoo_clock:the_cuckoo_clock' : Version test of '1' from client : ACCEPTED
[13Jul2025 17:37:36.748] [Netty Epoll Server IO #2/DEBUG] [net.minecraftforge.network.NetworkRegistry/NETREGISTRY]: Channel 'appleskin:sync' : Version test of '1' from client : ACCEPTED
[13Jul2025 17:37:36.748] [Netty Epoll Server IO #2/DEBUG] [net.minecraftforge.network.NetworkRegistry/NETREGISTRY]: Channel 'cave_dweller:main' : Version test of '2' from client : ACCEPTED
[13Jul2025 17:37:36.748] [Netty Epoll Server IO #2/DEBUG] [net.minecraftforge.network.NetworkRegistry/NETREGISTRY]: Channel 'mokey:main' : Version test of '2' from client : ACCEPTED
[13Jul2025 17:37:36.749] [Netty Epoll Server IO #2/DEBUG] [net.minecraftforge.network.NetworkRegistry/NETREGISTRY]: Channel 'framework:handshake' : Version test of '1' from client : ACCEPTED
[13Jul2025 17:37:36.749] [Netty Epoll Server IO #2/DEBUG] [net.minecraftforge.network.NetworkRegistry/NETREGISTRY]: Channel 'fml:loginwrapper' : Version test of 'FML3' from client : ACCEPTED
[13Jul2025 17:37:36.749] [Netty Epoll Server IO #2/DEBUG] [net.minecraftforge.network.NetworkRegistry/NETREGISTRY]: Channel 'forge:tier_sorting' : Version test of '1.0' from client : ACCEPTED
[13Jul2025 17:37:36.749] [Netty Epoll Server IO #2/DEBUG] [net.minecraftforge.network.NetworkRegistry/NETREGISTRY]: Channel 'aquamirae:main' : Version test of '1' from client : ACCEPTED
[13Jul2025 17:37:36.749] [Netty Epoll Server IO #2/DEBUG] [net.minecraftforge.network.NetworkRegistry/NETREGISTRY]: Channel 'alexsmobs:main_channel' : Version test of '1' from client : ACCEPTED
[13Jul2025 17:37:36.749] [Netty Epoll Server IO #2/DEBUG] [net.minecraftforge.network.NetworkRegistry/NETREGISTRY]: Channel 'cgm:play' : Version test of '1' from client : ACCEPTED
[13Jul2025 17:37:36.749] [Netty Epoll Server IO #2/DEBUG] [net.minecraftforge.network.NetworkRegistry/NETREGISTRY]: Channel 'mowziesmobs:net' : Version test of '1' from client : ACCEPTED
[13Jul2025 17:37:36.749] [Netty Epoll Server IO #2/DEBUG] [net.minecraftforge.network.NetworkRegistry/NETREGISTRY]: Channel 'fml:play' : Version test of 'FML3' from client : ACCEPTED
[13Jul2025 17:37:36.749] [Netty Epoll Server IO #2/DEBUG] [net.minecraftforge.network.NetworkRegistry/NETREGISTRY]: Channel 'irritator:main' : Version test of '2' from client : ACCEPTED
[13Jul2025 17:37:36.749] [Netty Epoll Server IO #2/DEBUG] [net.minecraftforge.network.NetworkRegistry/NETREGISTRY]: Channel 'midnightlurker:midnightlurker' : Version test of '1' from client : ACCEPTED
[13Jul2025 17:37:36.749] [Netty Epoll Server IO #2/DEBUG] [net.minecraftforge.network.NetworkRegistry/NETREGISTRY]: Channel 'man:man' : Version test of '1' from client : ACCEPTED
[13Jul2025 17:37:36.749] [Netty Epoll Server IO #2/DEBUG] [net.minecraftforge.network.NetworkRegistry/NETREGISTRY]: Channel 'fml:handshake' : Version test of 'FML3' from client : ACCEPTED
[13Jul2025 17:37:36.749] [Netty Epoll Server IO #2/DEBUG] [net.minecraftforge.network.NetworkRegistry/NETREGISTRY]: Channel 'geckolib3:main' : Version test of '0' from client : ACCEPTED
[13Jul2025 17:37:36.749] [Netty Epoll Server IO #2/DEBUG] [net.minecraftforge.network.NetworkRegistry/NETREGISTRY]: Channel 'minecraft:register' : Version test of 'FML3' from client : ACCEPTED
[13Jul2025 17:37:36.749] [Netty Epoll Server IO #2/DEBUG] [net.minecraftforge.network.NetworkRegistry/NETREGISTRY]: Channel 'forge:split' : Version test of '1.1' from client : ACCEPTED
[13Jul2025 17:37:36.749] [Netty Epoll Server IO #2/DEBUG] [net.minecraftforge.network.NetworkRegistry/NETREGISTRY]: Accepting channel list from client
[13Jul2025 17:37:36.749] [Netty Epoll Server IO #2/DEBUG] [net.minecraftforge.network.HandshakeHandler/FMLHANDSHAKE]: Accepted client connection mod list
[13Jul2025 17:37:36.749] [Netty Epoll Server IO #2/DEBUG] [net.minecraftforge.network.LoginWrapper/FMLHANDSHAKE]: Recieved login wrapper packet event for channel fml:handshake with index 4
[13Jul2025 17:37:36.749] [Netty Epoll Server IO #2/DEBUG] [net.minecraftforge.network.HandshakeHandler/FMLHANDSHAKE]: Received client indexed reply 4 of type net.minecraftforge.network.HandshakeMessages$C2SAcknowledge
[13Jul2025 17:37:36.749] [Netty Epoll Server IO #2/DEBUG] [net.minecraftforge.network.HandshakeHandler/FMLHANDSHAKE]: Received acknowledgement from client
[13Jul2025 17:37:36.749] [Netty Epoll Server IO #2/DEBUG] [net.minecraftforge.network.LoginWrapper/FMLHANDSHAKE]: Recieved login wrapper packet event for channel fml:handshake with index 5
[13Jul2025 17:37:36.749] [Netty Epoll Server IO #2/DEBUG] [net.minecraftforge.network.HandshakeHandler/FMLHANDSHAKE]: Received client indexed reply 5 of type net.minecraftforge.network.HandshakeMessages$C2SAcknowledge
[13Jul2025 17:37:36.750] [Netty Epoll Server IO #2/DEBUG] [net.minecraftforge.network.HandshakeHandler/FMLHANDSHAKE]: Received acknowledgement from client
[13Jul2025 17:37:36.777] [Server thread/DEBUG] [net.minecraftforge.network.HandshakeHandler/FMLHANDSHAKE]: Sending ticking packet info 'Registry minecraft:block' to 'fml:handshake' sequence 14
[13Jul2025 17:37:36.833] [Server thread/DEBUG] [net.minecraftforge.network.HandshakeHandler/FMLHANDSHAKE]: Sending ticking packet info 'Registry forge:entity_data_serializers' to 'fml:handshake' sequence 15
[13Jul2025 17:37:36.878] [Server thread/DEBUG] [net.minecraftforge.network.HandshakeHandler/FMLHANDSHAKE]: Sending ticking packet info 'Registry minecraft:mob_effect' to 'fml:handshake' sequence 16
[13Jul2025 17:37:36.930] [Server thread/DEBUG] [net.minecraftforge.network.HandshakeHandler/FMLHANDSHAKE]: Sending ticking packet info 'Registry minecraft:stat_type' to 'fml:handshake' sequence 17
[13Jul2025 17:37:36.980] [Server thread/DEBUG] [net.minecraftforge.network.HandshakeHandler/FMLHANDSHAKE]: Sending ticking packet info 'Registry minecraft:menu' to 'fml:handshake' sequence 18
[13Jul2025 17:37:37.025] [Server thread/DEBUG] [net.minecraftforge.network.HandshakeHandler/FMLHANDSHAKE]: Sending ticking packet info 'Registry minecraft:enchantment' to 'fml:handshake' sequence 19
[13Jul2025 17:37:37.076] [Server thread/DEBUG] [net.minecraftforge.network.HandshakeHandler/FMLHANDSHAKE]: Sending ticking packet info 'Registry minecraft:fluid' to 'fml:handshake' sequence 20
[13Jul2025 17:37:37.129] [Server thread/DEBUG] [net.minecraftforge.network.HandshakeHandler/FMLHANDSHAKE]: Sending ticking packet info 'Registry minecraft:entity_type' to 'fml:handshake' sequence 21
[13Jul2025 17:37:37.179] [Server thread/DEBUG] [net.minecraftforge.network.HandshakeHandler/FMLHANDSHAKE]: Sending ticking packet info 'Config sackman-server.toml' to 'fml:handshake' sequence 22
[13Jul2025 17:37:37.225] [Server thread/DEBUG] [net.minecraftforge.network.HandshakeHandler/FMLHANDSHAKE]: Sending ticking packet info 'Config cgm-server.toml' to 'fml:handshake' sequence 23
[13Jul2025 17:37:37.277] [Server thread/DEBUG] [net.minecraftforge.network.HandshakeHandler/FMLHANDSHAKE]: Sending ticking packet info 'Config mokey-server.toml' to 'fml:handshake' sequence 24
[13Jul2025 17:37:37.328] [Server thread/DEBUG] [net.minecraftforge.network.HandshakeHandler/FMLHANDSHAKE]: Sending ticking packet info 'Config irritator-server.toml' to 'fml:handshake' sequence 25
[13Jul2025 17:37:37.377] [Server thread/DEBUG] [net.minecraftforge.network.HandshakeHandler/FMLHANDSHAKE]: Sending ticking packet info 'Config cartoon_dweller-server.toml' to 'fml:handshake' sequence 26
[13Jul2025 17:37:37.428] [Server thread/DEBUG] [net.minecraftforge.network.HandshakeHandler/FMLHANDSHAKE]: Sending ticking packet info 'Config cave_dweller-server.toml' to 'fml:handshake' sequence 27
[13Jul2025 17:37:37.476] [Server thread/DEBUG] [net.minecraftforge.network.HandshakeHandler/FMLHANDSHAKE]: Sending ticking packet info 'Config mimicer-server.toml' to 'fml:handshake' sequence 28
[13Jul2025 17:37:37.527] [Server thread/DEBUG] [net.minecraftforge.network.HandshakeHandler/FMLHANDSHAKE]: Sending ticking packet info 'Config jei-server.toml' to 'fml:handshake' sequence 29
[13Jul2025 17:37:37.580] [Server thread/DEBUG] [net.minecraftforge.network.HandshakeHandler/FMLHANDSHAKE]: Sending ticking packet info 'Config forge-server.toml' to 'fml:handshake' sequence 30
[13Jul2025 17:37:37.688] [Netty Epoll Server IO #2/DEBUG] [net.minecraftforge.network.LoginWrapper/FMLHANDSHAKE]: Recieved login wrapper packet event for channel fml:handshake with index 6
[13Jul2025 17:37:37.689] [Netty Epoll Server IO #2/DEBUG] [net.minecraftforge.network.HandshakeHandler/FMLHANDSHAKE]: Received client indexed reply 6 of type net.minecraftforge.network.HandshakeMessages$C2SAcknowledge
[13Jul2025 17:37:37.689] [Netty Epoll Server IO #2/DEBUG] [net.minecraftforge.network.HandshakeHandler/FMLHANDSHAKE]: Received acknowledgement from client
[13Jul2025 17:37:37.689] [Netty Epoll Server IO #2/DEBUG] [net.minecraftforge.network.LoginWrapper/FMLHANDSHAKE]: Recieved login wrapper packet event for channel fml:handshake with index 7
[13Jul2025 17:37:37.689] [Netty Epoll Server IO #2/DEBUG] [net.minecraftforge.network.HandshakeHandler/FMLHANDSHAKE]: Received client indexed reply 7 of type net.minecraftforge.network.HandshakeMessages$C2SAcknowledge
[13Jul2025 17:37:37.689] [Netty Epoll Server IO #2/DEBUG] [net.minecraftforge.network.HandshakeHandler/FMLHANDSHAKE]: Received acknowledgement from client
[13Jul2025 17:37:37.689] [Netty Epoll Server IO #2/DEBUG] [net.minecraftforge.network.LoginWrapper/FMLHANDSHAKE]: Recieved login wrapper packet event for channel fml:handshake with index 8
[13Jul2025 17:37:37.689] [Netty Epoll Server IO #2/DEBUG] [net.minecraftforge.network.HandshakeHandler/FMLHANDSHAKE]: Received client indexed reply 8 of type net.minecraftforge.network.HandshakeMessages$C2SAcknowledge
[13Jul2025 17:37:37.689] [Netty Epoll Server IO #2/DEBUG] [net.minecraftforge.network.HandshakeHandler/FMLHANDSHAKE]: Received acknowledgement from client
[13Jul2025 17:37:37.898] [Server thread/DEBUG] [de.cadentem.mimicer.Mimicer/]: Mimicer could not pass the spawn checks, target: [ServerPlayer['Fresita_decaida'/199, l='ServerLevel[world]', x=233.97, y=-6.00, z=-203.70]]
[13Jul2025 17:37:37.997] [Netty Epoll Server IO #2/DEBUG] [net.minecraftforge.network.LoginWrapper/FMLHANDSHAKE]: Recieved login wrapper packet event for channel fml:handshake with index 9
[13Jul2025 17:37:37.997] [Netty Epoll Server IO #2/DEBUG] [net.minecraftforge.network.HandshakeHandler/FMLHANDSHAKE]: Received client indexed reply 9 of type net.minecraftforge.network.HandshakeMessages$C2SAcknowledge
[13Jul2025 17:37:37.997] [Netty Epoll Server IO #2/DEBUG] [net.minecraftforge.network.HandshakeHandler/FMLHANDSHAKE]: Received acknowledgement from client
[13Jul2025 17:37:37.997] [Netty Epoll Server IO #2/DEBUG] [net.minecraftforge.network.LoginWrapper/FMLHANDSHAKE]: Recieved login wrapper packet event for channel fml:handshake with index 10
[13Jul2025 17:37:37.997] [Netty Epoll Server IO #2/DEBUG] [net.minecraftforge.network.HandshakeHandler/FMLHANDSHAKE]: Received client indexed reply 10 of type net.minecraftforge.network.HandshakeMessages$C2SAcknowledge
[13Jul2025 17:37:37.997] [Netty Epoll Server IO #2/DEBUG] [net.minecraftforge.network.HandshakeHandler/FMLHANDSHAKE]: Received acknowledgement from client
[13Jul2025 17:37:37.997] [Netty Epoll Server IO #2/DEBUG] [net.minecraftforge.network.LoginWrapper/FMLHANDSHAKE]: Recieved login wrapper packet event for channel fml:handshake with index 11
[13Jul2025 17:37:37.997] [Netty Epoll Server IO #2/DEBUG] [net.minecraftforge.network.HandshakeHandler/FMLHANDSHAKE]: Received client indexed reply 11 of type net.minecraftforge.network.HandshakeMessages$C2SAcknowledge
[13Jul2025 17:37:37.997] [Netty Epoll Server IO #2/DEBUG] [net.minecraftforge.network.HandshakeHandler/FMLHANDSHAKE]: Received acknowledgement from client
[13Jul2025 17:37:37.997] [Netty Epoll Server IO #2/DEBUG] [net.minecraftforge.network.LoginWrapper/FMLHANDSHAKE]: Recieved login wrapper packet event for channel fml:handshake with index 12
[13Jul2025 17:37:37.997] [Netty Epoll Server IO #2/DEBUG] [net.minecraftforge.network.HandshakeHandler/FMLHANDSHAKE]: Received client indexed reply 12 of type net.minecraftforge.network.HandshakeMessages$C2SAcknowledge
[13Jul2025 17:37:37.997] [Netty Epoll Server IO #2/DEBUG] [net.minecraftforge.network.HandshakeHandler/FMLHANDSHAKE]: Received acknowledgement from client
[13Jul2025 17:37:37.998] [Netty Epoll Server IO #2/DEBUG] [net.minecraftforge.network.LoginWrapper/FMLHANDSHAKE]: Recieved login wrapper packet event for channel fml:handshake with index 13
[13Jul2025 17:37:37.998] [Netty Epoll Server IO #2/DEBUG] [net.minecraftforge.network.HandshakeHandler/FMLHANDSHAKE]: Received client indexed reply 13 of type net.minecraftforge.network.HandshakeMessages$C2SAcknowledge
[13Jul2025 17:37:37.998] [Netty Epoll Server IO #2/DEBUG] [net.minecraftforge.network.HandshakeHandler/FMLHANDSHAKE]: Received acknowledgement from client
[13Jul2025 17:37:38.294] [Netty Epoll Server IO #2/DEBUG] [net.minecraftforge.network.LoginWrapper/FMLHANDSHAKE]: Recieved login wrapper packet event for channel fml:handshake with index 14
[13Jul2025 17:37:38.294] [Netty Epoll Server IO #2/DEBUG] [net.minecraftforge.network.HandshakeHandler/FMLHANDSHAKE]: Received client indexed reply 14 of type net.minecraftforge.network.HandshakeMessages$C2SAcknowledge
[13Jul2025 17:37:38.295] [Netty Epoll Server IO #2/DEBUG] [net.minecraftforge.network.HandshakeHandler/FMLHANDSHAKE]: Received acknowledgement from client
[13Jul2025 17:37:38.295] [Netty Epoll Server IO #2/DEBUG] [net.minecraftforge.network.LoginWrapper/FMLHANDSHAKE]: Recieved login wrapper packet event for channel fml:handshake with index 15
[13Jul2025 17:37:38.295] [Netty Epoll Server IO #2/DEBUG] [net.minecraftforge.network.HandshakeHandler/FMLHANDSHAKE]: Received client indexed reply 15 of type net.minecraftforge.network.HandshakeMessages$C2SAcknowledge
[13Jul2025 17:37:38.295] [Netty Epoll Server IO #2/DEBUG] [net.minecraftforge.network.HandshakeHandler/FMLHANDSHAKE]: Received acknowledgement from client
[13Jul2025 17:37:38.301] [Netty Epoll Server IO #2/DEBUG] [net.minecraftforge.network.LoginWrapper/FMLHANDSHAKE]: Recieved login wrapper packet event for channel fml:handshake with index 16
[13Jul2025 17:37:38.301] [Netty Epoll Server IO #2/DEBUG] [net.minecraftforge.network.HandshakeHandler/FMLHANDSHAKE]: Received client indexed reply 16 of type net.minecraftforge.network.HandshakeMessages$C2SAcknowledge
[13Jul2025 17:37:38.301] [Netty Epoll Server IO #2/DEBUG] [net.minecraftforge.network.HandshakeHandler/FMLHANDSHAKE]: Received acknowledgement from client
[13Jul2025 17:37:38.301] [Netty Epoll Server IO #2/DEBUG] [net.minecraftforge.network.LoginWrapper/FMLHANDSHAKE]: Recieved login wrapper packet event for channel fml:handshake with index 17
[13Jul2025 17:37:38.301] [Netty Epoll Server IO #2/DEBUG] [net.minecraftforge.network.HandshakeHandler/FMLHANDSHAKE]: Received client indexed reply 17 of type net.minecraftforge.network.HandshakeMessages$C2SAcknowledge
[13Jul2025 17:37:38.301] [Netty Epoll Server IO #2/DEBUG] [net.minecraftforge.network.HandshakeHandler/FMLHANDSHAKE]: Received acknowledgement from client
[13Jul2025 17:37:38.301] [Netty Epoll Server IO #2/DEBUG] [net.minecraftforge.network.LoginWrapper/FMLHANDSHAKE]: Recieved login wrapper packet event for channel fml:handshake with index 18
[13Jul2025 17:37:38.301] [Netty Epoll Server IO #2/DEBUG] [net.minecraftforge.network.HandshakeHandler/FMLHANDSHAKE]: Received client indexed reply 18 of type net.minecraftforge.network.HandshakeMessages$C2SAcknowledge
[13Jul2025 17:37:38.301] [Netty Epoll Server IO #2/DEBUG] [net.minecraftforge.network.HandshakeHandler/FMLHANDSHAKE]: Received acknowledgement from client
[13Jul2025 17:37:38.301] [Netty Epoll Server IO #2/DEBUG] [net.minecraftforge.network.LoginWrapper/FMLHANDSHAKE]: Recieved login wrapper packet event for channel fml:handshake with index 19
[13Jul2025 17:37:38.301] [Netty Epoll Server IO #2/DEBUG] [net.minecraftforge.network.HandshakeHandler/FMLHANDSHAKE]: Received client indexed reply 19 of type net.minecraftforge.network.HandshakeMessages$C2SAcknowledge
[13Jul2025 17:37:38.301] [Netty Epoll Server IO #2/DEBUG] [net.minecraftforge.network.HandshakeHandler/FMLHANDSHAKE]: Received acknowledgement from client
[13Jul2025 17:37:38.301] [Netty Epoll Server IO #2/DEBUG] [net.minecraftforge.network.LoginWrapper/FMLHANDSHAKE]: Recieved login wrapper packet event for channel fml:handshake with index 20
[13Jul2025 17:37:38.301] [Netty Epoll Server IO #2/DEBUG] [net.minecraftforge.network.HandshakeHandler/FMLHANDSHAKE]: Received client indexed reply 20 of type net.minecraftforge.network.HandshakeMessages$C2SAcknowledge
[13Jul2025 17:37:38.302] [Netty Epoll Server IO #2/DEBUG] [net.minecraftforge.network.HandshakeHandler/FMLHANDSHAKE]: Received acknowledgement from client
[13Jul2025 17:37:38.696] [Netty Epoll Server IO #2/DEBUG] [net.minecraftforge.network.LoginWrapper/FMLHANDSHAKE]: Recieved login wrapper packet event for channel fml:handshake with index 21
[13Jul2025 17:37:38.697] [Netty Epoll Server IO #2/DEBUG] [net.minecraftforge.network.HandshakeHandler/FMLHANDSHAKE]: Received client indexed reply 21 of type net.minecraftforge.network.HandshakeMessages$C2SAcknowledge
[13Jul2025 17:37:38.697] [Netty Epoll Server IO #2/DEBUG] [net.minecraftforge.network.HandshakeHandler/FMLHANDSHAKE]: Received acknowledgement from client
[13Jul2025 17:37:38.697] [Netty Epoll Server IO #2/DEBUG] [net.minecraftforge.network.LoginWrapper/FMLHANDSHAKE]: Recieved login wrapper packet event for channel fml:handshake with index 22
[13Jul2025 17:37:38.697] [Netty Epoll Server IO #2/DEBUG] [net.minecraftforge.network.HandshakeHandler/FMLHANDSHAKE]: Received client indexed reply 22 of type net.minecraftforge.network.HandshakeMessages$C2SAcknowledge
[13Jul2025 17:37:38.697] [Netty Epoll Server IO #2/DEBUG] [net.minecraftforge.network.HandshakeHandler/FMLHANDSHAKE]: Received acknowledgement from client
[13Jul2025 17:37:38.697] [Netty Epoll Server IO #2/DEBUG] [net.minecraftforge.network.LoginWrapper/FMLHANDSHAKE]: Recieved login wrapper packet event for channel fml:handshake with index 23
[13Jul2025 17:37:38.697] [Netty Epoll Server IO #2/DEBUG] [net.minecraftforge.network.HandshakeHandler/FMLHANDSHAKE]: Received client indexed reply 23 of type net.minecraftforge.network.HandshakeMessages$C2SAcknowledge
[13Jul2025 17:37:38.697] [Netty Epoll Server IO #2/DEBUG] [net.minecraftforge.network.HandshakeHandler/FMLHANDSHAKE]: Received acknowledgement from client
[13Jul2025 17:37:38.697] [Netty Epoll Server IO #2/DEBUG] [net.minecraftforge.network.LoginWrapper/FMLHANDSHAKE]: Recieved login wrapper packet event for channel fml:handshake with index 24
[13Jul2025 17:37:38.697] [Netty Epoll Server IO #2/DEBUG] [net.minecraftforge.network.HandshakeHandler/FMLHANDSHAKE]: Received client indexed reply 24 of type net.minecraftforge.network.HandshakeMessages$C2SAcknowledge
[13Jul2025 17:37:38.697] [Netty Epoll Server IO #2/DEBUG] [net.minecraftforge.network.HandshakeHandler/FMLHANDSHAKE]: Received acknowledgement from client
[13Jul2025 17:37:38.708] [Netty Epoll Server IO #2/DEBUG] [net.minecraftforge.network.LoginWrapper/FMLHANDSHAKE]: Recieved login wrapper packet event for channel fml:handshake with index 25
[13Jul2025 17:37:38.708] [Netty Epoll Server IO #2/DEBUG] [net.minecraftforge.network.HandshakeHandler/FMLHANDSHAKE]: Received client indexed reply 25 of type net.minecraftforge.network.HandshakeMessages$C2SAcknowledge
[13Jul2025 17:37:38.708] [Netty Epoll Server IO #2/DEBUG] [net.minecraftforge.network.HandshakeHandler/FMLHANDSHAKE]: Received acknowledgement from client
[13Jul2025 17:37:38.708] [Netty Epoll Server IO #2/DEBUG] [net.minecraftforge.network.LoginWrapper/FMLHANDSHAKE]: Recieved login wrapper packet event for channel fml:handshake with index 26
[13Jul2025 17:37:38.709] [Netty Epoll Server IO #2/DEBUG] [net.minecraftforge.network.HandshakeHandler/FMLHANDSHAKE]: Received client indexed reply 26 of type net.minecraftforge.network.HandshakeMessages$C2SAcknowledge
[13Jul2025 17:37:38.709] [Netty Epoll Server IO #2/DEBUG] [net.minecraftforge.network.HandshakeHandler/FMLHANDSHAKE]: Received acknowledgement from client
[13Jul2025 17:37:38.709] [Netty Epoll Server IO #2/DEBUG] [net.minecraftforge.network.LoginWrapper/FMLHANDSHAKE]: Recieved login wrapper packet event for channel fml:handshake with index 27
[13Jul2025 17:37:38.709] [Netty Epoll Server IO #2/DEBUG] [net.minecraftforge.network.HandshakeHandler/FMLHANDSHAKE]: Received client indexed reply 27 of type net.minecraftforge.network.HandshakeMessages$C2SAcknowledge
[13Jul2025 17:37:38.709] [Netty Epoll Server IO #2/DEBUG] [net.minecraftforge.network.HandshakeHandler/FMLHANDSHAKE]: Received acknowledgement from client
[13Jul2025 17:37:38.709] [Netty Epoll Server IO #2/DEBUG] [net.minecraftforge.network.LoginWrapper/FMLHANDSHAKE]: Recieved login wrapper packet event for channel fml:handshake with index 28
[13Jul2025 17:37:38.709] [Netty Epoll Server IO #2/DEBUG] [net.minecraftforge.network.HandshakeHandler/FMLHANDSHAKE]: Received client indexed reply 28 of type net.minecraftforge.network.HandshakeMessages$C2SAcknowledge
[13Jul2025 17:37:38.709] [Netty Epoll Server IO #2/DEBUG] [net.minecraftforge.network.HandshakeHandler/FMLHANDSHAKE]: Received acknowledgement from client
[13Jul2025 17:37:38.709] [Netty Epoll Server IO #2/DEBUG] [net.minecraftforge.network.LoginWrapper/FMLHANDSHAKE]: Recieved login wrapper packet event for channel fml:handshake with index 29
[13Jul2025 17:37:38.709] [Netty Epoll Server IO #2/DEBUG] [net.minecraftforge.network.HandshakeHandler/FMLHANDSHAKE]: Received client indexed reply 29 of type net.minecraftforge.network.HandshakeMessages$C2SAcknowledge
[13Jul2025 17:37:38.709] [Netty Epoll Server IO #2/DEBUG] [net.minecraftforge.network.HandshakeHandler/FMLHANDSHAKE]: Received acknowledgement from client
[13Jul2025 17:37:38.709] [Netty Epoll Server IO #2/DEBUG] [net.minecraftforge.network.LoginWrapper/FMLHANDSHAKE]: Recieved login wrapper packet event for channel fml:handshake with index 30
[13Jul2025 17:37:38.709] [Netty Epoll Server IO #2/DEBUG] [net.minecraftforge.network.HandshakeHandler/FMLHANDSHAKE]: Received client indexed reply 30 of type net.minecraftforge.network.HandshakeMessages$C2SAcknowledge
[13Jul2025 17:37:38.709] [Netty Epoll Server IO #2/DEBUG] [net.minecraftforge.network.HandshakeHandler/FMLHANDSHAKE]: Received acknowledgement from client
[13Jul2025 17:37:38.727] [Server thread/DEBUG] [net.minecraftforge.network.HandshakeHandler/FMLHANDSHAKE]: Handshake complete!
[13Jul2025 17:37:38.789] [Server thread/DEBUG] [de.cadentem.mimicer.Mimicer/]: Mimicer could not pass the spawn checks, target: [ServerPlayer['Fresita_decaida'/199, l='ServerLevel[world]', x=233.97, y=-6.00, z=-203.70]]
[13Jul2025 17:37:38.812] [Server thread/INFO] [net.minecraftforge.common.AdvancementLoadFix/]: Using new advancement loading for net.minecraft.server.PlayerAdvancements@2cef8c91
[13Jul2025 17:37:38.819] [Server thread/INFO] [net.minecraft.server.players.PlayerList/]: xUNIx10[/127.51.58.115:39029] logged in with entity id 517 at (-23.580589001122572, 26.0, -1375.4682811925563)
[13Jul2025 17:37:38.820] [Server thread/DEBUG] [net.minecraftforge.network.filters.NetworkFilters/]: Injected net.minecraftforge.network.filters.ForgeConnectionNetworkFilter@15f396b4 into net.minecraft.network.Connection@4f3974a7
[13Jul2025 17:37:38.823] [Server thread/INFO] [net.minecraft.server.MinecraftServer/]: xUNIx10 joined the game
[13Jul2025 17:37:42.042] [Server thread/WARN] [net.minecraft.server.MinecraftServer/]: Can't keep up! Is the server overloaded? Running 3175ms or 63 ticks behind
[13Jul2025 17:37:44.915] [Server thread/DEBUG] [de.cadentem.mimicer.Mimicer/]: Mimicer could not pass the spawn checks, target: [ServerPlayer['Fresita_decaida'/199, l='ServerLevel[world]', x=234.33, y=-5.00, z=-204.47]]
[13Jul2025 17:37:44.969] [Server thread/DEBUG] [de.cadentem.mimicer.Mimicer/]: Mimicer could not pass the spawn checks, target: [ServerPlayer['Fresita_decaida'/199, l='ServerLevel[world]', x=234.33, y=-5.00, z=-204.47]]
[13Jul2025 17:37:45.938] [Server thread/DEBUG] [de.cadentem.mimicer.Mimicer/]: Mimicer could not pass the spawn checks, target: [ServerPlayer['xUNIx10'/517, l='ServerLevel[world]', x=-23.58, y=26.00, z=-1375.47]]
[13Jul2025 17:37:48.106] [Server thread/DEBUG] [de.cadentem.mimicer.Mimicer/]: Mimicer could not pass the spawn checks, target: [ServerPlayer['Fresita_decaida'/199, l='ServerLevel[world]', x=234.33, y=-5.00, z=-204.47]]
[13Jul2025 17:37:48.187] [Server thread/DEBUG] [de.cadentem.mimicer.Mimicer/]: Mimicer could not pass the spawn checks, target: [ServerPlayer['Fresita_decaida'/199, l='ServerLevel[world]', x=234.33, y=-5.00, z=-204.47]]
[13Jul2025 17:37:50.259] [Server thread/DEBUG] [de.cadentem.mimicer.Mimicer/]: Mimicer could not pass the spawn checks, target: [ServerPlayer['xUNIx10'/517, l='ServerLevel[world]', x=-23.58, y=26.00, z=-1375.47]]
[13Jul2025 17:37:50.721] [Server thread/DEBUG] [de.cadentem.mimicer.Mimicer/]: Mimicer could not pass the spawn checks, target: [ServerPlayer['xUNIx10'/517, l='ServerLevel[world]', x=-23.58, y=26.00, z=-1375.47]]
[13Jul2025 17:37:50.801] [Server thread/DEBUG] [de.cadentem.mimicer.Mimicer/]: Mimicer could not pass the spawn checks, target: [ServerPlayer['Fresita_decaida'/199, l='ServerLevel[world]', x=234.33, y=-5.00, z=-204.47]]
[13Jul2025 17:37:51.030] [Server thread/DEBUG] [de.cadentem.mimicer.Mimicer/]: Mimicer could not pass the spawn checks, target: [ServerPlayer['xUNIx10'/517, l='ServerLevel[world]', x=-23.58, y=26.00, z=-1375.47]]
[13Jul2025 17:37:51.583] [Server thread/DEBUG] [de.cadentem.mimicer.Mimicer/]: Mimicer could not pass the spawn checks, target: [ServerPlayer['xUNIx10'/517, l='ServerLevel[world]', x=-23.58, y=26.00, z=-1375.47]]
[13Jul2025 17:37:52.025] [Server thread/DEBUG] [de.cadentem.mimicer.Mimicer/]: Mimicer could not pass the spawn checks, target: [ServerPlayer['xUNIx10'/517, l='ServerLevel[world]', x=-23.58, y=26.00, z=-1375.47]]
[13Jul2025 17:37:52.688] [Server thread/DEBUG] [de.cadentem.mimicer.Mimicer/]: Mimicer could not pass the spawn checks, target: [ServerPlayer['Fresita_decaida'/199, l='ServerLevel[world]', x=234.33, y=-5.00, z=-204.47]]
[13Jul2025 17:37:53.741] [Server thread/DEBUG] [de.cadentem.mimicer.Mimicer/]: Mimicer could not pass the spawn checks, target: [ServerPlayer['Fresita_decaida'/199, l='ServerLevel[world]', x=234.33, y=-5.00, z=-204.47]]
[13Jul2025 17:37:54.303] [Server thread/DEBUG] [de.cadentem.mimicer.Mimicer/]: Mimicer could not pass the spawn checks, target: [ServerPlayer['xUNIx10'/517, l='ServerLevel[world]', x=-23.58, y=26.00, z=-1375.47]]
[13Jul2025 17:37:55.236] [Server thread/DEBUG] [de.cadentem.mimicer.Mimicer/]: Mimicer could not pass the spawn checks, target: [ServerPlayer['xUNIx10'/517, l='ServerLevel[world]', x=-23.58, y=26.00, z=-1375.47]]
[13Jul2025 17:38:40.915] [Server thread/DEBUG] [de.cadentem.mimicer.Mimicer/]: Mimicer could not pass the spawn checks, target: [ServerPlayer['xUNIx10'/517, l='ServerLevel[world]', x=-23.70, y=62.00, z=-1375.30]]
[13Jul2025 17:38:42.147] [Server thread/DEBUG] [de.cadentem.mimicer.Mimicer/]: Mimicer could not pass the spawn checks, target: [ServerPlayer['Fresita_decaida'/199, l='ServerLevel[world]', x=236.97, y=-5.00, z=-201.59]]
[13Jul2025 17:38:43.224] [Server thread/DEBUG] [de.cadentem.mimicer.Mimicer/]: Mimicer could not pass the spawn checks, target: [ServerPlayer['Fresita_decaida'/199, l='ServerLevel[world]', x=237.22, y=-5.00, z=-201.56]]
[13Jul2025 17:38:43.292] [Server thread/DEBUG] [de.cadentem.mimicer.Mimicer/]: Mimicer could not pass the spawn checks, target: [ServerPlayer['Fresita_decaida'/199, l='ServerLevel[world]', x=237.50, y=-5.00, z=-201.53]]
[13Jul2025 17:38:44.485] [Server thread/DEBUG] [de.cadentem.mimicer.Mimicer/]: Mimicer could not pass the spawn checks, target: [ServerPlayer['Fresita_decaida'/199, l='ServerLevel[world]', x=238.60, y=-4.00, z=-201.70]]
[13Jul2025 17:38:44.803] [Server thread/DEBUG] [de.cadentem.mimicer.Mimicer/]: Mimicer could not pass the spawn checks, target: [ServerPlayer['Fresita_decaida'/199, l='ServerLevel[world]', x=238.61, y=-4.00, z=-201.70]]
[13Jul2025 17:38:44.961] [Server thread/DEBUG] [de.cadentem.mimicer.Mimicer/]: Mimicer could not pass the spawn checks, target: [ServerPlayer['Fresita_decaida'/199, l='ServerLevel[world]', x=238.61, y=-4.00, z=-201.70]]
[13Jul2025 17:38:46.938] [Server thread/DEBUG] [de.cadentem.mimicer.Mimicer/]: Mimicer could not pass the spawn checks, target: [ServerPlayer['Fresita_decaida'/199, l='ServerLevel[world]', x=238.70, y=-4.00, z=-201.70]]
[13Jul2025 17:38:47.412] [Server thread/DEBUG] [de.cadentem.mimicer.Mimicer/]: Mimicer could not pass the spawn checks, target: [ServerPlayer['Fresita_decaida'/199, l='ServerLevel[world]', x=238.93, y=-3.00, z=-201.70]]
[13Jul2025 17:38:50.883] [Server thread/DEBUG] [de.cadentem.mimicer.Mimicer/]: Mimicer could not pass the spawn checks, target: [ServerPlayer['xUNIx10'/517, l='ServerLevel[world]', x=-23.70, y=67.20, z=-1375.30]]
[13Jul2025 17:38:51.742] [Server thread/DEBUG] [de.cadentem.mimicer.Mimicer/]: Mimicer could not pass the spawn checks, target: [ServerPlayer['xUNIx10'/517, l='ServerLevel[world]', x=-23.70, y=67.00, z=-1375.30]]
[13Jul2025 17:38:52.622] [Server thread/DEBUG] [de.cadentem.mimicer.Mimicer/]: Mimicer could not pass the spawn checks, target: [ServerPlayer['xUNIx10'/517, l='ServerLevel[world]', x=-23.70, y=67.00, z=-1375.30]]
[13Jul2025 17:38:52.648] [Server thread/WARN] [net.minecraft.server.MinecraftServer/]: Can't keep up! Is the server overloaded? Running 2281ms or 45 ticks behind
[13Jul2025 17:40:46.651] [Server thread/DEBUG] [net.minecraftforge.common.ForgeHooks/WP]: Gathering id map for writing to world save world
[13Jul2025 17:40:46.655] [Server thread/DEBUG] [net.minecraftforge.common.ForgeHooks/WP]: ID Map collection complete world
[13Jul2025 17:44:46.043] [Server thread/INFO] [net.minecraft.server.MinecraftServer/]: [Not Secure] <xUNIx10> un re escremer
[13Jul2025 17:45:10.840] [Server thread/DEBUG] [de.cadentem.sackman.SackMan/]: Cave Dweller could not pass the spawn checks, target: [ServerPlayer['Fresita_decaida'/70, l='ServerLevel[world]', x=232.78, y=-6.00, z=-201.89, removed=UNLOADED_WITH_PLAYER]]
[13Jul2025 17:45:17.917] [Server thread/DEBUG] [de.cadentem.sackman.SackMan/]: Cave Dweller could not pass the spawn checks, target: [ServerPlayer['Fresita_decaida'/199, l='ServerLevel[world]', x=73.28, y=96.00, z=-163.64]]
[13Jul2025 17:45:25.404] [Server thread/INFO] [net.minecraft.server.MinecraftServer/]: [Not Secure] <Fresita_decaida> ven a la base
[13Jul2025 17:45:46.626] [Server thread/DEBUG] [net.minecraftforge.common.ForgeHooks/WP]: Gathering id map for writing to world save world
[13Jul2025 17:45:46.631] [Server thread/DEBUG] [net.minecraftforge.common.ForgeHooks/WP]: ID Map collection complete world
[13Jul2025 17:45:59.738] [Server thread/DEBUG] [de.cadentem.sackman.SackMan/]: Cave Dweller could not pass the spawn checks, target: [ServerPlayer['Fresita_decaida'/199, l='ServerLevel[world]', x=204.44, y=88.00, z=-193.24]]
[13Jul2025 17:46:13.632] [Server thread/INFO] [net.minecraft.server.MinecraftServer/]: [Not Secure] <xUNIx10> hermano tengo
[13Jul2025 17:46:22.534] [Server thread/DEBUG] [de.cadentem.cartoon_dweller.CartoonDweller/]: Cartoon Dweller could not pass the spawn checks, target: [ServerPlayer['Fresita_decaida'/70, l='ServerLevel[world]', x=232.78, y=-6.00, z=-201.89, removed=UNLOADED_WITH_PLAYER]]
[13Jul2025 17:46:23.568] [Server thread/DEBUG] [de.cadentem.cartoon_dweller.CartoonDweller/]: Cartoon Dweller could not pass the spawn checks, target: [ServerPlayer['Fresita_decaida'/199, l='ServerLevel[world]', x=121.96, y=93.12, z=-189.13]]
[13Jul2025 17:46:26.431] [Server thread/INFO] [net.minecraft.server.MinecraftServer/]: [Not Secure] <xUNIx10> escremers cada 5 segundos dios
[13Jul2025 17:46:30.667] [Server thread/DEBUG] [de.cadentem.sackman.SackMan/]: Cave Dweller could not pass the spawn checks, target: [ServerPlayer['xUNIx10'/517, l='ServerLevel[world]', x=58.33, y=96.00, z=-176.41]]
[13Jul2025 17:46:33.918] [Server thread/DEBUG] [de.cadentem.sackman.SackMan/]: Cave Dweller could not pass the spawn checks, target: [ServerPlayer['xUNIx10'/517, l='ServerLevel[world]', x=53.64, y=97.05, z=-181.32]]
[13Jul2025 17:46:39.739] [Server thread/DEBUG] [de.cadentem.mokey.Mokey/]: Mokey could not pass the spawn checks, target: [ServerPlayer['Fresita_decaida'/70, l='ServerLevel[world]', x=232.78, y=-6.00, z=-201.89, removed=UNLOADED_WITH_PLAYER]]
[13Jul2025 17:46:42.781] [Server thread/INFO] [net.minecraft.server.MinecraftServer/]: [Not Secure] <Fresita_decaida> escuche algo
[13Jul2025 17:47:05.042] [Server thread/INFO] [net.minecraft.server.MinecraftServer/]: [Not Secure] <xUNIx10> hermano
[13Jul2025 17:47:08.025] [Server thread/INFO] [net.minecraft.server.MinecraftServer/]: Fresita_decaida was slain by Mokey
[13Jul2025 17:47:08.983] [Server thread/INFO] [net.minecraft.server.MinecraftServer/]: [Not Secure] <xUNIx10> no veo nada
[13Jul2025 17:47:11.019] [Worker-Main-2/DEBUG] [mixin/]: Mixing WorldGenRegionAccessor from graveyard.mixins.json into net.minecraft.server.level.WorldGenRegion
[13Jul2025 17:47:11.020] [Worker-Main-2/DEBUG] [mixin/]: graveyard.mixins.json:WorldGenRegionAccessor: Class version 61 required is higher than the class version supported by the current version of Mixin (JAVA_8 supports class version 52)
[13Jul2025 17:47:11.802] [Server thread/INFO] [net.minecraft.server.MinecraftServer/]: [Not Secure] <xUNIx10> xD
[13Jul2025 17:47:28.829] [Server thread/INFO] [net.minecraft.server.MinecraftServer/]: [Not Secure] <xUNIx10> un miedo
[13Jul2025 17:47:48.808] [Server thread/INFO] [net.minecraft.server.MinecraftServer/]: [Not Secure] <xUNIx10> hermano se ve todo negro
[13Jul2025 17:48:03.115] [Server thread/INFO] [net.minecraft.server.MinecraftServer/]: [Not Secure] <Fresita_decaida> tienes shaders?
[13Jul2025 17:48:15.440] [Server thread/INFO] [net.minecraft.server.MinecraftServer/]: [Not Secure] <xUNIx10> que es eso de youre still on time
[13Jul2025 17:48:23.490] [Server thread/INFO] [net.minecraft.server.MinecraftServer/]: [Not Secure] <Fresita_decaida> oh no.
[13Jul2025 17:48:35.191] [Server thread/INFO] [net.minecraft.server.MinecraftServer/]: [Not Secure] <xUNIx10> me vino el dese coso cartoon
[13Jul2025 17:48:37.679] [Server thread/INFO] [net.minecraft.server.MinecraftServer/]: [Not Secure] <xUNIx10> y se fue
[13Jul2025 17:48:41.042] [Server thread/INFO] [net.minecraft.server.MinecraftServer/]: [Not Secure] <Fresita_decaida> Es como un tipo paajro raro
[13Jul2025 17:48:45.452] [Server thread/INFO] [net.minecraft.server.MinecraftServer/]: [Not Secure] <xUNIx10> y despues una cosa negra
[13Jul2025 17:48:54.328] [Server thread/INFO] [net.minecraft.server.MinecraftServer/]: [Not Secure] <xUNIx10> ni idea
[13Jul2025 17:49:32.797] [Server thread/INFO] [net.minecraft.server.MinecraftServer/]: [Not Secure] <xUNIx10> vamo al end
[13Jul2025 17:49:38.176] [Server thread/INFO] [net.minecraft.server.MinecraftServer/]: [Not Secure] <Fresita_decaida> voy
[13Jul2025 17:49:59.848] [Server thread/INFO] [net.minecraft.server.MinecraftServer/]: [Not Secure] <xUNIx10> wait
[13Jul2025 17:50:10.577] [Server thread/INFO] [net.minecraft.server.MinecraftServer/]: [Not Secure] <Fresita_decaida> ayudame a traer todas las balas y eso
[13Jul2025 17:50:21.326] [Server thread/INFO] [net.minecraft.server.MinecraftServer/]: [Not Secure] <Fresita_decaida> y milanesas?
[13Jul2025 17:50:46.618] [Server thread/DEBUG] [net.minecraftforge.common.ForgeHooks/WP]: Gathering id map for writing to world save world
[13Jul2025 17:50:46.623] [Server thread/DEBUG] [net.minecraftforge.common.ForgeHooks/WP]: ID Map collection complete world
[13Jul2025 17:51:47.970] [Server thread/WARN] [net.minecraft.server.level.ServerLevel/]: Tried to add entity the_cuckoo_clock:stalking_chuckoo_clock but it was marked as removed already
[13Jul2025 17:51:54.179] [Server thread/INFO] [net.minecraft.server.MinecraftServer/]: [Not Secure] <Fresita_decaida> .-.
[13Jul2025 17:51:58.699] [Server thread/INFO] [net.minecraft.server.MinecraftServer/]: [Not Secure] <xUNIx10> ya
[13Jul2025 17:52:07.695] [Server thread/INFO] [net.minecraft.server.MinecraftServer/]: [Not Secure] <Fresita_decaida> te acaba de saltar algo
[13Jul2025 17:52:10.528] [Server thread/INFO] [net.minecraft.server.MinecraftServer/]: [Not Secure] <xUNIx10> k paso
[13Jul2025 17:52:18.868] [Server thread/WARN] [net.minecraft.server.level.ServerLevel/]: Tried to add entity the_cuckoo_clock:stalking_chuckoo_clock but it was marked as removed already
[13Jul2025 17:52:21.693] [Server thread/INFO] [net.minecraft.server.MinecraftServer/]: [Not Secure] <Fresita_decaida> protegeme
[13Jul2025 17:52:25.140] [Server thread/INFO] [net.minecraft.server.MinecraftServer/]: [Not Secure] <xUNIx10> hermano
[13Jul2025 17:52:33.058] [Server thread/INFO] [net.minecraft.server.MinecraftServer/]: [Not Secure] <xUNIx10> tengo un monton de efectos
[13Jul2025 17:53:11.876] [Server thread/INFO] [net.minecraft.server.MinecraftServer/]: [Not Secure] <xUNIx10> tengounborde negro en toda la pantalla
[13Jul2025 17:53:19.538] [Server thread/INFO] [net.minecraft.server.MinecraftServer/]: [Not Secure] <Fresita_decaida> ora
[13Jul2025 17:53:29.959] [Server thread/INFO] [net.minecraft.server.MinecraftServer/]: [Not Secure] <xUNIx10> chill yo me encargo
[13Jul2025 17:54:02.883] [Server thread/INFO] [net.minecraft.server.MinecraftServer/]: [Not Secure] <Fresita_decaida> tienen la hitbox abajo
[13Jul2025 17:54:07.863] [Server thread/DEBUG] [de.cadentem.mimicer.Mimicer/]: Mimicer could not pass the spawn checks, target: [ServerPlayer['Fresita_decaida'/199, l='ServerLevel[world]', x=206.76, y=88.00, z=-191.30]]
[13Jul2025 17:54:07.879] [Server thread/WARN] [cgm/]: literal{Fresita_decaida}(41df040e-7dce-3887-9950-7caa86e43953) tried to fire before cooldown finished or server is lagging? Remaining milliseconds: 99
[13Jul2025 17:54:08.561] [Server thread/DEBUG] [de.cadentem.mimicer.Mimicer/]: Mimicer could not pass the spawn checks, target: [ServerPlayer['Fresita_decaida'/199, l='ServerLevel[world]', x=206.76, y=88.75, z=-191.30]]
[13Jul2025 17:54:08.576] [Server thread/WARN] [cgm/]: literal{Fresita_decaida}(41df040e-7dce-3887-9950-7caa86e43953) tried to fire before cooldown finished or server is lagging? Remaining milliseconds: 99
[13Jul2025 17:54:08.577] [Server thread/WARN] [cgm/]: literal{Fresita_decaida}(41df040e-7dce-3887-9950-7caa86e43953) tried to fire before cooldown finished or server is lagging? Remaining milliseconds: 98
[13Jul2025 17:54:08.577] [Server thread/WARN] [cgm/]: literal{Fresita_decaida}(41df040e-7dce-3887-9950-7caa86e43953) tried to fire before cooldown finished or server is lagging? Remaining milliseconds: 97
[13Jul2025 17:54:08.862] [Server thread/DEBUG] [de.cadentem.mimicer.Mimicer/]: Mimicer could not pass the spawn checks, target: [ServerPlayer['xUNIx10'/517, l='ServerLevel[world]', x=202.35, y=88.00, z=-191.91]]
[13Jul2025 17:54:08.875] [Server thread/WARN] [cgm/]: literal{Fresita_decaida}(41df040e-7dce-3887-9950-7caa86e43953) tried to fire before cooldown finished or server is lagging? Remaining milliseconds: 98
[13Jul2025 17:54:08.876] [Server thread/WARN] [cgm/]: literal{Fresita_decaida}(41df040e-7dce-3887-9950-7caa86e43953) tried to fire before cooldown finished or server is lagging? Remaining milliseconds: 97
[13Jul2025 17:54:10.887] [Server thread/DEBUG] [de.cadentem.mimicer.Mimicer/]: Mimicer could not pass the spawn checks, target: [ServerPlayer['Fresita_decaida'/199, l='ServerLevel[world]', x=206.76, y=88.00, z=-191.30]]
[13Jul2025 17:54:10.899] [Server thread/WARN] [cgm/]: literal{Fresita_decaida}(41df040e-7dce-3887-9950-7caa86e43953) tried to fire before cooldown finished or server is lagging? Remaining milliseconds: 99
[13Jul2025 17:54:12.508] [Server thread/DEBUG] [de.cadentem.mimicer.Mimicer/]: Mimicer could not pass the spawn checks, target: [ServerPlayer['xUNIx10'/517, l='ServerLevel[world]', x=203.36, y=88.00, z=-193.30]]
[13Jul2025 17:54:12.520] [Server thread/WARN] [cgm/]: literal{Fresita_decaida}(41df040e-7dce-3887-9950-7caa86e43953) tried to fire before cooldown finished or server is lagging? Remaining milliseconds: 100
[13Jul2025 17:54:12.520] [Server thread/WARN] [cgm/]: literal{Fresita_decaida}(41df040e-7dce-3887-9950-7caa86e43953) tried to fire before cooldown finished or server is lagging? Remaining milliseconds: 99
[13Jul2025 17:54:12.521] [Server thread/WARN] [cgm/]: literal{Fresita_decaida}(41df040e-7dce-3887-9950-7caa86e43953) tried to fire before cooldown finished or server is lagging? Remaining milliseconds: 99
[13Jul2025 17:54:12.521] [Server thread/WARN] [cgm/]: literal{Fresita_decaida}(41df040e-7dce-3887-9950-7caa86e43953) tried to fire before cooldown finished or server is lagging? Remaining milliseconds: 99
[13Jul2025 17:54:12.533] [Server thread/WARN] [cgm/]: literal{Fresita_decaida}(41df040e-7dce-3887-9950-7caa86e43953) tried to fire before cooldown finished or server is lagging? Remaining milliseconds: 87
[13Jul2025 17:54:13.675] [Server thread/DEBUG] [de.cadentem.mimicer.Mimicer/]: Mimicer could not pass the spawn checks, target: [ServerPlayer['Fresita_decaida'/199, l='ServerLevel[world]', x=204.79, y=88.75, z=-191.30]]
[13Jul2025 17:54:14.231] [Server thread/DEBUG] [de.cadentem.mimicer.Mimicer/]: Mimicer could not pass the spawn checks, target: [ServerPlayer['Fresita_decaida'/199, l='ServerLevel[world]', x=203.90, y=88.80, z=-191.34]]
[13Jul2025 17:54:14.245] [Server thread/WARN] [cgm/]: literal{xUNIx10}(e27a7954-24de-3b7b-97e4-c85e6a076a69) tried to fire before cooldown finished or server is lagging? Remaining milliseconds: 99
[13Jul2025 17:54:14.245] [Server thread/WARN] [cgm/]: literal{xUNIx10}(e27a7954-24de-3b7b-97e4-c85e6a076a69) tried to fire before cooldown finished or server is lagging? Remaining milliseconds: 98
[13Jul2025 17:54:14.485] [Server thread/DEBUG] [de.cadentem.mimicer.Mimicer/]: Mimicer could not pass the spawn checks, target: [ServerPlayer['xUNIx10'/517, l='ServerLevel[world]', x=203.36, y=88.00, z=-193.30]]
[13Jul2025 17:54:14.499] [Server thread/WARN] [cgm/]: literal{xUNIx10}(e27a7954-24de-3b7b-97e4-c85e6a076a69) tried to fire before cooldown finished or server is lagging? Remaining milliseconds: 99
[13Jul2025 17:54:14.517] [Server thread/WARN] [cgm/]: literal{xUNIx10}(e27a7954-24de-3b7b-97e4-c85e6a076a69) tried to fire before cooldown finished or server is lagging? Remaining milliseconds: 82
[13Jul2025 17:54:15.625] [Server thread/DEBUG] [de.cadentem.mimicer.Mimicer/]: Mimicer could not pass the spawn checks, target: [ServerPlayer['xUNIx10'/517, l='ServerLevel[world]', x=203.36, y=88.00, z=-193.30]]
[13Jul2025 17:54:15.639] [Server thread/WARN] [cgm/]: literal{Fresita_decaida}(41df040e-7dce-3887-9950-7caa86e43953) tried to fire before cooldown finished or server is lagging? Remaining milliseconds: 99
[13Jul2025 17:54:16.274] [Server thread/DEBUG] [de.cadentem.mimicer.Mimicer/]: Mimicer could not pass the spawn checks, target: [ServerPlayer['Fresita_decaida'/199, l='ServerLevel[world]', x=195.49, y=90.00, z=-192.74]]
[13Jul2025 17:54:16.288] [Server thread/WARN] [cgm/]: literal{Fresita_decaida}(41df040e-7dce-3887-9950-7caa86e43953) tried to fire before cooldown finished or server is lagging? Remaining milliseconds: 100
[13Jul2025 17:54:16.289] [Server thread/WARN] [cgm/]: literal{Fresita_decaida}(41df040e-7dce-3887-9950-7caa86e43953) tried to fire before cooldown finished or server is lagging? Remaining milliseconds: 99
[13Jul2025 17:54:16.289] [Server thread/WARN] [cgm/]: literal{Fresita_decaida}(41df040e-7dce-3887-9950-7caa86e43953) tried to fire before cooldown finished or server is lagging? Remaining milliseconds: 98
[13Jul2025 17:54:16.290] [Server thread/WARN] [cgm/]: literal{Fresita_decaida}(41df040e-7dce-3887-9950-7caa86e43953) tried to fire before cooldown finished or server is lagging? Remaining milliseconds: 98
[13Jul2025 17:54:16.290] [Server thread/WARN] [cgm/]: literal{Fresita_decaida}(41df040e-7dce-3887-9950-7caa86e43953) tried to fire before cooldown finished or server is lagging? Remaining milliseconds: 97
[13Jul2025 17:54:17.357] [Server thread/DEBUG] [de.cadentem.mimicer.Mimicer/]: Mimicer could not pass the spawn checks, target: [ServerPlayer['Fresita_decaida'/199, l='ServerLevel[world]', x=192.52, y=90.00, z=-191.37]]
[13Jul2025 17:54:17.371] [Server thread/WARN] [cgm/]: literal{xUNIx10}(e27a7954-24de-3b7b-97e4-c85e6a076a69) tried to fire before cooldown finished or server is lagging? Remaining milliseconds: 100
[13Jul2025 17:54:17.371] [Server thread/WARN] [cgm/]: literal{Fresita_decaida}(41df040e-7dce-3887-9950-7caa86e43953) tried to fire before cooldown finished or server is lagging? Remaining milliseconds: 98
[13Jul2025 17:54:17.372] [Server thread/WARN] [cgm/]: literal{Fresita_decaida}(41df040e-7dce-3887-9950-7caa86e43953) tried to fire before cooldown finished or server is lagging? Remaining milliseconds: 98
[13Jul2025 17:54:17.372] [Server thread/WARN] [cgm/]: literal{xUNIx10}(e27a7954-24de-3b7b-97e4-c85e6a076a69) tried to fire before cooldown finished or server is lagging? Remaining milliseconds: 99
[13Jul2025 17:54:17.373] [Server thread/WARN] [cgm/]: literal{Fresita_decaida}(41df040e-7dce-3887-9950-7caa86e43953) tried to fire before cooldown finished or server is lagging? Remaining milliseconds: 97
[13Jul2025 17:54:17.373] [Server thread/WARN] [cgm/]: literal{xUNIx10}(e27a7954-24de-3b7b-97e4-c85e6a076a69) tried to fire before cooldown finished or server is lagging? Remaining milliseconds: 98
[13Jul2025 17:54:17.373] [Server thread/WARN] [cgm/]: literal{Fresita_decaida}(41df040e-7dce-3887-9950-7caa86e43953) tried to fire before cooldown finished or server is lagging? Remaining milliseconds: 96
[13Jul2025 17:54:17.374] [Server thread/WARN] [cgm/]: literal{xUNIx10}(e27a7954-24de-3b7b-97e4-c85e6a076a69) tried to fire before cooldown finished or server is lagging? Remaining milliseconds: 97
[13Jul2025 17:54:17.385] [Server thread/WARN] [cgm/]: literal{Fresita_decaida}(41df040e-7dce-3887-9950-7caa86e43953) tried to fire before cooldown finished or server is lagging? Remaining milliseconds: 84
[13Jul2025 17:54:18.046] [Server thread/DEBUG] [de.cadentem.mimicer.Mimicer/]: Mimicer could not pass the spawn checks, target: [ServerPlayer['Fresita_decaida'/199, l='ServerLevel[world]', x=193.53, y=88.00, z=-189.30]]
[13Jul2025 17:54:18.062] [Server thread/WARN] [cgm/]: literal{xUNIx10}(e27a7954-24de-3b7b-97e4-c85e6a076a69) tried to fire before cooldown finished or server is lagging? Remaining milliseconds: 99
[13Jul2025 17:54:18.455] [Server thread/DEBUG] [de.cadentem.mimicer.Mimicer/]: Mimicer could not pass the spawn checks, target: [ServerPlayer['Fresita_decaida'/199, l='ServerLevel[world]', x=192.76, y=88.00, z=-189.30]]
[13Jul2025 17:54:18.468] [Server thread/WARN] [cgm/]: literal{xUNIx10}(e27a7954-24de-3b7b-97e4-c85e6a076a69) tried to fire before cooldown finished or server is lagging? Remaining milliseconds: 99
[13Jul2025 17:54:18.468] [Server thread/WARN] [cgm/]: literal{xUNIx10}(e27a7954-24de-3b7b-97e4-c85e6a076a69) tried to fire before cooldown finished or server is lagging? Remaining milliseconds: 98
[13Jul2025 17:54:18.469] [Server thread/WARN] [cgm/]: literal{xUNIx10}(e27a7954-24de-3b7b-97e4-c85e6a076a69) tried to fire before cooldown finished or server is lagging? Remaining milliseconds: 98
[13Jul2025 17:54:19.222] [Server thread/DEBUG] [de.cadentem.mimicer.Mimicer/]: Mimicer could not pass the spawn checks, target: [ServerPlayer['xUNIx10'/517, l='ServerLevel[world]', x=201.32, y=88.00, z=-193.04]]
[13Jul2025 17:54:19.236] [Server thread/WARN] [cgm/]: literal{xUNIx10}(e27a7954-24de-3b7b-97e4-c85e6a076a69) tried to fire before cooldown finished or server is lagging? Remaining milliseconds: 99
[13Jul2025 17:54:19.236] [Server thread/WARN] [cgm/]: literal{Fresita_decaida}(41df040e-7dce-3887-9950-7caa86e43953) tried to fire before cooldown finished or server is lagging? Remaining milliseconds: 99
[13Jul2025 17:54:19.237] [Server thread/WARN] [cgm/]: literal{xUNIx10}(e27a7954-24de-3b7b-97e4-c85e6a076a69) tried to fire before cooldown finished or server is lagging? Remaining milliseconds: 98
[13Jul2025 17:54:19.237] [Server thread/WARN] [cgm/]: literal{Fresita_decaida}(41df040e-7dce-3887-9950-7caa86e43953) tried to fire before cooldown finished or server is lagging? Remaining milliseconds: 99
[13Jul2025 17:54:19.238] [Server thread/WARN] [cgm/]: literal{Fresita_decaida}(41df040e-7dce-3887-9950-7caa86e43953) tried to fire before cooldown finished or server is lagging? Remaining milliseconds: 98
[13Jul2025 17:54:20.708] [Server thread/DEBUG] [de.cadentem.mimicer.Mimicer/]: Mimicer could not pass the spawn checks, target: [ServerPlayer['xUNIx10'/517, l='ServerLevel[world]', x=196.99, y=89.18, z=-192.21]]
[13Jul2025 17:54:21.049] [Server thread/DEBUG] [de.cadentem.mimicer.Mimicer/]: Mimicer could not pass the spawn checks, target: [ServerPlayer['Fresita_decaida'/199, l='ServerLevel[world]', x=198.30, y=88.23, z=-193.25]]
[13Jul2025 17:54:21.778] [Server thread/DEBUG] [de.cadentem.mimicer.Mimicer/]: Mimicer could not pass the spawn checks, target: [ServerPlayer['xUNIx10'/517, l='ServerLevel[world]', x=194.40, y=90.00, z=-192.21]]
[13Jul2025 17:54:22.395] [Server thread/DEBUG] [de.cadentem.mimicer.Mimicer/]: Mimicer could not pass the spawn checks, target: [ServerPlayer['xUNIx10'/517, l='ServerLevel[world]', x=195.93, y=90.00, z=-192.06]]
[13Jul2025 17:54:23.065] [Server thread/DEBUG] [de.cadentem.mimicer.Mimicer/]: Mimicer could not pass the spawn checks, target: [ServerPlayer['xUNIx10'/517, l='ServerLevel[world]', x=197.62, y=88.77, z=-193.22]]
[13Jul2025 17:54:23.440] [Server thread/DEBUG] [de.cadentem.mimicer.Mimicer/]: Mimicer could not pass the spawn checks, target: [ServerPlayer['Fresita_decaida'/199, l='ServerLevel[world]', x=207.05, y=88.12, z=-194.33]]
[13Jul2025 17:54:23.724] [Server thread/DEBUG] [de.cadentem.mimicer.Mimicer/]: Mimicer could not pass the spawn checks, target: [ServerPlayer['xUNIx10'/517, l='ServerLevel[world]', x=198.53, y=88.00, z=-193.73]]
[13Jul2025 17:54:24.175] [Server thread/DEBUG] [de.cadentem.mimicer.Mimicer/]: Mimicer could not pass the spawn checks, target: [ServerPlayer['Fresita_decaida'/199, l='ServerLevel[world]', x=207.70, y=88.00, z=-194.70]]
[13Jul2025 17:54:24.672] [Server thread/DEBUG] [de.cadentem.mimicer.Mimicer/]: Mimicer could not pass the spawn checks, target: [ServerPlayer['Fresita_decaida'/199, l='ServerLevel[world]', x=207.11, y=88.00, z=-194.49]]
[13Jul2025 17:54:24.829] [Server thread/DEBUG] [de.cadentem.mimicer.Mimicer/]: Mimicer could not pass the spawn checks, target: [ServerPlayer['Fresita_decaida'/199, l='ServerLevel[world]', x=206.32, y=88.00, z=-194.20]]
[13Jul2025 17:54:26.206] [Server thread/DEBUG] [de.cadentem.mimicer.Mimicer/]: Mimicer could not pass the spawn checks, target: [ServerPlayer['xUNIx10'/517, l='ServerLevel[world]', x=200.02, y=88.00, z=-192.53]]
[13Jul2025 17:54:27.187] [Server thread/DEBUG] [de.cadentem.mimicer.Mimicer/]: Mimicer could not pass the spawn checks, target: [ServerPlayer['xUNIx10'/517, l='ServerLevel[world]', x=200.02, y=88.00, z=-192.53]]
[13Jul2025 17:54:27.775] [Server thread/DEBUG] [de.cadentem.mimicer.Mimicer/]: Mimicer could not pass the spawn checks, target: [ServerPlayer['Fresita_decaida'/199, l='ServerLevel[world]', x=201.97, y=88.00, z=-195.47]]
[13Jul2025 17:54:28.240] [Server thread/DEBUG] [de.cadentem.mimicer.Mimicer/]: Mimicer could not pass the spawn checks, target: [ServerPlayer['xUNIx10'/517, l='ServerLevel[world]', x=200.02, y=88.00, z=-192.53]]
[13Jul2025 17:54:28.912] [Server thread/INFO] [net.minecraft.server.MinecraftServer/]: [Not Secure] <xUNIx10> -_-
[13Jul2025 17:54:30.003] [Server thread/DEBUG] [de.cadentem.mimicer.Mimicer/]: Mimicer could not pass the spawn checks, target: [ServerPlayer['xUNIx10'/517, l='ServerLevel[world]', x=200.02, y=88.00, z=-192.53]]
[13Jul2025 17:54:31.243] [Server thread/DEBUG] [de.cadentem.mimicer.Mimicer/]: Mimicer could not pass the spawn checks, target: [ServerPlayer['Fresita_decaida'/199, l='ServerLevel[world]', x=202.25, y=88.00, z=-196.28]]
[13Jul2025 17:54:32.529] [Server thread/DEBUG] [de.cadentem.mimicer.Mimicer/]: Mimicer could not pass the spawn checks, target: [ServerPlayer['Fresita_decaida'/199, l='ServerLevel[world]', x=202.25, y=88.00, z=-196.28]]
[13Jul2025 17:54:32.910] [Server thread/DEBUG] [de.cadentem.mimicer.Mimicer/]: Mimicer could not pass the spawn checks, target: [ServerPlayer['xUNIx10'/517, l='ServerLevel[world]', x=200.33, y=88.00, z=-192.82]]
[13Jul2025 17:54:33.656] [Server thread/INFO] [net.minecraft.server.MinecraftServer/]: [Not Secure] <Fresita_decaida> me muero
[13Jul2025 17:54:35.927] [Server thread/DEBUG] [de.cadentem.mimicer.Mimicer/]: Mimicer could not pass the spawn checks, target: [ServerPlayer['xUNIx10'/517, l='ServerLevel[world]', x=203.27, y=88.00, z=-195.42]]
[13Jul2025 17:54:36.066] [Server thread/DEBUG] [de.cadentem.mimicer.Mimicer/]: Mimicer could not pass the spawn checks, target: [ServerPlayer['Fresita_decaida'/199, l='ServerLevel[world]', x=201.90, y=88.00, z=-195.48]]
[13Jul2025 17:54:37.497] [Server thread/DEBUG] [de.cadentem.mimicer.Mimicer/]: Mimicer could not pass the spawn checks, target: [ServerPlayer['xUNIx10'/517, l='ServerLevel[world]', x=203.27, y=88.00, z=-195.42]]
[13Jul2025 17:54:40.413] [Server thread/DEBUG] [de.cadentem.mimicer.Mimicer/]: Mimicer could not pass the spawn checks, target: [ServerPlayer['Fresita_decaida'/199, l='ServerLevel[world]', x=204.52, y=88.00, z=-192.34]]
[13Jul2025 17:54:41.448] [Server thread/DEBUG] [de.cadentem.mimicer.Mimicer/]: Mimicer could not pass the spawn checks, target: [ServerPlayer['Fresita_decaida'/199, l='ServerLevel[world]', x=204.52, y=88.00, z=-192.34]]
[13Jul2025 17:54:41.807] [Server thread/DEBUG] [de.cadentem.mimicer.Mimicer/]: Mimicer could not pass the spawn checks, target: [ServerPlayer['Fresita_decaida'/199, l='ServerLevel[world]', x=204.52, y=88.00, z=-192.34]]
[13Jul2025 17:54:42.183] [Server thread/DEBUG] [de.cadentem.mimicer.Mimicer/]: Mimicer could not pass the spawn checks, target: [ServerPlayer['Fresita_decaida'/199, l='ServerLevel[world]', x=204.52, y=88.00, z=-192.34]]
[13Jul2025 17:54:42.435] [Server thread/DEBUG] [de.cadentem.mimicer.Mimicer/]: Mimicer could not pass the spawn checks, target: [ServerPlayer['Fresita_decaida'/199, l='ServerLevel[world]', x=204.52, y=88.00, z=-192.34]]
[13Jul2025 17:54:42.747] [Server thread/DEBUG] [de.cadentem.mimicer.Mimicer/]: Mimicer could not pass the spawn checks, target: [ServerPlayer['Fresita_decaida'/199, l='ServerLevel[world]', x=204.52, y=88.00, z=-192.34]]
[13Jul2025 17:54:43.057] [Server thread/DEBUG] [de.cadentem.mimicer.Mimicer/]: Mimicer could not pass the spawn checks, target: [ServerPlayer['Fresita_decaida'/199, l='ServerLevel[world]', x=204.52, y=88.00, z=-192.34]]
[13Jul2025 17:54:43.481] [Server thread/DEBUG] [de.cadentem.mimicer.Mimicer/]: Mimicer could not pass the spawn checks, target: [ServerPlayer['xUNIx10'/517, l='ServerLevel[world]', x=204.68, y=88.00, z=-193.83]]
[13Jul2025 17:54:45.850] [Server thread/DEBUG] [de.cadentem.mimicer.Mimicer/]: Mimicer could not pass the spawn checks, target: [ServerPlayer['Fresita_decaida'/199, l='ServerLevel[world]', x=206.11, y=88.00, z=-192.06]]
[13Jul2025 17:54:46.386] [Server thread/DEBUG] [de.cadentem.mimicer.Mimicer/]: Mimicer could not pass the spawn checks, target: [ServerPlayer['xUNIx10'/517, l='ServerLevel[world]', x=200.05, y=88.12, z=-193.50]]
[13Jul2025 17:54:47.603] [Server thread/DEBUG] [de.cadentem.mimicer.Mimicer/]: Mimicer could not pass the spawn checks, target: [ServerPlayer['xUNIx10'/517, l='ServerLevel[world]', x=194.71, y=90.00, z=-192.74]]
[13Jul2025 17:54:48.437] [Server thread/DEBUG] [de.cadentem.mimicer.Mimicer/]: Mimicer could not pass the spawn checks, target: [ServerPlayer['Fresita_decaida'/199, l='ServerLevel[world]', x=205.25, y=88.00, z=-192.07]]
[13Jul2025 17:54:48.891] [Server thread/DEBUG] [de.cadentem.mimicer.Mimicer/]: Mimicer could not pass the spawn checks, target: [ServerPlayer['Fresita_decaida'/199, l='ServerLevel[world]', x=205.10, y=88.00, z=-192.02]]
[13Jul2025 17:54:49.236] [Server thread/DEBUG] [de.cadentem.mimicer.Mimicer/]: Mimicer could not pass the spawn checks, target: [ServerPlayer['Fresita_decaida'/199, l='ServerLevel[world]', x=204.57, y=89.25, z=-191.84]]
[13Jul2025 17:54:49.809] [Server thread/DEBUG] [de.cadentem.mimicer.Mimicer/]: Mimicer could not pass the spawn checks, target: [ServerPlayer['xUNIx10'/517, l='ServerLevel[world]', x=193.92, y=93.34, z=-193.51]]
[13Jul2025 17:54:50.474] [Server thread/DEBUG] [de.cadentem.mimicer.Mimicer/]: Mimicer could not pass the spawn checks, target: [ServerPlayer['Fresita_decaida'/199, l='ServerLevel[world]', x=198.74, y=89.25, z=-191.58]]
[13Jul2025 17:55:40.765] [Server thread/INFO] [net.minecraft.server.MinecraftServer/]: [Not Secure] <Fresita_decaida> cubreme tantito
[13Jul2025 17:55:46.615] [Server thread/DEBUG] [net.minecraftforge.common.ForgeHooks/WP]: Gathering id map for writing to world save world
[13Jul2025 17:55:46.620] [Server thread/DEBUG] [net.minecraftforge.common.ForgeHooks/WP]: ID Map collection complete world
[13Jul2025 17:55:54.275] [Server thread/INFO] [net.minecraft.server.MinecraftServer/]: [Not Secure] <xUNIx10> no puedo
[13Jul2025 17:56:24.776] [Server thread/INFO] [net.minecraft.server.MinecraftServer/]: [Not Secure] <Fresita_decaida> eh llegado
[13Jul2025 17:57:03.814] [Server thread/DEBUG] [de.cadentem.mimicer.Mimicer/]: Mimicer could not pass the spawn checks, target: [ServerPlayer['xUNIx10'/517, l='ServerLevel[world]', x=74.39, y=96.00, z=-169.51]]
[13Jul2025 17:57:04.283] [Server thread/DEBUG] [de.cadentem.mimicer.Mimicer/]: Mimicer could not pass the spawn checks, target: [ServerPlayer['Fresita_decaida'/199, l='ServerLevel[world]', x=77.78, y=96.00, z=-177.08]]
[13Jul2025 17:59:44.403] [Server thread/DEBUG] [de.cadentem.mimicer.Mimicer/]: Mimicer could not pass the spawn checks, target: [ServerPlayer['xUNIx10'/517, l='ServerLevel[world]', x=75.70, y=96.00, z=-165.48]]
[13Jul2025 18:00:15.812] [Server thread/WARN] [net.minecraft.server.MinecraftServer/]: Can't keep up! Is the server overloaded? Running 6746ms or 134 ticks behind
[13Jul2025 18:00:53.326] [Server thread/DEBUG] [net.minecraftforge.common.ForgeHooks/WP]: Gathering id map for writing to world save world
[13Jul2025 18:00:53.332] [Server thread/DEBUG] [net.minecraftforge.common.ForgeHooks/WP]: ID Map collection complete world
[13Jul2025 18:01:00.998] [Server thread/INFO] [net.minecraft.server.MinecraftServer/]: [Not Secure] <xUNIx10> hermano j paso
[13Jul2025 18:01:23.847] [Server thread/INFO] [net.minecraft.server.MinecraftServer/]: [Not Secure] <xUNIx10> por que estoy hasta narnia
[13Jul2025 18:01:36.779] [Server thread/INFO] [net.minecraft.server.MinecraftServer/]: [Not Secure] <Fresita_decaida> que
[13Jul2025 18:01:45.939] [Server thread/INFO] [net.minecraft.server.MinecraftServer/]: [Not Secure] <xUNIx10> estaba hasta
[13Jul2025 18:01:56.459] [Server thread/INFO] [net.minecraft.server.MinecraftServer/]: [Not Secure] <xUNIx10> el pie de la ontaña
[13Jul2025 18:02:02.280] [Server thread/INFO] [net.minecraft.server.MinecraftServer/]: [Not Secure] <Fresita_decaida> no c
[13Jul2025 18:02:17.685] [Server thread/INFO] [net.minecraft.server.MinecraftServer/]: [Not Secure] <xUNIx10> creo que esa cosa me llevo no se
[13Jul2025 18:02:21.163] [Server thread/INFO] [net.minecraft.server.MinecraftServer/]: [Not Secure] <xUNIx10> creo que me mori
[13Jul2025 18:02:29.079] [Server thread/INFO] [net.minecraft.server.MinecraftServer/]: [Not Secure] <xUNIx10> perdí 40 niveles
[13Jul2025 18:02:32.327] [Server thread/INFO] [net.minecraft.server.MinecraftServer/]: [Not Secure] <xUNIx10> -_-
[13Jul2025 18:02:35.412] [Server thread/INFO] [net.minecraft.server.MinecraftServer/]: [Not Secure] <Fresita_decaida> no
[13Jul2025 18:02:40.633] [Server thread/INFO] [net.minecraft.server.MinecraftServer/]: [Not Secure] <xUNIx10> te hiba a encantar la armadura
[13Jul2025 18:02:49.912] [Server thread/INFO] [net.minecraft.server.MinecraftServer/]: [Not Secure] <xUNIx10> creo que me mato
[13Jul2025 18:02:56.554] [Server thread/INFO] [net.minecraft.server.MinecraftServer/]: [Not Secure] <xUNIx10> y la armadura me salvo
[13Jul2025 18:03:09.483] [Server thread/INFO] [net.minecraft.server.MinecraftServer/]: [Not Secure] <Fresita_decaida> vamos al end
[13Jul2025 18:03:12.544] [Server thread/INFO] [net.minecraft.server.MinecraftServer/]: [Not Secure] <xUNIx10> voy
[13Jul2025 18:03:20.637] [Server thread/INFO] [net.minecraft.server.MinecraftServer/]: [Not Secure] <Fresita_decaida> trae comida pls
[13Jul2025 18:03:23.417] [Server thread/DEBUG] [de.cadentem.mimicer.Mimicer/]: Mimicer could not pass the spawn checks, target: [ServerPlayer['Fresita_decaida'/199, l='ServerLevel[world]', x=65.90, y=96.00, z=-177.57]]
[13Jul2025 18:03:24.717] [Server thread/DEBUG] [de.cadentem.mimicer.Mimicer/]: Mimicer could not pass the spawn checks, target: [ServerPlayer['Fresita_decaida'/199, l='ServerLevel[world]', x=61.36, y=96.27, z=-177.59]]
[13Jul2025 18:03:25.367] [Server thread/DEBUG] [de.cadentem.mimicer.Mimicer/]: Mimicer could not pass the spawn checks, target: [ServerPlayer['Fresita_decaida'/199, l='ServerLevel[world]', x=60.09, y=96.00, z=-177.20]]
[13Jul2025 18:03:25.617] [Server thread/DEBUG] [de.cadentem.mimicer.Mimicer/]: Mimicer could not pass the spawn checks, target: [ServerPlayer['Fresita_decaida'/199, l='ServerLevel[world]', x=60.08, y=96.00, z=-177.19]]
[13Jul2025 18:03:30.067] [Server thread/DEBUG] [de.cadentem.sackman.SackMan/]: Cave Dweller could not pass the spawn checks, target: [ServerPlayer['Fresita_decaida'/199, l='ServerLevel[world]', x=61.89, y=97.10, z=-176.52]]
[13Jul2025 18:03:47.517] [Server thread/DEBUG] [de.cadentem.sackman.SackMan/]: Cave Dweller could not pass the spawn checks, target: [ServerPlayer['Fresita_decaida'/199, l='ServerLevel[world]', x=63.22, y=96.50, z=-177.19]]
[13Jul2025 18:03:47.517] [Server thread/DEBUG] [de.cadentem.mimicer.Mimicer/]: Mimicer could not pass the spawn checks, target: [ServerPlayer['Fresita_decaida'/199, l='ServerLevel[world]', x=63.22, y=96.50, z=-177.19]]
[13Jul2025 18:03:48.117] [Server thread/DEBUG] [de.cadentem.mimicer.Mimicer/]: Mimicer could not pass the spawn checks, target: [ServerPlayer['Fresita_decaida'/199, l='ServerLevel[world]', x=60.42, y=96.00, z=-177.40]]
[13Jul2025 18:03:48.370] [Server thread/DEBUG] [de.cadentem.mimicer.Mimicer/]: Mimicer could not pass the spawn checks, target: [ServerPlayer['Fresita_decaida'/199, l='ServerLevel[world]', x=60.18, y=96.00, z=-177.41]]
[13Jul2025 18:04:40.528] [Server thread/INFO] [net.minecraft.server.MinecraftServer/]: [Not Secure] <Fresita_decaida> comidaaaa
[13Jul2025 18:04:40.613] [Server thread/INFO] [net.minecraft.server.MinecraftServer/]: [Not Secure] <xUNIx10> ya llegue
[13Jul2025 18:04:50.283] [Server thread/DEBUG] [de.cadentem.sackman.SackMan/]: Cave Dweller could not pass the spawn checks, target: [ServerPlayer['Fresita_decaida'/199, l='ServerLevel[world]', x=72.34, y=96.00, z=-161.64]]
[13Jul2025 18:04:54.789] [Server thread/INFO] [net.minecraft.server.MinecraftServer/]: [Not Secure] <Fresita_decaida> que
[13Jul2025 18:05:11.683] [Server thread/INFO] [net.minecraft.server.MinecraftServer/]: [Not Secure] <xUNIx10> como molesta
[13Jul2025 18:05:25.530] [Server thread/INFO] [net.minecraft.server.MinecraftServer/]: [Not Secure] <xUNIx10> tienes un hacha que me prestes?
[13Jul2025 18:05:32.357] [Server thread/INFO] [net.minecraft.server.MinecraftServer/]: [Not Secure] <Fresita_decaida> esa
[13Jul2025 18:05:36.032] [Server thread/INFO] [net.minecraft.server.MinecraftServer/]: [Not Secure] <xUNIx10> bueno
[13Jul2025 18:05:40.555] [Server thread/INFO] [net.minecraft.server.MinecraftServer/]: [Not Secure] <xUNIx10> vamo
[13Jul2025 18:05:53.316] [Server thread/DEBUG] [net.minecraftforge.common.ForgeHooks/WP]: Gathering id map for writing to world save world
[13Jul2025 18:05:53.321] [Server thread/DEBUG] [net.minecraftforge.common.ForgeHooks/WP]: ID Map collection complete world
[13Jul2025 18:05:53.744] [Server thread/INFO] [net.minecraft.server.MinecraftServer/]: [Not Secure] <Fresita_decaida> pera dame comida
[13Jul2025 18:06:06.745] [Server thread/INFO] [net.minecraft.server.MinecraftServer/]: [Not Secure] <xUNIx10> seguro que vasa a ir así?
[13Jul2025 18:06:17.038] [Server thread/INFO] [net.minecraft.server.MinecraftServer/]: [Not Secure] <Fresita_decaida> seeeeeee
[13Jul2025 18:06:23.032] [Server thread/INFO] [net.minecraft.server.MinecraftServer/]: [Not Secure] <xUNIx10> bueno lleva camas
[13Jul2025 18:06:47.867] [Server thread/DEBUG] [de.cadentem.mokey.Mokey/]: Mokey could not pass the spawn checks, target: [ServerPlayer['Fresita_decaida'/199, l='ServerLevel[world]', x=124.72, y=93.80, z=-192.65]]
[13Jul2025 18:06:48.667] [Server thread/DEBUG] [de.cadentem.mokey.Mokey/]: Mokey could not pass the spawn checks, target: [ServerPlayer['Fresita_decaida'/199, l='ServerLevel[world]', x=130.61, y=93.42, z=-193.04]]
[13Jul2025 18:06:51.917] [Server thread/DEBUG] [de.cadentem.mokey.Mokey/]: Mokey could not pass the spawn checks, target: [ServerPlayer['Fresita_decaida'/199, l='ServerLevel[world]', x=151.09, y=96.00, z=-196.46]]
[13Jul2025 18:06:54.417] [Server thread/DEBUG] [de.cadentem.mokey.Mokey/]: Mokey could not pass the spawn checks, target: [ServerPlayer['xUNIx10'/517, l='ServerLevel[world]', x=248.91, y=108.75, z=-182.68]]
[13Jul2025 18:06:55.967] [Server thread/DEBUG] [de.cadentem.mokey.Mokey/]: Mokey could not pass the spawn checks, target: [ServerPlayer['Fresita_decaida'/199, l='ServerLevel[world]', x=174.90, y=98.25, z=-204.84]]
[13Jul2025 18:06:57.167] [Server thread/DEBUG] [de.cadentem.mokey.Mokey/]: Mokey could not pass the spawn checks, target: [ServerPlayer['Fresita_decaida'/199, l='ServerLevel[world]', x=182.17, y=96.00, z=-205.10]]
[13Jul2025 18:07:34.901] [Server thread/INFO] [net.minecraft.server.MinecraftServer/]: [Not Secure] <xUNIx10> que es eso
[13Jul2025 18:07:39.155] [Server thread/INFO] [net.minecraft.server.MinecraftServer/]: [Not Secure] <Fresita_decaida> que cosa
[13Jul2025 18:08:41.629] [Server thread/INFO] [net.minecraft.server.MinecraftServer/]: [Not Secure] <Fresita_decaida> tengp un borde negro
[13Jul2025 18:09:18.315] [Server thread/INFO] [net.minecraft.server.MinecraftServer/]: [Not Secure] <xUNIx10> ya regurese
[13Jul2025 18:09:25.926] [Server thread/INFO] [net.minecraft.server.MinecraftServer/]: [Not Secure] <xUNIx10> tambén tenia esa cosa
[13Jul2025 18:09:31.182] [Server thread/INFO] [net.minecraft.server.MinecraftServer/]: [Not Secure] <xUNIx10> aparecio una cosa gigante
[13Jul2025 18:10:53.318] [Server thread/DEBUG] [net.minecraftforge.common.ForgeHooks/WP]: Gathering id map for writing to world save world
[13Jul2025 18:10:53.324] [Server thread/DEBUG] [net.minecraftforge.common.ForgeHooks/WP]: ID Map collection complete world
[13Jul2025 18:11:00.096] [Server thread/INFO] [net.minecraft.server.MinecraftServer/]: [Not Secure] <Fresita_decaida> tienes comida?
[13Jul2025 18:11:09.201] [Server thread/INFO] [net.minecraft.server.MinecraftServer/]: [Not Secure] <xUNIx10> voy
[13Jul2025 18:11:34.668] [Server thread/WARN] [net.minecraft.server.level.ServerLevel/]: Tried to add entity the_cuckoo_clock:stalking_chuckoo_clock but it was marked as removed already
[13Jul2025 18:11:55.570] [Server thread/WARN] [net.minecraft.server.level.ServerLevel/]: Tried to add entity the_cuckoo_clock:stalking_chuckoo_clock but it was marked as removed already
[13Jul2025 18:11:57.868] [Server thread/WARN] [net.minecraft.server.level.ServerLevel/]: Tried to add entity the_cuckoo_clock:stalking_chuckoo_clock but it was marked as removed already
[13Jul2025 18:12:36.896] [Server thread/INFO] [net.minecraft.server.MinecraftServer/]: [Not Secure] <xUNIx10> primero hay que dormir
[13Jul2025 18:12:46.412] [Server thread/INFO] [net.minecraft.server.MinecraftServer/]: [Not Secure] <Fresita_decaida> no tengo cama
[13Jul2025 18:12:55.332] [Server thread/INFO] [net.minecraft.server.MinecraftServer/]: [Not Secure] <xUNIx10> -_-
[13Jul2025 18:13:02.477] [Server thread/INFO] [net.minecraft.server.MinecraftServer/]: [Not Secure] <xUNIx10> pues hazte una
[13Jul2025 18:13:19.727] [Server thread/INFO] [net.minecraft.server.MinecraftServer/]: xUNIx10 has made the advancement [Knight Quest]
[13Jul2025 18:13:52.143] [Server thread/INFO] [net.minecraft.server.MinecraftServer/]: [Not Secure] <xUNIx10> escuchas eso?
[13Jul2025 18:13:57.129] [Server thread/INFO] [net.minecraft.server.MinecraftServer/]: [Not Secure] <Fresita_decaida> que cosa
[13Jul2025 18:14:01.953] [Server thread/INFO] [net.minecraft.server.MinecraftServer/]: [Not Secure] <xUNIx10> es como estatica
[13Jul2025 18:14:07.382] [Server thread/INFO] [net.minecraft.server.MinecraftServer/]: [Not Secure] <Fresita_decaida> no
[13Jul2025 18:14:50.073] [Server thread/INFO] [net.minecraft.server.MinecraftServer/]: Fresita_decaida has made the advancement [Spray 'n Pray]
[13Jul2025 18:15:07.074] [Server thread/DEBUG] [de.cadentem.mokey.Mokey/]: Mokey could not pass the spawn checks, target: [ServerPlayer['Fresita_decaida'/199, l='ServerLevel[world]', x=194.63, y=88.00, z=-201.59]]
[13Jul2025 18:15:08.207] [Server thread/DEBUG] [de.cadentem.mokey.Mokey/]: Mokey could not pass the spawn checks, target: [ServerPlayer['xUNIx10'/517, l='ServerLevel[world]', x=199.61, y=88.00, z=-191.98]]
[13Jul2025 18:15:08.434] [Server thread/DEBUG] [de.cadentem.mokey.Mokey/]: Mokey could not pass the spawn checks, target: [ServerPlayer['xUNIx10'/517, l='ServerLevel[world]', x=199.75, y=88.00, z=-190.99]]
[13Jul2025 18:15:08.852] [Server thread/DEBUG] [de.cadentem.mokey.Mokey/]: Mokey could not pass the spawn checks, target: [ServerPlayer['Fresita_decaida'/199, l='ServerLevel[world]', x=194.74, y=88.00, z=-200.31]]
[13Jul2025 18:15:09.267] [Server thread/DEBUG] [de.cadentem.mokey.Mokey/]: Mokey could not pass the spawn checks, target: [ServerPlayer['xUNIx10'/517, l='ServerLevel[world]', x=199.47, y=88.00, z=-188.45]]
[13Jul2025 18:15:09.545] [Server thread/DEBUG] [de.cadentem.mokey.Mokey/]: Mokey could not pass the spawn checks, target: [ServerPlayer['xUNIx10'/517, l='ServerLevel[world]', x=199.47, y=88.00, z=-188.45]]
[13Jul2025 18:15:10.521] [Server thread/DEBUG] [de.cadentem.mokey.Mokey/]: Mokey could not pass the spawn checks, target: [ServerPlayer['Fresita_decaida'/199, l='ServerLevel[world]', x=194.76, y=88.00, z=-200.28]]
[13Jul2025 18:15:10.647] [Server thread/DEBUG] [de.cadentem.mokey.Mokey/]: Mokey could not pass the spawn checks, target: [ServerPlayer['Fresita_decaida'/199, l='ServerLevel[world]', x=194.76, y=88.00, z=-200.28]]
[13Jul2025 18:15:11.766] [Server thread/DEBUG] [de.cadentem.mokey.Mokey/]: Mokey could not pass the spawn checks, target: [ServerPlayer['Fresita_decaida'/199, l='ServerLevel[world]', x=194.76, y=88.00, z=-200.28]]
[13Jul2025 18:15:16.664] [Server thread/DEBUG] [de.cadentem.mokey.Mokey/]: Mokey could not pass the spawn checks, target: [ServerPlayer['xUNIx10'/517, l='ServerLevel[world]', x=199.47, y=88.00, z=-188.45]]
[13Jul2025 18:15:20.570] [Server thread/DEBUG] [de.cadentem.mokey.Mokey/]: Mokey could not pass the spawn checks, target: [ServerPlayer['xUNIx10'/517, l='ServerLevel[world]', x=198.88, y=88.00, z=-192.80]]
[13Jul2025 18:15:21.063] [Server thread/DEBUG] [de.cadentem.cartoon_dweller.CartoonDweller/]: Cartoon Dweller could not pass the spawn checks, target: [ServerPlayer['Fresita_decaida'/199, l='ServerLevel[world]', x=204.44, y=88.00, z=-192.33]]
[13Jul2025 18:15:21.415] [Server thread/DEBUG] [de.cadentem.cartoon_dweller.CartoonDweller/]: Cartoon Dweller could not pass the spawn checks, target: [ServerPlayer['Fresita_decaida'/199, l='ServerLevel[world]', x=204.44, y=88.00, z=-192.33]]
[13Jul2025 18:15:21.814] [Server thread/DEBUG] [de.cadentem.cartoon_dweller.CartoonDweller/]: Cartoon Dweller could not pass the spawn checks, target: [ServerPlayer['xUNIx10'/517, l='ServerLevel[world]', x=200.55, y=88.00, z=-195.16]]
[13Jul2025 18:15:22.214] [Server thread/DEBUG] [de.cadentem.mokey.Mokey/]: Mokey could not pass the spawn checks, target: [ServerPlayer['xUNIx10'/517, l='ServerLevel[world]', x=200.55, y=88.00, z=-195.16]]
[13Jul2025 18:15:22.555] [Server thread/DEBUG] [de.cadentem.cartoon_dweller.CartoonDweller/]: Cartoon Dweller could not pass the spawn checks, target: [ServerPlayer['Fresita_decaida'/199, l='ServerLevel[world]', x=204.44, y=88.00, z=-192.33]]
[13Jul2025 18:15:22.984] [Server thread/DEBUG] [de.cadentem.cartoon_dweller.CartoonDweller/]: Cartoon Dweller could not pass the spawn checks, target: [ServerPlayer['xUNIx10'/517, l='ServerLevel[world]', x=200.55, y=88.00, z=-195.16]]
[13Jul2025 18:15:23.447] [Server thread/DEBUG] [de.cadentem.cartoon_dweller.CartoonDweller/]: Cartoon Dweller could not pass the spawn checks, target: [ServerPlayer['xUNIx10'/517, l='ServerLevel[world]', x=200.55, y=88.00, z=-195.16]]
[13Jul2025 18:15:23.684] [Server thread/DEBUG] [de.cadentem.cartoon_dweller.CartoonDweller/]: Cartoon Dweller could not pass the spawn checks, target: [ServerPlayer['Fresita_decaida'/199, l='ServerLevel[world]', x=204.44, y=88.00, z=-192.33]]
[13Jul2025 18:15:23.965] [Server thread/DEBUG] [de.cadentem.cartoon_dweller.CartoonDweller/]: Cartoon Dweller could not pass the spawn checks, target: [ServerPlayer['Fresita_decaida'/199, l='ServerLevel[world]', x=204.44, y=88.00, z=-192.33]]
[13Jul2025 18:15:24.419] [Server thread/DEBUG] [de.cadentem.cartoon_dweller.CartoonDweller/]: Cartoon Dweller could not pass the spawn checks, target: [ServerPlayer['xUNIx10'/517, l='ServerLevel[world]', x=200.55, y=88.00, z=-195.16]]
[13Jul2025 18:15:24.786] [Server thread/DEBUG] [de.cadentem.cartoon_dweller.CartoonDweller/]: Cartoon Dweller could not pass the spawn checks, target: [ServerPlayer['Fresita_decaida'/199, l='ServerLevel[world]', x=203.62, y=88.00, z=-192.76]]
[13Jul2025 18:15:24.802] [Server thread/WARN] [net.minecraft.server.MinecraftServer/]: Can't keep up! Is the server overloaded? Running 2035ms or 40 ticks behind
[13Jul2025 18:15:25.223] [Server thread/DEBUG] [de.cadentem.mokey.Mokey/]: Mokey could not pass the spawn checks, target: [ServerPlayer['Fresita_decaida'/199, l='ServerLevel[world]', x=201.54, y=88.00, z=-191.69]]
[13Jul2025 18:15:26.124] [Server thread/DEBUG] [de.cadentem.cartoon_dweller.CartoonDweller/]: Cartoon Dweller could not pass the spawn checks, target: [ServerPlayer['Fresita_decaida'/199, l='ServerLevel[world]', x=201.51, y=88.00, z=-191.69]]
[13Jul2025 18:15:26.913] [Server thread/DEBUG] [de.cadentem.cartoon_dweller.CartoonDweller/]: Cartoon Dweller could not pass the spawn checks, target: [ServerPlayer['xUNIx10'/517, l='ServerLevel[world]', x=194.62, y=90.77, z=-193.51]]
[13Jul2025 18:15:27.981] [Server thread/DEBUG] [de.cadentem.mokey.Mokey/]: Mokey could not pass the spawn checks, target: [ServerPlayer['Fresita_decaida'/199, l='ServerLevel[world]', x=198.91, y=88.00, z=-191.97]]
[13Jul2025 18:15:28.825] [Server thread/DEBUG] [de.cadentem.cartoon_dweller.CartoonDweller/]: Cartoon Dweller could not pass the spawn checks, target: [ServerPlayer['xUNIx10'/517, l='ServerLevel[world]', x=194.08, y=94.77, z=-193.51]]
[13Jul2025 18:15:30.362] [Server thread/DEBUG] [de.cadentem.cartoon_dweller.CartoonDweller/]: Cartoon Dweller could not pass the spawn checks, target: [ServerPlayer['Fresita_decaida'/199, l='ServerLevel[world]', x=194.19, y=88.00, z=-197.07]]
[13Jul2025 18:15:55.317] [Server thread/DEBUG] [net.minecraftforge.common.ForgeHooks/WP]: Gathering id map for writing to world save world
[13Jul2025 18:15:55.322] [Server thread/DEBUG] [net.minecraftforge.common.ForgeHooks/WP]: ID Map collection complete world
[13Jul2025 18:15:58.403] [Server thread/INFO] [net.minecraft.server.MinecraftServer/]: [Not Secure] <xUNIx10> es re runer
[13Jul2025 18:16:20.329] [Server thread/WARN] [net.minecraft.server.network.ServerGamePacketListenerImpl/]: Fresita_decaida was kicked for floating too long!
[13Jul2025 18:16:20.330] [Server thread/INFO] [net.minecraft.server.network.ServerGamePacketListenerImpl/]: Fresita_decaida lost connection: Flying is not enabled on this server
[13Jul2025 18:16:20.330] [Server thread/INFO] [net.minecraft.server.MinecraftServer/]: Fresita_decaida left the game
[13Jul2025 18:16:20.387] [Server thread/WARN] [net.minecraft.network.Connection/]: handleDisconnection() called twice
[13Jul2025 18:16:26.253] [Netty Epoll Server IO #0/DEBUG] [net.minecraftforge.network.HandshakeHandler/FMLHANDSHAKE]: Starting new modded impl connection. Found 31 messages to dispatch.
[13Jul2025 18:16:26.273] [Server thread/DEBUG] [net.minecraftforge.network.HandshakeHandler/FMLHANDSHAKE]: Sending ticking packet info 'cgm:network_gun_manager' to 'framework:handshake' sequence 0
[13Jul2025 18:16:26.328] [Server thread/DEBUG] [net.minecraftforge.network.HandshakeHandler/FMLHANDSHAKE]: Sending ticking packet info 'cgm:custom_gun_manager' to 'framework:handshake' sequence 1
[13Jul2025 18:16:26.374] [Server thread/DEBUG] [net.minecraftforge.network.HandshakeHandler/FMLHANDSHAKE]: Sending ticking packet info 'net.minecraftforge.network.HandshakeMessages$S2CModData' to 'fml:handshake' sequence 2
[13Jul2025 18:16:26.386] [Netty Epoll Server IO #0/DEBUG] [net.minecraftforge.network.LoginWrapper/FMLHANDSHAKE]: Recieved login wrapper packet event for channel framework:handshake with index 0
[13Jul2025 18:16:26.386] [Netty Epoll Server IO #0/DEBUG] [net.minecraftforge.network.HandshakeHandler/FMLHANDSHAKE]: Received client indexed reply 0 of type com.mrcrayfish.framework.api.network.message.HandshakeMessage$Acknowledge
[13Jul2025 18:16:26.386] [Netty Epoll Server IO #0/DEBUG] [Framework/FRAMEWORK_HANDSHAKE]: Received acknowledgement from client
[13Jul2025 18:16:26.427] [Server thread/DEBUG] [net.minecraftforge.network.HandshakeHandler/FMLHANDSHAKE]: Sending ticking packet info 'net.minecraftforge.network.HandshakeMessages$S2CModList' to 'fml:handshake' sequence 3
[13Jul2025 18:16:26.444] [Netty Epoll Server IO #0/DEBUG] [net.minecraftforge.network.LoginWrapper/FMLHANDSHAKE]: Recieved login wrapper packet event for channel framework:handshake with index 1
[13Jul2025 18:16:26.444] [Netty Epoll Server IO #0/DEBUG] [net.minecraftforge.network.HandshakeHandler/FMLHANDSHAKE]: Received client indexed reply 1 of type com.mrcrayfish.framework.api.network.message.HandshakeMessage$Acknowledge
[13Jul2025 18:16:26.444] [Netty Epoll Server IO #0/DEBUG] [Framework/FRAMEWORK_HANDSHAKE]: Received acknowledgement from client
[13Jul2025 18:16:26.477] [Server thread/DEBUG] [net.minecraftforge.network.HandshakeHandler/FMLHANDSHAKE]: Sending ticking packet info 'Registry minecraft:command_argument_type' to 'fml:handshake' sequence 4
[13Jul2025 18:16:26.502] [Netty Epoll Server IO #0/DEBUG] [net.minecraftforge.network.LoginWrapper/FMLHANDSHAKE]: Recieved login wrapper packet event for channel fml:handshake with index 3
[13Jul2025 18:16:26.503] [Netty Epoll Server IO #0/DEBUG] [net.minecraftforge.network.HandshakeHandler/FMLHANDSHAKE]: Received client indexed reply 3 of type net.minecraftforge.network.HandshakeMessages$C2SModListReply
[13Jul2025 18:16:26.503] [Netty Epoll Server IO #0/DEBUG] [net.minecraftforge.network.HandshakeHandler/FMLHANDSHAKE]: Received client connection with modlist [minecraft, sons_of_sins, treechop, midnightlurker, mowziesmobs, cgm, knightquest, eeeabsmobs, firstperson, graveyard, the_silence, born_in_chaos_v1, obscure_api, rubidium, oculus, the_cuckoo_clock, man, modernfix, jei, citadel, alexsmobs, legendary_monsters, mixinextras, knightlib, ferritecore, bosses_of_mass_destruction, terralith, justzoom, the_knocker, framework, cloth_config, sound_physics_remastered, forge, appleskin, tlskincape, konkrete, geckolib3, mokey, cave_dweller, irritator, cartoon_dweller, sackman, mimicer, aquamirae]
[13Jul2025 18:16:26.503] [Netty Epoll Server IO #0/DEBUG] [net.minecraftforge.network.NetworkRegistry/NETREGISTRY]: Channel 'the_knocker:the_knocker' : Version test of '1' from client : ACCEPTED
[13Jul2025 18:16:26.506] [Netty Epoll Server IO #0/DEBUG] [net.minecraftforge.network.NetworkRegistry/NETREGISTRY]: Channel 'eeeabsmobs:net' : Version test of '1.0' from client : ACCEPTED
[13Jul2025 18:16:26.506] [Netty Epoll Server IO #0/DEBUG] [net.minecraftforge.network.NetworkRegistry/NETREGISTRY]: Channel 'jei:channel' : Version test of '1.0.0' from client : ACCEPTED
[13Jul2025 18:16:26.506] [Netty Epoll Server IO #0/DEBUG] [net.minecraftforge.network.NetworkRegistry/NETREGISTRY]: Channel 'sackman:main' : Version test of '2' from client : ACCEPTED
[13Jul2025 18:16:26.506] [Netty Epoll Server IO #0/DEBUG] [net.minecraftforge.network.NetworkRegistry/NETREGISTRY]: Channel 'minecraft:unregister' : Version test of 'FML3' from client : ACCEPTED
[13Jul2025 18:16:26.506] [Netty Epoll Server IO #0/DEBUG] [net.minecraftforge.network.NetworkRegistry/NETREGISTRY]: Channel 'the_silence:the_silence' : Version test of '1' from client : ACCEPTED
[13Jul2025 18:16:26.506] [Netty Epoll Server IO #0/DEBUG] [net.minecraftforge.network.NetworkRegistry/NETREGISTRY]: Channel 'citadel:main_channel' : Version test of '1' from client : ACCEPTED
[13Jul2025 18:16:26.506] [Netty Epoll Server IO #0/DEBUG] [net.minecraftforge.network.NetworkRegistry/NETREGISTRY]: Channel 'born_in_chaos_v1:born_in_chaos_v1' : Version test of '1' from client : ACCEPTED
[13Jul2025 18:16:26.506] [Netty Epoll Server IO #0/DEBUG] [net.minecraftforge.network.NetworkRegistry/NETREGISTRY]: Channel 'sons_of_sins:sons_of_sins' : Version test of '1' from client : ACCEPTED
[13Jul2025 18:16:26.506] [Netty Epoll Server IO #0/DEBUG] [net.minecraftforge.network.NetworkRegistry/NETREGISTRY]: Channel 'obscure_api:obscure_api' : Version test of '1' from client : ACCEPTED
[13Jul2025 18:16:26.506] [Netty Epoll Server IO #0/DEBUG] [net.minecraftforge.network.NetworkRegistry/NETREGISTRY]: Channel 'framework:play' : Version test of '1' from client : ACCEPTED
[13Jul2025 18:16:26.506] [Netty Epoll Server IO #0/DEBUG] [net.minecraftforge.network.NetworkRegistry/NETREGISTRY]: Channel 'bosses_of_mass_destruction:packets' : Version test of '1' from client : ACCEPTED
[13Jul2025 18:16:26.507] [Netty Epoll Server IO #0/DEBUG] [net.minecraftforge.network.NetworkRegistry/NETREGISTRY]: Channel 'cartoon_dweller:main' : Version test of '2' from client : ACCEPTED
[13Jul2025 18:16:26.507] [Netty Epoll Server IO #0/DEBUG] [net.minecraftforge.network.NetworkRegistry/NETREGISTRY]: Channel 'mimicer:main' : Version test of '2' from client : ACCEPTED
[13Jul2025 18:16:26.507] [Netty Epoll Server IO #0/DEBUG] [net.minecraftforge.network.NetworkRegistry/NETREGISTRY]: Channel 'minecraft:treechop-channel' : Version test of '7' from client : ACCEPTED
[13Jul2025 18:16:26.507] [Netty Epoll Server IO #0/DEBUG] [net.minecraftforge.network.NetworkRegistry/NETREGISTRY]: Channel 'the_cuckoo_clock:the_cuckoo_clock' : Version test of '1' from client : ACCEPTED
[13Jul2025 18:16:26.507] [Netty Epoll Server IO #0/DEBUG] [net.minecraftforge.network.NetworkRegistry/NETREGISTRY]: Channel 'appleskin:sync' : Version test of '1' from client : ACCEPTED
[13Jul2025 18:16:26.507] [Netty Epoll Server IO #0/DEBUG] [net.minecraftforge.network.NetworkRegistry/NETREGISTRY]: Channel 'cave_dweller:main' : Version test of '2' from client : ACCEPTED
[13Jul2025 18:16:26.507] [Netty Epoll Server IO #0/DEBUG] [net.minecraftforge.network.NetworkRegistry/NETREGISTRY]: Channel 'mokey:main' : Version test of '2' from client : ACCEPTED
[13Jul2025 18:16:26.507] [Netty Epoll Server IO #0/DEBUG] [net.minecraftforge.network.NetworkRegistry/NETREGISTRY]: Channel 'framework:handshake' : Version test of '1' from client : ACCEPTED
[13Jul2025 18:16:26.507] [Netty Epoll Server IO #0/DEBUG] [net.minecraftforge.network.NetworkRegistry/NETREGISTRY]: Channel 'fml:loginwrapper' : Version test of 'FML3' from client : ACCEPTED
[13Jul2025 18:16:26.507] [Netty Epoll Server IO #0/DEBUG] [net.minecraftforge.network.NetworkRegistry/NETREGISTRY]: Channel 'forge:tier_sorting' : Version test of '1.0' from client : ACCEPTED
[13Jul2025 18:16:26.507] [Netty Epoll Server IO #0/DEBUG] [net.minecraftforge.network.NetworkRegistry/NETREGISTRY]: Channel 'aquamirae:main' : Version test of '1' from client : ACCEPTED
[13Jul2025 18:16:26.507] [Netty Epoll Server IO #0/DEBUG] [net.minecraftforge.network.NetworkRegistry/NETREGISTRY]: Channel 'alexsmobs:main_channel' : Version test of '1' from client : ACCEPTED
[13Jul2025 18:16:26.507] [Netty Epoll Server IO #0/DEBUG] [net.minecraftforge.network.NetworkRegistry/NETREGISTRY]: Channel 'cgm:play' : Version test of '1' from client : ACCEPTED
[13Jul2025 18:16:26.507] [Netty Epoll Server IO #0/DEBUG] [net.minecraftforge.network.NetworkRegistry/NETREGISTRY]: Channel 'mowziesmobs:net' : Version test of '1' from client : ACCEPTED
[13Jul2025 18:16:26.507] [Netty Epoll Server IO #0/DEBUG] [net.minecraftforge.network.NetworkRegistry/NETREGISTRY]: Channel 'fml:play' : Version test of 'FML3' from client : ACCEPTED
[13Jul2025 18:16:26.507] [Netty Epoll Server IO #0/DEBUG] [net.minecraftforge.network.NetworkRegistry/NETREGISTRY]: Channel 'irritator:main' : Version test of '2' from client : ACCEPTED
[13Jul2025 18:16:26.507] [Netty Epoll Server IO #0/DEBUG] [net.minecraftforge.network.NetworkRegistry/NETREGISTRY]: Channel 'midnightlurker:midnightlurker' : Version test of '1' from client : ACCEPTED
[13Jul2025 18:16:26.507] [Netty Epoll Server IO #0/DEBUG] [net.minecraftforge.network.NetworkRegistry/NETREGISTRY]: Channel 'man:man' : Version test of '1' from client : ACCEPTED
[13Jul2025 18:16:26.507] [Netty Epoll Server IO #0/DEBUG] [net.minecraftforge.network.NetworkRegistry/NETREGISTRY]: Channel 'fml:handshake' : Version test of 'FML3' from client : ACCEPTED
[13Jul2025 18:16:26.507] [Netty Epoll Server IO #0/DEBUG] [net.minecraftforge.network.NetworkRegistry/NETREGISTRY]: Channel 'geckolib3:main' : Version test of '0' from client : ACCEPTED
[13Jul2025 18:16:26.507] [Netty Epoll Server IO #0/DEBUG] [net.minecraftforge.network.NetworkRegistry/NETREGISTRY]: Channel 'minecraft:register' : Version test of 'FML3' from client : ACCEPTED
[13Jul2025 18:16:26.507] [Netty Epoll Server IO #0/DEBUG] [net.minecraftforge.network.NetworkRegistry/NETREGISTRY]: Channel 'forge:split' : Version test of '1.1' from client : ACCEPTED
[13Jul2025 18:16:26.507] [Netty Epoll Server IO #0/DEBUG] [net.minecraftforge.network.NetworkRegistry/NETREGISTRY]: Accepting channel list from client
[13Jul2025 18:16:26.511] [Netty Epoll Server IO #0/DEBUG] [net.minecraftforge.network.HandshakeHandler/FMLHANDSHAKE]: Accepted client connection mod list
[13Jul2025 18:16:26.529] [Server thread/DEBUG] [net.minecraftforge.network.HandshakeHandler/FMLHANDSHAKE]: Sending ticking packet info 'Registry minecraft:recipe_serializer' to 'fml:handshake' sequence 5
[13Jul2025 18:16:26.560] [Netty Epoll Server IO #0/DEBUG] [net.minecraftforge.network.LoginWrapper/FMLHANDSHAKE]: Recieved login wrapper packet event for channel fml:handshake with index 4
[13Jul2025 18:16:26.560] [Netty Epoll Server IO #0/DEBUG] [net.minecraftforge.network.HandshakeHandler/FMLHANDSHAKE]: Received client indexed reply 4 of type net.minecraftforge.network.HandshakeMessages$C2SAcknowledge
[13Jul2025 18:16:26.560] [Netty Epoll Server IO #0/DEBUG] [net.minecraftforge.network.HandshakeHandler/FMLHANDSHAKE]: Received acknowledgement from client
[13Jul2025 18:16:26.573] [Server thread/DEBUG] [net.minecraftforge.network.HandshakeHandler/FMLHANDSHAKE]: Sending ticking packet info 'Registry minecraft:sound_event' to 'fml:handshake' sequence 6
[13Jul2025 18:16:26.622] [Server thread/DEBUG] [net.minecraftforge.network.HandshakeHandler/FMLHANDSHAKE]: Sending ticking packet info 'Registry minecraft:particle_type' to 'fml:handshake' sequence 7
[13Jul2025 18:16:26.648] [Netty Epoll Server IO #0/DEBUG] [net.minecraftforge.network.LoginWrapper/FMLHANDSHAKE]: Recieved login wrapper packet event for channel fml:handshake with index 5
[13Jul2025 18:16:26.648] [Netty Epoll Server IO #0/DEBUG] [net.minecraftforge.network.HandshakeHandler/FMLHANDSHAKE]: Received client indexed reply 5 of type net.minecraftforge.network.HandshakeMessages$C2SAcknowledge
[13Jul2025 18:16:26.648] [Netty Epoll Server IO #0/DEBUG] [net.minecraftforge.network.HandshakeHandler/FMLHANDSHAKE]: Received acknowledgement from client
[13Jul2025 18:16:26.678] [Server thread/DEBUG] [net.minecraftforge.network.HandshakeHandler/FMLHANDSHAKE]: Sending ticking packet info 'Registry minecraft:villager_profession' to 'fml:handshake' sequence 8
[13Jul2025 18:16:26.723] [Server thread/DEBUG] [net.minecraftforge.network.HandshakeHandler/FMLHANDSHAKE]: Sending ticking packet info 'Registry minecraft:item' to 'fml:handshake' sequence 9
[13Jul2025 18:16:26.782] [Server thread/DEBUG] [net.minecraftforge.network.HandshakeHandler/FMLHANDSHAKE]: Sending ticking packet info 'Registry minecraft:potion' to 'fml:handshake' sequence 10
[13Jul2025 18:16:26.799] [Netty Epoll Server IO #0/DEBUG] [net.minecraftforge.network.LoginWrapper/FMLHANDSHAKE]: Recieved login wrapper packet event for channel fml:handshake with index 6
[13Jul2025 18:16:26.799] [Netty Epoll Server IO #0/DEBUG] [net.minecraftforge.network.HandshakeHandler/FMLHANDSHAKE]: Received client indexed reply 6 of type net.minecraftforge.network.HandshakeMessages$C2SAcknowledge
[13Jul2025 18:16:26.799] [Netty Epoll Server IO #0/DEBUG] [net.minecraftforge.network.HandshakeHandler/FMLHANDSHAKE]: Received acknowledgement from client
[13Jul2025 18:16:26.799] [Netty Epoll Server IO #0/DEBUG] [net.minecraftforge.network.LoginWrapper/FMLHANDSHAKE]: Recieved login wrapper packet event for channel fml:handshake with index 7
[13Jul2025 18:16:26.799] [Netty Epoll Server IO #0/DEBUG] [net.minecraftforge.network.HandshakeHandler/FMLHANDSHAKE]: Received client indexed reply 7 of type net.minecraftforge.network.HandshakeMessages$C2SAcknowledge
[13Jul2025 18:16:26.799] [Netty Epoll Server IO #0/DEBUG] [net.minecraftforge.network.HandshakeHandler/FMLHANDSHAKE]: Received acknowledgement from client
[13Jul2025 18:16:26.800] [Netty Epoll Server IO #0/DEBUG] [net.minecraftforge.network.LoginWrapper/FMLHANDSHAKE]: Recieved login wrapper packet event for channel fml:handshake with index 8
[13Jul2025 18:16:26.800] [Netty Epoll Server IO #0/DEBUG] [net.minecraftforge.network.HandshakeHandler/FMLHANDSHAKE]: Received client indexed reply 8 of type net.minecraftforge.network.HandshakeMessages$C2SAcknowledge
[13Jul2025 18:16:26.800] [Netty Epoll Server IO #0/DEBUG] [net.minecraftforge.network.HandshakeHandler/FMLHANDSHAKE]: Received acknowledgement from client
[13Jul2025 18:16:26.826] [Server thread/DEBUG] [net.minecraftforge.network.HandshakeHandler/FMLHANDSHAKE]: Sending ticking packet info 'Registry minecraft:painting_variant' to 'fml:handshake' sequence 11
[13Jul2025 18:16:26.887] [Server thread/DEBUG] [net.minecraftforge.network.HandshakeHandler/FMLHANDSHAKE]: Sending ticking packet info 'Registry forge:fluid_type' to 'fml:handshake' sequence 12
[13Jul2025 18:16:26.892] [Netty Epoll Server IO #0/DEBUG] [net.minecraftforge.network.LoginWrapper/FMLHANDSHAKE]: Recieved login wrapper packet event for channel fml:handshake with index 9
[13Jul2025 18:16:26.892] [Netty Epoll Server IO #0/DEBUG] [net.minecraftforge.network.HandshakeHandler/FMLHANDSHAKE]: Received client indexed reply 9 of type net.minecraftforge.network.HandshakeMessages$C2SAcknowledge
[13Jul2025 18:16:26.892] [Netty Epoll Server IO #0/DEBUG] [net.minecraftforge.network.HandshakeHandler/FMLHANDSHAKE]: Received acknowledgement from client
[13Jul2025 18:16:26.892] [Netty Epoll Server IO #0/DEBUG] [net.minecraftforge.network.LoginWrapper/FMLHANDSHAKE]: Recieved login wrapper packet event for channel fml:handshake with index 10
[13Jul2025 18:16:26.892] [Netty Epoll Server IO #0/DEBUG] [net.minecraftforge.network.HandshakeHandler/FMLHANDSHAKE]: Received client indexed reply 10 of type net.minecraftforge.network.HandshakeMessages$C2SAcknowledge
[13Jul2025 18:16:26.892] [Netty Epoll Server IO #0/DEBUG] [net.minecraftforge.network.HandshakeHandler/FMLHANDSHAKE]: Received acknowledgement from client
[13Jul2025 18:16:26.937] [Server thread/DEBUG] [net.minecraftforge.network.HandshakeHandler/FMLHANDSHAKE]: Sending ticking packet info 'Registry minecraft:block_entity_type' to 'fml:handshake' sequence 13
[13Jul2025 18:16:26.944] [Netty Epoll Server IO #0/DEBUG] [net.minecraftforge.network.LoginWrapper/FMLHANDSHAKE]: Recieved login wrapper packet event for channel fml:handshake with index 11
[13Jul2025 18:16:26.944] [Netty Epoll Server IO #0/DEBUG] [net.minecraftforge.network.HandshakeHandler/FMLHANDSHAKE]: Received client indexed reply 11 of type net.minecraftforge.network.HandshakeMessages$C2SAcknowledge
[13Jul2025 18:16:26.944] [Netty Epoll Server IO #0/DEBUG] [net.minecraftforge.network.HandshakeHandler/FMLHANDSHAKE]: Received acknowledgement from client
[13Jul2025 18:16:26.974] [Server thread/DEBUG] [net.minecraftforge.network.HandshakeHandler/FMLHANDSHAKE]: Sending ticking packet info 'Registry minecraft:block' to 'fml:handshake' sequence 14
[13Jul2025 18:16:27.003] [Netty Epoll Server IO #0/DEBUG] [net.minecraftforge.network.LoginWrapper/FMLHANDSHAKE]: Recieved login wrapper packet event for channel fml:handshake with index 12
[13Jul2025 18:16:27.003] [Netty Epoll Server IO #0/DEBUG] [net.minecraftforge.network.HandshakeHandler/FMLHANDSHAKE]: Received client indexed reply 12 of type net.minecraftforge.network.HandshakeMessages$C2SAcknowledge
[13Jul2025 18:16:27.003] [Netty Epoll Server IO #0/DEBUG] [net.minecraftforge.network.HandshakeHandler/FMLHANDSHAKE]: Received acknowledgement from client
[13Jul2025 18:16:27.029] [Server thread/DEBUG] [net.minecraftforge.network.HandshakeHandler/FMLHANDSHAKE]: Sending ticking packet info 'Registry forge:entity_data_serializers' to 'fml:handshake' sequence 15
[13Jul2025 18:16:27.029] [Netty Epoll Server IO #0/DEBUG] [net.minecraftforge.network.LoginWrapper/FMLHANDSHAKE]: Recieved login wrapper packet event for channel fml:handshake with index 13
[13Jul2025 18:16:27.029] [Netty Epoll Server IO #0/DEBUG] [net.minecraftforge.network.HandshakeHandler/FMLHANDSHAKE]: Received client indexed reply 13 of type net.minecraftforge.network.HandshakeMessages$C2SAcknowledge
[13Jul2025 18:16:27.029] [Netty Epoll Server IO #0/DEBUG] [net.minecraftforge.network.HandshakeHandler/FMLHANDSHAKE]: Received acknowledgement from client
[13Jul2025 18:16:27.074] [Server thread/DEBUG] [net.minecraftforge.network.HandshakeHandler/FMLHANDSHAKE]: Sending ticking packet info 'Registry minecraft:mob_effect' to 'fml:handshake' sequence 16
[13Jul2025 18:16:27.084] [Netty Epoll Server IO #0/DEBUG] [net.minecraftforge.network.LoginWrapper/FMLHANDSHAKE]: Recieved login wrapper packet event for channel fml:handshake with index 14
[13Jul2025 18:16:27.084] [Netty Epoll Server IO #0/DEBUG] [net.minecraftforge.network.HandshakeHandler/FMLHANDSHAKE]: Received client indexed reply 14 of type net.minecraftforge.network.HandshakeMessages$C2SAcknowledge
[13Jul2025 18:16:27.084] [Netty Epoll Server IO #0/DEBUG] [net.minecraftforge.network.HandshakeHandler/FMLHANDSHAKE]: Received acknowledgement from client
[13Jul2025 18:16:27.126] [Server thread/DEBUG] [net.minecraftforge.network.HandshakeHandler/FMLHANDSHAKE]: Sending ticking packet info 'Registry minecraft:stat_type' to 'fml:handshake' sequence 17
[13Jul2025 18:16:27.154] [Netty Epoll Server IO #0/DEBUG] [net.minecraftforge.network.LoginWrapper/FMLHANDSHAKE]: Recieved login wrapper packet event for channel fml:handshake with index 15
[13Jul2025 18:16:27.154] [Netty Epoll Server IO #0/DEBUG] [net.minecraftforge.network.HandshakeHandler/FMLHANDSHAKE]: Received client indexed reply 15 of type net.minecraftforge.network.HandshakeMessages$C2SAcknowledge
[13Jul2025 18:16:27.155] [Netty Epoll Server IO #0/DEBUG] [net.minecraftforge.network.HandshakeHandler/FMLHANDSHAKE]: Received acknowledgement from client
[13Jul2025 18:16:27.155] [Netty Epoll Server IO #0/DEBUG] [net.minecraftforge.network.LoginWrapper/FMLHANDSHAKE]: Recieved login wrapper packet event for channel fml:handshake with index 16
[13Jul2025 18:16:27.155] [Netty Epoll Server IO #0/DEBUG] [net.minecraftforge.network.HandshakeHandler/FMLHANDSHAKE]: Received client indexed reply 16 of type net.minecraftforge.network.HandshakeMessages$C2SAcknowledge
[13Jul2025 18:16:27.155] [Netty Epoll Server IO #0/DEBUG] [net.minecraftforge.network.HandshakeHandler/FMLHANDSHAKE]: Received acknowledgement from client
[13Jul2025 18:16:27.175] [Server thread/DEBUG] [net.minecraftforge.network.HandshakeHandler/FMLHANDSHAKE]: Sending ticking packet info 'Registry minecraft:menu' to 'fml:handshake' sequence 18
[13Jul2025 18:16:27.213] [Netty Epoll Server IO #0/DEBUG] [net.minecraftforge.network.LoginWrapper/FMLHANDSHAKE]: Recieved login wrapper packet event for channel fml:handshake with index 17
[13Jul2025 18:16:27.213] [Netty Epoll Server IO #0/DEBUG] [net.minecraftforge.network.HandshakeHandler/FMLHANDSHAKE]: Received client indexed reply 17 of type net.minecraftforge.network.HandshakeMessages$C2SAcknowledge
[13Jul2025 18:16:27.213] [Netty Epoll Server IO #0/DEBUG] [net.minecraftforge.network.HandshakeHandler/FMLHANDSHAKE]: Received acknowledgement from client
[13Jul2025 18:16:27.226] [Server thread/DEBUG] [net.minecraftforge.network.HandshakeHandler/FMLHANDSHAKE]: Sending ticking packet info 'Registry minecraft:enchantment' to 'fml:handshake' sequence 19
[13Jul2025 18:16:27.276] [Netty Epoll Server IO #0/DEBUG] [net.minecraftforge.network.LoginWrapper/FMLHANDSHAKE]: Recieved login wrapper packet event for channel fml:handshake with index 18
[13Jul2025 18:16:27.276] [Netty Epoll Server IO #0/DEBUG] [net.minecraftforge.network.HandshakeHandler/FMLHANDSHAKE]: Received client indexed reply 18 of type net.minecraftforge.network.HandshakeMessages$C2SAcknowledge
[13Jul2025 18:16:27.276] [Netty Epoll Server IO #0/DEBUG] [net.minecraftforge.network.HandshakeHandler/FMLHANDSHAKE]: Received acknowledgement from client
[13Jul2025 18:16:27.292] [Server thread/DEBUG] [net.minecraftforge.network.HandshakeHandler/FMLHANDSHAKE]: Sending ticking packet info 'Registry minecraft:fluid' to 'fml:handshake' sequence 20
[13Jul2025 18:16:27.329] [Server thread/DEBUG] [net.minecraftforge.network.HandshakeHandler/FMLHANDSHAKE]: Sending ticking packet info 'Registry minecraft:entity_type' to 'fml:handshake' sequence 21
[13Jul2025 18:16:27.357] [Netty Epoll Server IO #0/DEBUG] [net.minecraftforge.network.LoginWrapper/FMLHANDSHAKE]: Recieved login wrapper packet event for channel fml:handshake with index 19
[13Jul2025 18:16:27.358] [Netty Epoll Server IO #0/DEBUG] [net.minecraftforge.network.HandshakeHandler/FMLHANDSHAKE]: Received client indexed reply 19 of type net.minecraftforge.network.HandshakeMessages$C2SAcknowledge
[13Jul2025 18:16:27.358] [Netty Epoll Server IO #0/DEBUG] [net.minecraftforge.network.HandshakeHandler/FMLHANDSHAKE]: Received acknowledgement from client
[13Jul2025 18:16:27.383] [Server thread/DEBUG] [net.minecraftforge.network.HandshakeHandler/FMLHANDSHAKE]: Sending ticking packet info 'Config sackman-server.toml' to 'fml:handshake' sequence 22
[13Jul2025 18:16:27.410] [Netty Epoll Server IO #0/DEBUG] [net.minecraftforge.network.LoginWrapper/FMLHANDSHAKE]: Recieved login wrapper packet event for channel fml:handshake with index 20
[13Jul2025 18:16:27.410] [Netty Epoll Server IO #0/DEBUG] [net.minecraftforge.network.HandshakeHandler/FMLHANDSHAKE]: Received client indexed reply 20 of type net.minecraftforge.network.HandshakeMessages$C2SAcknowledge
[13Jul2025 18:16:27.410] [Netty Epoll Server IO #0/DEBUG] [net.minecraftforge.network.HandshakeHandler/FMLHANDSHAKE]: Received acknowledgement from client
[13Jul2025 18:16:27.425] [Server thread/DEBUG] [net.minecraftforge.network.HandshakeHandler/FMLHANDSHAKE]: Sending ticking packet info 'Config cgm-server.toml' to 'fml:handshake' sequence 23
[13Jul2025 18:16:27.468] [Netty Epoll Server IO #0/DEBUG] [net.minecraftforge.network.LoginWrapper/FMLHANDSHAKE]: Recieved login wrapper packet event for channel fml:handshake with index 21
[13Jul2025 18:16:27.468] [Netty Epoll Server IO #0/DEBUG] [net.minecraftforge.network.HandshakeHandler/FMLHANDSHAKE]: Received client indexed reply 21 of type net.minecraftforge.network.HandshakeMessages$C2SAcknowledge
[13Jul2025 18:16:27.468] [Netty Epoll Server IO #0/DEBUG] [net.minecraftforge.network.HandshakeHandler/FMLHANDSHAKE]: Received acknowledgement from client
[13Jul2025 18:16:27.476] [Server thread/DEBUG] [net.minecraftforge.network.HandshakeHandler/FMLHANDSHAKE]: Sending ticking packet info 'Config mokey-server.toml' to 'fml:handshake' sequence 24
[13Jul2025 18:16:27.485] [Netty Epoll Server IO #0/DEBUG] [net.minecraftforge.network.LoginWrapper/FMLHANDSHAKE]: Recieved login wrapper packet event for channel fml:handshake with index 22
[13Jul2025 18:16:27.486] [Netty Epoll Server IO #0/DEBUG] [net.minecraftforge.network.HandshakeHandler/FMLHANDSHAKE]: Received client indexed reply 22 of type net.minecraftforge.network.HandshakeMessages$C2SAcknowledge
[13Jul2025 18:16:27.486] [Netty Epoll Server IO #0/DEBUG] [net.minecraftforge.network.HandshakeHandler/FMLHANDSHAKE]: Received acknowledgement from client
[13Jul2025 18:16:27.524] [Server thread/DEBUG] [net.minecraftforge.network.HandshakeHandler/FMLHANDSHAKE]: Sending ticking packet info 'Config irritator-server.toml' to 'fml:handshake' sequence 25
[13Jul2025 18:16:27.538] [Netty Epoll Server IO #0/DEBUG] [net.minecraftforge.network.LoginWrapper/FMLHANDSHAKE]: Recieved login wrapper packet event for channel fml:handshake with index 23
[13Jul2025 18:16:27.538] [Netty Epoll Server IO #0/DEBUG] [net.minecraftforge.network.HandshakeHandler/FMLHANDSHAKE]: Received client indexed reply 23 of type net.minecraftforge.network.HandshakeMessages$C2SAcknowledge
[13Jul2025 18:16:27.538] [Netty Epoll Server IO #0/DEBUG] [net.minecraftforge.network.HandshakeHandler/FMLHANDSHAKE]: Received acknowledgement from client
[13Jul2025 18:16:27.576] [Server thread/DEBUG] [net.minecraftforge.network.HandshakeHandler/FMLHANDSHAKE]: Sending ticking packet info 'Config cartoon_dweller-server.toml' to 'fml:handshake' sequence 26
[13Jul2025 18:16:27.576] [Netty Epoll Server IO #0/DEBUG] [net.minecraftforge.network.LoginWrapper/FMLHANDSHAKE]: Recieved login wrapper packet event for channel fml:handshake with index 24
[13Jul2025 18:16:27.576] [Netty Epoll Server IO #0/DEBUG] [net.minecraftforge.network.HandshakeHandler/FMLHANDSHAKE]: Received client indexed reply 24 of type net.minecraftforge.network.HandshakeMessages$C2SAcknowledge
[13Jul2025 18:16:27.576] [Netty Epoll Server IO #0/DEBUG] [net.minecraftforge.network.HandshakeHandler/FMLHANDSHAKE]: Received acknowledgement from client
[13Jul2025 18:16:27.616] [Netty Epoll Server IO #0/DEBUG] [net.minecraftforge.network.LoginWrapper/FMLHANDSHAKE]: Recieved login wrapper packet event for channel fml:handshake with index 25
[13Jul2025 18:16:27.617] [Netty Epoll Server IO #0/DEBUG] [net.minecraftforge.network.HandshakeHandler/FMLHANDSHAKE]: Received client indexed reply 25 of type net.minecraftforge.network.HandshakeMessages$C2SAcknowledge
[13Jul2025 18:16:27.617] [Netty Epoll Server IO #0/DEBUG] [net.minecraftforge.network.HandshakeHandler/FMLHANDSHAKE]: Received acknowledgement from client
[13Jul2025 18:16:27.632] [Server thread/DEBUG] [net.minecraftforge.network.HandshakeHandler/FMLHANDSHAKE]: Sending ticking packet info 'Config cave_dweller-server.toml' to 'fml:handshake' sequence 27
[13Jul2025 18:16:27.674] [Netty Epoll Server IO #0/DEBUG] [net.minecraftforge.network.LoginWrapper/FMLHANDSHAKE]: Recieved login wrapper packet event for channel fml:handshake with index 26
[13Jul2025 18:16:27.675] [Netty Epoll Server IO #0/DEBUG] [net.minecraftforge.network.HandshakeHandler/FMLHANDSHAKE]: Received client indexed reply 26 of type net.minecraftforge.network.HandshakeMessages$C2SAcknowledge
[13Jul2025 18:16:27.675] [Netty Epoll Server IO #0/DEBUG] [net.minecraftforge.network.HandshakeHandler/FMLHANDSHAKE]: Received acknowledgement from client
[13Jul2025 18:16:27.678] [Server thread/DEBUG] [net.minecraftforge.network.HandshakeHandler/FMLHANDSHAKE]: Sending ticking packet info 'Config mimicer-server.toml' to 'fml:handshake' sequence 28
[13Jul2025 18:16:27.728] [Server thread/DEBUG] [net.minecraftforge.network.HandshakeHandler/FMLHANDSHAKE]: Sending ticking packet info 'Config jei-server.toml' to 'fml:handshake' sequence 29
[13Jul2025 18:16:27.735] [Netty Epoll Server IO #0/DEBUG] [net.minecraftforge.network.LoginWrapper/FMLHANDSHAKE]: Recieved login wrapper packet event for channel fml:handshake with index 27
[13Jul2025 18:16:27.735] [Netty Epoll Server IO #0/DEBUG] [net.minecraftforge.network.HandshakeHandler/FMLHANDSHAKE]: Received client indexed reply 27 of type net.minecraftforge.network.HandshakeMessages$C2SAcknowledge
[13Jul2025 18:16:27.736] [Netty Epoll Server IO #0/DEBUG] [net.minecraftforge.network.HandshakeHandler/FMLHANDSHAKE]: Received acknowledgement from client
[13Jul2025 18:16:27.775] [Server thread/DEBUG] [net.minecraftforge.network.HandshakeHandler/FMLHANDSHAKE]: Sending ticking packet info 'Config forge-server.toml' to 'fml:handshake' sequence 30
[13Jul2025 18:16:27.802] [Netty Epoll Server IO #0/DEBUG] [net.minecraftforge.network.LoginWrapper/FMLHANDSHAKE]: Recieved login wrapper packet event for channel fml:handshake with index 28
[13Jul2025 18:16:27.802] [Netty Epoll Server IO #0/DEBUG] [net.minecraftforge.network.HandshakeHandler/FMLHANDSHAKE]: Received client indexed reply 28 of type net.minecraftforge.network.HandshakeMessages$C2SAcknowledge
[13Jul2025 18:16:27.803] [Netty Epoll Server IO #0/DEBUG] [net.minecraftforge.network.HandshakeHandler/FMLHANDSHAKE]: Received acknowledgement from client
[13Jul2025 18:16:27.803] [Netty Epoll Server IO #0/DEBUG] [net.minecraftforge.network.LoginWrapper/FMLHANDSHAKE]: Recieved login wrapper packet event for channel fml:handshake with index 29
[13Jul2025 18:16:27.803] [Netty Epoll Server IO #0/DEBUG] [net.minecraftforge.network.HandshakeHandler/FMLHANDSHAKE]: Received client indexed reply 29 of type net.minecraftforge.network.HandshakeMessages$C2SAcknowledge
[13Jul2025 18:16:27.803] [Netty Epoll Server IO #0/DEBUG] [net.minecraftforge.network.HandshakeHandler/FMLHANDSHAKE]: Received acknowledgement from client
[13Jul2025 18:16:27.888] [Netty Epoll Server IO #0/DEBUG] [net.minecraftforge.network.LoginWrapper/FMLHANDSHAKE]: Recieved login wrapper packet event for channel fml:handshake with index 30
[13Jul2025 18:16:27.888] [Netty Epoll Server IO #0/DEBUG] [net.minecraftforge.network.HandshakeHandler/FMLHANDSHAKE]: Received client indexed reply 30 of type net.minecraftforge.network.HandshakeMessages$C2SAcknowledge
[13Jul2025 18:16:27.889] [Netty Epoll Server IO #0/DEBUG] [net.minecraftforge.network.HandshakeHandler/FMLHANDSHAKE]: Received acknowledgement from client
[13Jul2025 18:16:27.938] [Server thread/DEBUG] [net.minecraftforge.network.HandshakeHandler/FMLHANDSHAKE]: Handshake complete!
[13Jul2025 18:16:27.980] [Server thread/INFO] [net.minecraftforge.common.AdvancementLoadFix/]: Using new advancement loading for net.minecraft.server.PlayerAdvancements@16b1d788
[13Jul2025 18:16:27.987] [Server thread/INFO] [net.minecraft.server.players.PlayerList/]: Fresita_decaida[/127.14.55.169:42845] logged in with entity id 13426 at (116.47694810039302, 86.04312395532459, -187.3771473413946)
[13Jul2025 18:16:27.987] [Server thread/DEBUG] [net.minecraftforge.network.filters.NetworkFilters/]: Injected net.minecraftforge.network.filters.ForgeConnectionNetworkFilter@da666b2 into net.minecraft.network.Connection@1a309496
[13Jul2025 18:16:27.993] [Server thread/INFO] [net.minecraft.server.MinecraftServer/]: Fresita_decaida joined the game
[13Jul2025 18:16:28.727] [Server thread/INFO] [net.minecraft.server.MinecraftServer/]: [Not Secure] <xUNIx10> hermano
[13Jul2025 18:16:37.199] [Server thread/INFO] [net.minecraft.server.MinecraftServer/]: [Not Secure] <xUNIx10> donde estoy
[13Jul2025 18:16:43.832] [Server thread/WARN] [net.minecraft.server.network.ServerGamePacketListenerImpl/]: xUNIx10 moved too quickly! -94.30000001192093,32.0,113.30000001192093
[13Jul2025 18:16:46.655] [Server thread/WARN] [net.minecraft.server.MinecraftServer/]: Can't keep up! Is the server overloaded? Running 2538ms or 50 ticks behind
[13Jul2025 18:16:52.975] [Server thread/WARN] [net.minecraft.server.level.ServerLevel/]: Tried to add entity the_cuckoo_clock:trigger but it was marked as removed already
[13Jul2025 18:17:00.795] [Server thread/INFO] [net.minecraft.server.MinecraftServer/]: [Not Secure] <Fresita_decaida> QUE PASO
[13Jul2025 18:17:07.396] [Server thread/INFO] [net.minecraft.server.MinecraftServer/]: [Not Secure] <xUNIx10> tengo mied
[13Jul2025 18:17:24.261] [Server thread/INFO] [net.minecraft.server.MinecraftServer/]: [Not Secure] <xUNIx10> hermanaaaaaaaano
[13Jul2025 18:17:32.398] [Server thread/INFO] [net.minecraft.server.MinecraftServer/]: [Not Secure] <xUNIx10> como que el scp me esta cazando
[13Jul2025 18:17:42.952] [Server thread/INFO] [net.minecraft.server.MinecraftServer/]: [Not Secure] <xUNIx10> que es esa cosa
[13Jul2025 18:17:56.186] [Server thread/INFO] [net.minecraft.server.MinecraftServer/]: [Not Secure] <xUNIx10> que es eso
[13Jul2025 18:18:04.588] [Server thread/INFO] [net.minecraft.server.MinecraftServer/]: [Not Secure] <xUNIx10> noooooooooooo
[13Jul2025 18:18:05.300] [Server thread/INFO] [net.minecraft.server.MinecraftServer/]: [Not Secure] <Fresita_decaida> que cosa
[13Jul2025 18:18:09.700] [Server thread/INFO] [net.minecraft.server.MinecraftServer/]: [Not Secure] <xUNIx10> viene por mi
[13Jul2025 18:18:23.129] [Server thread/INFO] [net.minecraft.server.MinecraftServer/]: [Not Secure] <xUNIx10> no era eso
[13Jul2025 18:18:23.179] [Server thread/INFO] [net.minecraft.server.MinecraftServer/]: [Not Secure] <Fresita_decaida> que nuv
[13Jul2025 18:18:27.728] [Server thread/WARN] [net.minecraft.server.level.ServerLevel/]: Tried to add entity the_cuckoo_clock:chuckoo_clock_jumpscare but it was marked as removed already
[13Jul2025 18:18:30.203] [Server thread/INFO] [net.minecraft.server.MinecraftServer/]: [Not Secure] <xUNIx10> viene de alla
[13Jul2025 18:18:35.799] [Server thread/WARN] [cgm/]: literal{Fresita_decaida}(41df040e-7dce-3887-9950-7caa86e43953) tried to fire before cooldown finished or server is lagging? Remaining milliseconds: 78
[13Jul2025 18:18:39.315] [Server thread/WARN] [cgm/]: literal{Fresita_decaida}(41df040e-7dce-3887-9950-7caa86e43953) tried to fire before cooldown finished or server is lagging? Remaining milliseconds: 99
[13Jul2025 18:18:46.764] [Server thread/INFO] [net.minecraft.server.MinecraftServer/]: [Not Secure] <xUNIx10> sale llamada?
[13Jul2025 18:18:54.586] [Server thread/INFO] [net.minecraft.server.MinecraftServer/]: [Not Secure] <Fresita_decaida> pera deja me conecto
[13Jul2025 18:19:56.521] [Server thread/WARN] [net.minecraft.server.level.ServerLevel/]: Tried to add entity the_cuckoo_clock:stalking_chuckoo_clock but it was marked as removed already
[13Jul2025 18:20:02.969] [Server thread/WARN] [net.minecraft.server.level.ServerLevel/]: Tried to add entity the_cuckoo_clock:stalking_chuckoo_clock but it was marked as removed already
[13Jul2025 18:20:57.817] [Server thread/DEBUG] [net.minecraftforge.common.ForgeHooks/WP]: Gathering id map for writing to world save world
[13Jul2025 18:20:57.822] [Server thread/DEBUG] [net.minecraftforge.common.ForgeHooks/WP]: ID Map collection complete world
[13Jul2025 18:21:25.479] [Server thread/INFO] [net.minecraft.server.MinecraftServer/]: [Not Secure] <xUNIx10> ya?
[13Jul2025 18:23:50.128] [Server thread/WARN] [net.minecraft.server.level.ServerLevel/]: Tried to add entity the_cuckoo_clock:chuckoo_clock_jumpscare but it was marked as removed already
[13Jul2025 18:24:16.017] [Server thread/DEBUG] [de.cadentem.mokey.Mokey/]: Mokey could not pass the spawn checks, target: [ServerPlayer['xUNIx10'/517, l='ServerLevel[world]', x=-46.20, y=97.00, z=-298.11]]
[13Jul2025 18:24:17.017] [Server thread/DEBUG] [de.cadentem.mokey.Mokey/]: Mokey could not pass the spawn checks, target: [ServerPlayer['xUNIx10'/517, l='ServerLevel[world]', x=-46.58, y=99.25, z=-294.21]]
[13Jul2025 18:24:18.817] [Server thread/DEBUG] [de.cadentem.mokey.Mokey/]: Mokey could not pass the spawn checks, target: [ServerPlayer['xUNIx10'/517, l='ServerLevel[world]', x=-44.71, y=99.00, z=-292.84]]
[13Jul2025 18:24:19.667] [Server thread/DEBUG] [de.cadentem.mokey.Mokey/]: Mokey could not pass the spawn checks, target: [ServerPlayer['xUNIx10'/517, l='ServerLevel[world]', x=-46.50, y=100.18, z=-292.75]]
[13Jul2025 18:24:21.567] [Server thread/DEBUG] [de.cadentem.mokey.Mokey/]: Mokey could not pass the spawn checks, target: [ServerPlayer['Fresita_decaida'/13426, l='ServerLevel[world]', x=-45.85, y=101.25, z=-288.81]]
[13Jul2025 18:24:23.767] [Server thread/DEBUG] [de.cadentem.mokey.Mokey/]: Mokey could not pass the spawn checks, target: [ServerPlayer['Fresita_decaida'/13426, l='ServerLevel[world]', x=-48.70, y=102.75, z=-287.66]]
[13Jul2025 18:24:24.417] [Server thread/DEBUG] [de.cadentem.mokey.Mokey/]: Mokey could not pass the spawn checks, target: [ServerPlayer['Fresita_decaida'/13426, l='ServerLevel[world]', x=-50.26, y=103.00, z=-286.95]]
[13Jul2025 18:24:25.317] [Server thread/DEBUG] [de.cadentem.mokey.Mokey/]: Mokey could not pass the spawn checks, target: [ServerPlayer['xUNIx10'/517, l='ServerLevel[world]', x=-56.73, y=98.00, z=-297.59]]
[13Jul2025 18:24:26.767] [Server thread/DEBUG] [de.cadentem.mokey.Mokey/]: Mokey could not pass the spawn checks, target: [ServerPlayer['xUNIx10'/517, l='ServerLevel[world]', x=-51.76, y=95.77, z=-301.91]]
[13Jul2025 18:24:28.367] [Server thread/DEBUG] [de.cadentem.mokey.Mokey/]: Mokey could not pass the spawn checks, target: [ServerPlayer['xUNIx10'/517, l='ServerLevel[world]', x=-52.01, y=91.00, z=-308.00]]
[13Jul2025 18:24:30.217] [Server thread/DEBUG] [de.cadentem.mokey.Mokey/]: Mokey could not pass the spawn checks, target: [ServerPlayer['xUNIx10'/517, l='ServerLevel[world]', x=-53.15, y=85.00, z=-311.86]]
[13Jul2025 18:24:32.767] [Server thread/DEBUG] [de.cadentem.mokey.Mokey/]: Mokey could not pass the spawn checks, target: [ServerPlayer['xUNIx10'/517, l='ServerLevel[world]', x=-54.06, y=80.85, z=-316.30]]
[13Jul2025 18:24:34.067] [Server thread/DEBUG] [de.cadentem.mokey.Mokey/]: Mokey could not pass the spawn checks, target: [ServerPlayer['Fresita_decaida'/13426, l='ServerLevel[world]', x=-55.89, y=90.77, z=-307.74]]
[13Jul2025 18:24:34.817] [Server thread/DEBUG] [de.cadentem.mokey.Mokey/]: Mokey could not pass the spawn checks, target: [ServerPlayer['Fresita_decaida'/13426, l='ServerLevel[world]', x=-55.46, y=88.00, z=-308.89]]
[13Jul2025 18:24:37.217] [Server thread/DEBUG] [de.cadentem.mokey.Mokey/]: Mokey could not pass the spawn checks, target: [ServerPlayer['Fresita_decaida'/13426, l='ServerLevel[world]', x=-57.66, y=81.92, z=-313.67]]
[13Jul2025 18:24:38.767] [Server thread/DEBUG] [de.cadentem.mokey.Mokey/]: Mokey could not pass the spawn checks, target: [ServerPlayer['xUNIx10'/517, l='ServerLevel[world]', x=-77.70, y=69.75, z=-329.97]]
[13Jul2025 18:24:38.918] [Server thread/DEBUG] [de.cadentem.mokey.Mokey/]: Mokey could not pass the spawn checks, target: [ServerPlayer['Fresita_decaida'/13426, l='ServerLevel[world]', x=-62.70, y=78.00, z=-317.22]]
[13Jul2025 18:25:57.818] [Server thread/DEBUG] [net.minecraftforge.common.ForgeHooks/WP]: Gathering id map for writing to world save world
[13Jul2025 18:25:57.823] [Server thread/DEBUG] [net.minecraftforge.common.ForgeHooks/WP]: ID Map collection complete world
[13Jul2025 18:27:57.351] [Server thread/INFO] [net.minecraft.server.MinecraftServer/]: [Not Secure] <Fresita_decaida> -23 -1375
[13Jul2025 18:30:57.829] [Server thread/DEBUG] [net.minecraftforge.common.ForgeHooks/WP]: Gathering id map for writing to world save world
[13Jul2025 18:30:57.835] [Server thread/DEBUG] [net.minecraftforge.common.ForgeHooks/WP]: ID Map collection complete world
[13Jul2025 18:35:40.824] [Server thread/INFO] [net.minecraft.server.network.ServerGamePacketListenerImpl/]: xUNIx10 lost connection: Disconnected
[13Jul2025 18:35:40.824] [Server thread/INFO] [net.minecraft.server.MinecraftServer/]: xUNIx10 left the game
[13Jul2025 18:35:40.874] [Server thread/WARN] [net.minecraft.network.Connection/]: handleDisconnection() called twice
[13Jul2025 18:35:44.480] [Server thread/INFO] [net.minecraft.server.MinecraftServer/]: Stopping the server
[13Jul2025 18:35:44.517] [Server thread/INFO] [net.minecraft.server.MinecraftServer/]: Stopping server
[13Jul2025 18:35:44.517] [Server thread/INFO] [net.minecraft.server.MinecraftServer/]: Saving players
[13Jul2025 18:35:44.526] [Server thread/INFO] [net.minecraft.server.network.ServerGamePacketListenerImpl/]: Fresita_decaida lost connection: Server closed
[13Jul2025 18:35:44.526] [Server thread/INFO] [net.minecraft.server.MinecraftServer/]: Fresita_decaida left the game
[13Jul2025 18:35:44.534] [Server thread/INFO] [net.minecraft.server.MinecraftServer/]: Saving worlds
[13Jul2025 18:35:46.827] [Server thread/INFO] [net.minecraft.server.MinecraftServer/]: Saving chunks for level 'ServerLevel[world]'/minecraft:overworld
[13Jul2025 18:35:47.033] [Server thread/INFO] [net.minecraft.server.MinecraftServer/]: Saving chunks for level 'ServerLevel[world]'/man:halucination
[13Jul2025 18:35:47.035] [Server thread/INFO] [net.minecraft.server.MinecraftServer/]: Saving chunks for level 'ServerLevel[world]'/minecraft:the_nether
[13Jul2025 18:35:47.037] [Server thread/INFO] [net.minecraft.server.MinecraftServer/]: Saving chunks for level 'ServerLevel[world]'/the_silence:pesadilla_dimension
[13Jul2025 18:35:47.038] [Server thread/INFO] [net.minecraft.server.MinecraftServer/]: Saving chunks for level 'ServerLevel[world]'/minecraft:the_end
[13Jul2025 18:35:47.038] [Server thread/INFO] [net.minecraft.server.MinecraftServer/]: Saving chunks for level 'ServerLevel[world]'/the_silence:prueba_bolsillo
[13Jul2025 18:35:47.050] [Server thread/DEBUG] [net.minecraftforge.common.ForgeHooks/WP]: Gathering id map for writing to world save world
[13Jul2025 18:35:47.054] [Server thread/DEBUG] [net.minecraftforge.common.ForgeHooks/WP]: ID Map collection complete world
[13Jul2025 18:35:47.076] [Server thread/INFO] [net.minecraft.server.MinecraftServer/]: ThreadedAnvilChunkStorage (world): All chunks are saved
[13Jul2025 18:35:47.076] [Server thread/INFO] [net.minecraft.server.MinecraftServer/]: ThreadedAnvilChunkStorage (halucination): All chunks are saved
[13Jul2025 18:35:47.076] [Server thread/INFO] [net.minecraft.server.MinecraftServer/]: ThreadedAnvilChunkStorage (DIM-1): All chunks are saved
[13Jul2025 18:35:47.076] [Server thread/INFO] [net.minecraft.server.MinecraftServer/]: ThreadedAnvilChunkStorage (pesadilla_dimension): All chunks are saved
[13Jul2025 18:35:47.076] [Server thread/INFO] [net.minecraft.server.MinecraftServer/]: ThreadedAnvilChunkStorage (DIM1): All chunks are saved
[13Jul2025 18:35:47.077] [Server thread/INFO] [net.minecraft.server.MinecraftServer/]: ThreadedAnvilChunkStorage (prueba_bolsillo): All chunks are saved
[13Jul2025 18:35:47.077] [Server thread/INFO] [net.minecraft.server.MinecraftServer/]: ThreadedAnvilChunkStorage: All dimensions are saved
[13Jul2025 18:35:47.119] [Server thread/INFO] [Framework/]: Unloading server configs...
[13Jul2025 18:35:47.120] [Server thread/DEBUG] [net.minecraftforge.fml.loading.FileUtils/CORE]: Found existing serverconfig directory : ./world/serverconfig
[13Jul2025 18:35:47.120] [Server thread/DEBUG] [net.minecraftforge.fml.config.ConfigTracker/CONFIG]: Unloading configs type SERVER
[13Jul2025 18:35:47.120] [Thread-0/DEBUG] [net.minecraftforge.fml.config.ConfigFileTypeHandler/CONFIG]: Config file cgm-server.toml changed, sending notifies
