[13Jul2025 17:00:39.461] [main/INFO] [cpw.mods.modlauncher.Launcher/MODLAUNCHER]: ModLauncher running: args [--launchTarget, forgeserver, --fml.forgeVersion, 43.4.2, --fml.mcVersion, 1.19.2, --fml.forgeGroup, net.minecraftforge, --fml.mcpVersion, 20220805.130853, nogui]
[13Jul2025 17:00:39.466] [main/INFO] [cpw.mods.modlauncher.Launcher/MODLAUNCHER]: ModLauncher 10.0.8+10.0.8+main.0ef7e830 starting: java version 17.0.15 by Ubuntu; OS Linux arch amd64 version 6.8.0-1027-azure
[13Jul2025 17:00:39.921] [main/INFO] [mixin/]: SpongePowered MIXIN Subsystem Version=0.8.5 Source=union:/workspaces/server/servidor_minecraft/libraries/org/spongepowered/mixin/0.8.5/mixin-0.8.5.jar%2363!/ Service=ModLauncher Env=SERVER
[13Jul2025 17:00:40.244] [main/WARN] [net.minecraftforge.fml.loading.moddiscovery.ModFileParser/LOADING]: Mod file /workspaces/server/servidor_minecraft/libraries/net/minecraftforge/fmlcore/1.19.2-43.4.2/fmlcore-1.19.2-43.4.2.jar is missing mods.toml file
[13Jul2025 17:00:40.246] [main/WARN] [net.minecraftforge.fml.loading.moddiscovery.ModFileParser/LOADING]: Mod file /workspaces/server/servidor_minecraft/libraries/net/minecraftforge/javafmllanguage/1.19.2-43.4.2/javafmllanguage-1.19.2-43.4.2.jar is missing mods.toml file
[13Jul2025 17:00:40.247] [main/WARN] [net.minecraftforge.fml.loading.moddiscovery.ModFileParser/LOADING]: Mod file /workspaces/server/servidor_minecraft/libraries/net/minecraftforge/lowcodelanguage/1.19.2-43.4.2/lowcodelanguage-1.19.2-43.4.2.jar is missing mods.toml file
[13Jul2025 17:00:40.248] [main/WARN] [net.minecraftforge.fml.loading.moddiscovery.ModFileParser/LOADING]: Mod file /workspaces/server/servidor_minecraft/libraries/net/minecraftforge/mclanguage/1.19.2-43.4.2/mclanguage-1.19.2-43.4.2.jar is missing mods.toml file
[13Jul2025 17:00:40.390] [main/INFO] [net.minecraftforge.fml.loading.moddiscovery.JarInJarDependencyLocator/]: Found 2 dependencies adding them to mods collection
[13Jul2025 17:00:42.006] [main/INFO] [mixin/]: Compatibility level set to JAVA_17
[13Jul2025 17:00:42.039] [main/ERROR] [mixin/]: Mixin config firstperson.mixins.json does not specify "minVersion" property
[13Jul2025 17:00:42.161] [main/INFO] [mixin/]: Successfully loaded Mixin Connector [com.sonicether.soundphysics.MixinConnector]
[13Jul2025 17:00:42.164] [main/INFO] [mixin/]: Successfully loaded Mixin Connector [org.tlauncher.MixinConnector]
[13Jul2025 17:00:42.171] [main/INFO] [cpw.mods.modlauncher.LaunchServiceHandler/MODLAUNCHER]: Launching target 'forgeserver' with arguments [nogui]
[13Jul2025 17:00:42.212] [main/INFO] [Rubidium/]: Loaded configuration file for Rubidium: 30 options available, 0 override(s) found
[13Jul2025 17:00:42.415] [main/WARN] [mixin/]: Error loading class: atomicstryker/multimine/client/MultiMineClient (java.lang.ClassNotFoundException: atomicstryker.multimine.client.MultiMineClient)
[13Jul2025 17:00:42.416] [main/WARN] [mixin/]: @Mixin target atomicstryker.multimine.client.MultiMineClient was not found treechop.forge.compat.mixins.json:MultiMineMixin
[13Jul2025 17:00:42.615] [main/ERROR] [net.minecraftforge.fml.loading.RuntimeDistCleaner/DISTXFORM]: Attempted to load class net/minecraft/client/player/AbstractClientPlayer for invalid dist DEDICATED_SERVER
[13Jul2025 17:00:42.616] [main/WARN] [mixin/]: Error loading class: net/minecraft/client/player/AbstractClientPlayer (java.lang.RuntimeException: Attempted to load class net/minecraft/client/player/AbstractClientPlayer for invalid dist DEDICATED_SERVER)
[13Jul2025 17:00:42.616] [main/WARN] [mixin/]: @Mixin target net.minecraft.client.player.AbstractClientPlayer was not found tlskincape-mixins.json:MixinAbstractPlayer
[13Jul2025 17:00:42.618] [main/ERROR] [net.minecraftforge.fml.loading.RuntimeDistCleaner/DISTXFORM]: Attempted to load class net/minecraft/client/gui/screens/TitleScreen for invalid dist DEDICATED_SERVER
[13Jul2025 17:00:42.618] [main/WARN] [mixin/]: Error loading class: net/minecraft/client/gui/screens/TitleScreen (java.lang.RuntimeException: Attempted to load class net/minecraft/client/gui/screens/TitleScreen for invalid dist DEDICATED_SERVER)
[13Jul2025 17:00:42.619] [main/WARN] [mixin/]: @Mixin target net.minecraft.client.gui.screens.TitleScreen was not found tlskincape-mixins.json:MixinMainMenu
[13Jul2025 17:00:42.633] [main/WARN] [mixin/]: Error loading class: net/minecraft/client/model/PlayerModel (java.lang.ClassNotFoundException: net.minecraft.client.model.PlayerModel)
[13Jul2025 17:00:42.634] [main/WARN] [mixin/]: @Mixin target net.minecraft.client.model.PlayerModel was not found tlskincape-mixins.json:MixinPlayerModel
[13Jul2025 17:00:42.688] [main/INFO] [MixinExtras|Service/]: Initializing MixinExtras via com.llamalad7.mixinextras.service.MixinExtrasServiceImpl(version=0.3.5).
[13Jul2025 17:00:46.866] [main/INFO] [net.minecraft.util.datafix.DataFixers/]: Building unoptimized datafixer
[13Jul2025 17:00:49.191] [modloading-worker-0/ERROR] [net.minecraftforge.eventbus.EventSubclassTransformer/EVENTBUS]: Could not find parent net/minecraft/client/renderer/entity/layers/RenderLayer for class com/obscuria/obscureapi/client/renderer/PatreonLayer in classloader cpw.mods.modlauncher.TransformingClassLoader@354e7004 on thread Thread[modloading-worker-0,5,main]
[13Jul2025 17:00:49.192] [modloading-worker-0/ERROR] [net.minecraftforge.eventbus.EventSubclassTransformer/EVENTBUS]: An error occurred building event handler
java.lang.ClassNotFoundException: net.minecraft.client.renderer.entity.layers.RenderLayer
	at cpw.mods.cl.ModuleClassLoader.loadClass(ModuleClassLoader.java:141) ~[securejarhandler-2.1.4.jar:?]
	at java.lang.ClassLoader.loadClass(ClassLoader.java:525) ~[?:?]
	at net.minecraftforge.eventbus.EventSubclassTransformer.buildEvents(EventSubclassTransformer.java:92) ~[eventbus-6.0.3.jar%2351!/:?]
	at net.minecraftforge.eventbus.EventSubclassTransformer.transform(EventSubclassTransformer.java:44) ~[eventbus-6.0.3.jar%2351!/:?]
	at net.minecraftforge.eventbus.EventBusEngine.processClass(EventBusEngine.java:26) ~[eventbus-6.0.3.jar%2351!/:?]
	at net.minecraftforge.eventbus.service.ModLauncherService.processClassWithFlags(ModLauncherService.java:32) ~[eventbus-6.0.3.jar%2351!/:6.0.3+6.0.3+master.039e4ea9]
	at cpw.mods.modlauncher.LaunchPluginHandler.offerClassNodeToPlugins(LaunchPluginHandler.java:88) ~[modlauncher-10.0.8.jar%2354!/:?]
	at cpw.mods.modlauncher.ClassTransformer.transform(ClassTransformer.java:120) ~[modlauncher-10.0.8.jar%2354!/:?]
	at cpw.mods.modlauncher.TransformingClassLoader.maybeTransformClassBytes(TransformingClassLoader.java:50) ~[modlauncher-10.0.8.jar%2354!/:?]
	at cpw.mods.cl.ModuleClassLoader.readerToClass(ModuleClassLoader.java:113) ~[securejarhandler-2.1.4.jar:?]
	at cpw.mods.cl.ModuleClassLoader.lambda$findClass$15(ModuleClassLoader.java:219) ~[securejarhandler-2.1.4.jar:?]
	at cpw.mods.cl.ModuleClassLoader.loadFromModule(ModuleClassLoader.java:229) ~[securejarhandler-2.1.4.jar:?]
	at cpw.mods.cl.ModuleClassLoader.findClass(ModuleClassLoader.java:219) ~[securejarhandler-2.1.4.jar:?]
	at cpw.mods.cl.ModuleClassLoader.loadClass(ModuleClassLoader.java:135) ~[securejarhandler-2.1.4.jar:?]
	at java.lang.ClassLoader.loadClass(ClassLoader.java:525) ~[?:?]
	at java.lang.ClassLoader.defineClass0(Native Method) ~[?:?]
	at java.lang.System$2.defineClass(System.java:2324) ~[?:?]
	at java.lang.invoke.MethodHandles$Lookup$ClassDefiner.defineClass(MethodHandles.java:2439) ~[?:?]
	at java.lang.invoke.MethodHandles$Lookup$ClassDefiner.defineClassAsLookup(MethodHandles.java:2420) ~[?:?]
	at java.lang.invoke.MethodHandles$Lookup.defineHiddenClass(MethodHandles.java:2127) ~[?:?]
	at java.lang.invoke.InnerClassLambdaMetafactory.generateInnerClass(InnerClassLambdaMetafactory.java:407) ~[?:?]
	at java.lang.invoke.InnerClassLambdaMetafactory.spinInnerClass(InnerClassLambdaMetafactory.java:315) ~[?:?]
	at java.lang.invoke.InnerClassLambdaMetafactory.buildCallSite(InnerClassLambdaMetafactory.java:228) ~[?:?]
	at java.lang.invoke.LambdaMetafactory.metafactory(LambdaMetafactory.java:341) ~[?:?]
	at java.lang.invoke.BootstrapMethodInvoker.invoke(BootstrapMethodInvoker.java:134) ~[?:?]
	at java.lang.invoke.CallSite.makeSite(CallSite.java:315) ~[?:?]
	at java.lang.invoke.MethodHandleNatives.linkCallSiteImpl(MethodHandleNatives.java:281) ~[?:?]
	at java.lang.invoke.MethodHandleNatives.linkCallSite(MethodHandleNatives.java:271) ~[?:?]
	at com.obscuria.obscureapi.client.renderer.PatreonLayer$Mode.<clinit>(PatreonLayer.java:55) ~[obscure_api-15.jar%23159!/:15]
	at com.obscuria.obscureapi.ObscureAPIConfig$Client.<clinit>(ObscureAPIConfig.java:26) ~[obscure_api-15.jar%23159!/:15]
	at com.obscuria.obscureapi.ObscureAPIConfig.register(ObscureAPIConfig.java:42) ~[obscure_api-15.jar%23159!/:15]
	at com.obscuria.obscureapi.ObscureAPI.<init>(ObscureAPI.java:68) ~[obscure_api-15.jar%23159!/:15]
	at jdk.internal.reflect.NativeConstructorAccessorImpl.newInstance0(Native Method) ~[?:?]
	at jdk.internal.reflect.NativeConstructorAccessorImpl.newInstance(NativeConstructorAccessorImpl.java:77) ~[?:?]
	at jdk.internal.reflect.DelegatingConstructorAccessorImpl.newInstance(DelegatingConstructorAccessorImpl.java:45) ~[?:?]
	at java.lang.reflect.Constructor.newInstanceWithCaller(Constructor.java:500) ~[?:?]
	at java.lang.reflect.Constructor.newInstance(Constructor.java:481) ~[?:?]
	at net.minecraftforge.fml.javafmlmod.FMLModContainer.constructMod(FMLModContainer.java:70) ~[javafmllanguage-1.19.2-43.4.2.jar%23173!/:?]
	at net.minecraftforge.fml.ModContainer.lambda$buildTransitionHandler$4(ModContainer.java:122) ~[fmlcore-1.19.2-43.4.2.jar%23172!/:?]
	at java.util.concurrent.CompletableFuture$AsyncRun.run(CompletableFuture.java:1804) [?:?]
	at java.util.concurrent.CompletableFuture$AsyncRun.exec(CompletableFuture.java:1796) [?:?]
	at java.util.concurrent.ForkJoinTask.doExec(ForkJoinTask.java:373) [?:?]
	at java.util.concurrent.ForkJoinPool$WorkQueue.topLevelExec(ForkJoinPool.java:1182) [?:?]
	at java.util.concurrent.ForkJoinPool.scan(ForkJoinPool.java:1655) [?:?]
	at java.util.concurrent.ForkJoinPool.runWorker(ForkJoinPool.java:1622) [?:?]
	at java.util.concurrent.ForkJoinWorkerThread.run(ForkJoinWorkerThread.java:165) [?:?]
[13Jul2025 17:00:49.203] [modloading-worker-0/ERROR] [net.minecraftforge.fml.loading.RuntimeDistCleaner/DISTXFORM]: Attempted to load class com/obscuria/obscureapi/client/renderer/PatreonLayer for invalid dist DEDICATED_SERVER
[13Jul2025 17:00:49.482] [modloading-worker-0/WARN] [de.keksuccino.justzoom.JustZoom/]: [JUST ZOOM] Disabling 'Just Zoom' since it's a client-side mod and current environment is server!
[13Jul2025 17:00:49.624] [modloading-worker-0/INFO] [net.minecraftforge.common.ForgeMod/FORGEMOD]: Forge mod loading, version 43.4.2, for MC 1.19.2 with MCP 20220805.130853
[13Jul2025 17:00:49.624] [modloading-worker-0/INFO] [net.minecraftforge.common.MinecraftForge/FORGE]: MinecraftForge v43.4.2 Initialized
[13Jul2025 17:00:49.676] [modloading-worker-0/INFO] [de.keksuccino.konkrete.Konkrete/]: [KONKRETE] Successfully initialized!
[13Jul2025 17:00:49.678] [modloading-worker-0/INFO] [de.keksuccino.konkrete.Konkrete/]: [KONKRETE] Server-side libs ready to use!
[13Jul2025 17:00:50.053] [main/WARN] [net.minecraftforge.registries.ForgeRegistry/REGISTRIES]: Registry minecraft:sound_event: The object net.minecraft.sounds.SoundEvent@5e4632cb has been registered twice for the same name treechop:chop_wood.
[13Jul2025 17:00:51.450] [main/ERROR] [net.minecraft.Util/]: Adding duplicate key 'ResourceKey[minecraft:worldgen/structure_type / bosses_of_mass_destruction:void_blossom]' to registry
[13Jul2025 17:00:51.450] [main/ERROR] [net.minecraft.Util/]: Adding duplicate value 'com.cerbon.bosses_of_mass_destruction.structure.BMDStructures$$Lambda$7912/0x00007f756d1b7d50@5eb0f030' to registry
[13Jul2025 17:00:51.679] [main/WARN] [net.minecraftforge.common.ForgeConfigSpec/CORE]: Configuration file /workspaces/server/servidor_minecraft/config/mowziesmobs-common.toml is not correct. Correcting
[13Jul2025 17:00:51.680] [main/WARN] [net.minecraftforge.common.ForgeConfigSpec/CORE]: Incorrect key tools_and_abilities was corrected from null to its default, SimpleCommentedConfig:{}. 
[13Jul2025 17:00:51.680] [main/WARN] [net.minecraftforge.common.ForgeConfigSpec/CORE]: Incorrect key tools_and_abilities.geomancy_attack_multiplier was corrected from null to its default, 1.0. 
[13Jul2025 17:00:51.682] [main/WARN] [net.minecraftforge.common.ForgeConfigSpec/CORE]: Incorrect key tools_and_abilities.suns_blessing was corrected from null to its default, SimpleCommentedConfig:{}. 
[13Jul2025 17:00:51.682] [main/WARN] [net.minecraftforge.common.ForgeConfigSpec/CORE]: Incorrect key tools_and_abilities.suns_blessing.suns_blessing_duration was corrected from null to its default, 60. 
[13Jul2025 17:00:51.683] [main/WARN] [net.minecraftforge.common.ForgeConfigSpec/CORE]: Incorrect key tools_and_abilities.suns_blessing.suns_blessing_attack_multiplier was corrected from null to its default, 1.0. 
[13Jul2025 17:00:51.684] [main/WARN] [net.minecraftforge.common.ForgeConfigSpec/CORE]: Incorrect key tools_and_abilities.suns_blessing.solar_beam_cost was corrected from null to its default, 5. 
[13Jul2025 17:00:51.685] [main/WARN] [net.minecraftforge.common.ForgeConfigSpec/CORE]: Incorrect key tools_and_abilities.supernova_cost was corrected from null to its default, 60. 
[13Jul2025 17:00:51.686] [main/WARN] [net.minecraftforge.common.ForgeConfigSpec/CORE]: Incorrect key tools_and_abilities.wrought_helm was corrected from null to its default, SimpleCommentedConfig:{}. 
[13Jul2025 17:00:51.687] [main/WARN] [net.minecraftforge.common.ForgeConfigSpec/CORE]: Incorrect key tools_and_abilities.wrought_helm.armor_config was corrected from null to its default, SimpleCommentedConfig:{}. 
[13Jul2025 17:00:51.689] [main/WARN] [net.minecraftforge.common.ForgeConfigSpec/CORE]: Incorrect key tools_and_abilities.wrought_helm.armor_config.damage_reduction was corrected from null to its default, 2. 
[13Jul2025 17:00:51.689] [main/WARN] [net.minecraftforge.common.ForgeConfigSpec/CORE]: Incorrect key tools_and_abilities.wrought_helm.armor_config.toughness was corrected from null to its default, 0.0. 
[13Jul2025 17:00:51.690] [main/WARN] [net.minecraftforge.common.ForgeConfigSpec/CORE]: Incorrect key tools_and_abilities.wrought_helm.breakable was corrected from null to its default, false. 
[13Jul2025 17:00:51.690] [main/WARN] [net.minecraftforge.common.ForgeConfigSpec/CORE]: Incorrect key tools_and_abilities.axe_of_a_thousand_metals was corrected from null to its default, SimpleCommentedConfig:{}. 
[13Jul2025 17:00:51.690] [main/WARN] [net.minecraftforge.common.ForgeConfigSpec/CORE]: Incorrect key tools_and_abilities.axe_of_a_thousand_metals.tool_config was corrected from null to its default, SimpleCommentedConfig:{}. 
[13Jul2025 17:00:51.691] [main/WARN] [net.minecraftforge.common.ForgeConfigSpec/CORE]: Incorrect key tools_and_abilities.axe_of_a_thousand_metals.tool_config.attack_damage was corrected from null to its default, 9.0. 
[13Jul2025 17:00:51.691] [main/WARN] [net.minecraftforge.common.ForgeConfigSpec/CORE]: Incorrect key tools_and_abilities.axe_of_a_thousand_metals.tool_config.attack_speed was corrected from null to its default, 0.8999999761581421. 
[13Jul2025 17:00:51.692] [main/WARN] [net.minecraftforge.common.ForgeConfigSpec/CORE]: Incorrect key tools_and_abilities.axe_of_a_thousand_metals.breakable was corrected from null to its default, false. 
[13Jul2025 17:00:51.692] [main/WARN] [net.minecraftforge.common.ForgeConfigSpec/CORE]: Incorrect key tools_and_abilities.sol_visage was corrected from null to its default, SimpleCommentedConfig:{}. 
[13Jul2025 17:00:51.693] [main/WARN] [net.minecraftforge.common.ForgeConfigSpec/CORE]: Incorrect key tools_and_abilities.sol_visage.armor_config was corrected from null to its default, SimpleCommentedConfig:{}. 
[13Jul2025 17:00:51.693] [main/WARN] [net.minecraftforge.common.ForgeConfigSpec/CORE]: Incorrect key tools_and_abilities.sol_visage.armor_config.damage_reduction was corrected from null to its default, 2. 
[13Jul2025 17:00:51.694] [main/WARN] [net.minecraftforge.common.ForgeConfigSpec/CORE]: Incorrect key tools_and_abilities.sol_visage.armor_config.toughness was corrected from null to its default, 0.0. 
[13Jul2025 17:00:51.695] [main/WARN] [net.minecraftforge.common.ForgeConfigSpec/CORE]: Incorrect key tools_and_abilities.sol_visage.breakable was corrected from null to its default, false. 
[13Jul2025 17:00:51.696] [main/WARN] [net.minecraftforge.common.ForgeConfigSpec/CORE]: Incorrect key tools_and_abilities.ice_crystal was corrected from null to its default, SimpleCommentedConfig:{}. 
[13Jul2025 17:00:51.696] [main/WARN] [net.minecraftforge.common.ForgeConfigSpec/CORE]: Incorrect key tools_and_abilities.ice_crystal.attack_multiplier was corrected from null to its default, 1.0. 
[13Jul2025 17:00:51.697] [main/WARN] [net.minecraftforge.common.ForgeConfigSpec/CORE]: Incorrect key tools_and_abilities.ice_crystal.breakable was corrected from null to its default, false. 
[13Jul2025 17:00:51.697] [main/WARN] [net.minecraftforge.common.ForgeConfigSpec/CORE]: Incorrect key tools_and_abilities.ice_crystal.durability was corrected from null to its default, 600. 
[13Jul2025 17:00:51.697] [main/WARN] [net.minecraftforge.common.ForgeConfigSpec/CORE]: Incorrect key tools_and_abilities.umvuthana_mask was corrected from null to its default, SimpleCommentedConfig:{}. 
[13Jul2025 17:00:51.697] [main/WARN] [net.minecraftforge.common.ForgeConfigSpec/CORE]: Incorrect key tools_and_abilities.umvuthana_mask.armor_config was corrected from null to its default, SimpleCommentedConfig:{}. 
[13Jul2025 17:00:51.697] [main/WARN] [net.minecraftforge.common.ForgeConfigSpec/CORE]: Incorrect key tools_and_abilities.umvuthana_mask.armor_config.damage_reduction was corrected from null to its default, 1. 
[13Jul2025 17:00:51.700] [main/WARN] [net.minecraftforge.common.ForgeConfigSpec/CORE]: Incorrect key tools_and_abilities.umvuthana_mask.armor_config.toughness was corrected from null to its default, 0.0. 
[13Jul2025 17:00:51.700] [main/WARN] [net.minecraftforge.common.ForgeConfigSpec/CORE]: Incorrect key tools_and_abilities.spear was corrected from null to its default, SimpleCommentedConfig:{}. 
[13Jul2025 17:00:51.701] [main/WARN] [net.minecraftforge.common.ForgeConfigSpec/CORE]: Incorrect key tools_and_abilities.spear.tool_config was corrected from null to its default, SimpleCommentedConfig:{}. 
[13Jul2025 17:00:51.701] [main/WARN] [net.minecraftforge.common.ForgeConfigSpec/CORE]: Incorrect key tools_and_abilities.spear.tool_config.attack_damage was corrected from null to its default, 5.0. 
[13Jul2025 17:00:51.701] [main/WARN] [net.minecraftforge.common.ForgeConfigSpec/CORE]: Incorrect key tools_and_abilities.spear.tool_config.attack_speed was corrected from null to its default, 1.600000023841858. 
[13Jul2025 17:00:51.702] [main/WARN] [net.minecraftforge.common.ForgeConfigSpec/CORE]: Incorrect key tools_and_abilities.naga_fang_dagger was corrected from null to its default, SimpleCommentedConfig:{}. 
[13Jul2025 17:00:51.703] [main/WARN] [net.minecraftforge.common.ForgeConfigSpec/CORE]: Incorrect key tools_and_abilities.naga_fang_dagger.tool_config was corrected from null to its default, SimpleCommentedConfig:{}. 
[13Jul2025 17:00:51.703] [main/WARN] [net.minecraftforge.common.ForgeConfigSpec/CORE]: Incorrect key tools_and_abilities.naga_fang_dagger.tool_config.attack_damage was corrected from null to its default, 3.0. 
[13Jul2025 17:00:51.704] [main/WARN] [net.minecraftforge.common.ForgeConfigSpec/CORE]: Incorrect key tools_and_abilities.naga_fang_dagger.tool_config.attack_speed was corrected from null to its default, 2.0. 
[13Jul2025 17:00:51.705] [main/WARN] [net.minecraftforge.common.ForgeConfigSpec/CORE]: Incorrect key tools_and_abilities.naga_fang_dagger.poison_duration was corrected from null to its default, 40. 
[13Jul2025 17:00:51.706] [main/WARN] [net.minecraftforge.common.ForgeConfigSpec/CORE]: Incorrect key tools_and_abilities.naga_fang_dagger.backstab_damage_mult was corrected from null to its default, 2.0. 
[13Jul2025 17:00:51.707] [main/WARN] [net.minecraftforge.common.ForgeConfigSpec/CORE]: Incorrect key tools_and_abilities.blowgun was corrected from null to its default, SimpleCommentedConfig:{}. 
[13Jul2025 17:00:51.708] [main/WARN] [net.minecraftforge.common.ForgeConfigSpec/CORE]: Incorrect key tools_and_abilities.blowgun.poison_duration was corrected from null to its default, 40. 
[13Jul2025 17:00:51.709] [main/WARN] [net.minecraftforge.common.ForgeConfigSpec/CORE]: Incorrect key tools_and_abilities.blowgun.attack_damage was corrected from null to its default, 1.0. 
[13Jul2025 17:00:51.710] [main/WARN] [net.minecraftforge.common.ForgeConfigSpec/CORE]: Incorrect key tools_and_abilities.earthbore_gauntlet was corrected from null to its default, SimpleCommentedConfig:{}. 
[13Jul2025 17:00:51.711] [main/WARN] [net.minecraftforge.common.ForgeConfigSpec/CORE]: Incorrect key tools_and_abilities.earthbore_gauntlet.attack_multiplier was corrected from null to its default, 1.0. 
[13Jul2025 17:00:51.711] [main/WARN] [net.minecraftforge.common.ForgeConfigSpec/CORE]: Incorrect key tools_and_abilities.earthbore_gauntlet.breakable was corrected from null to its default, false. 
[13Jul2025 17:00:51.712] [main/WARN] [net.minecraftforge.common.ForgeConfigSpec/CORE]: Incorrect key tools_and_abilities.earthbore_gauntlet.durability was corrected from null to its default, 400. 
[13Jul2025 17:00:51.713] [main/WARN] [net.minecraftforge.common.ForgeConfigSpec/CORE]: Incorrect key tools_and_abilities.earthbore_gauntlet.tool_config was corrected from null to its default, SimpleCommentedConfig:{}. 
[13Jul2025 17:00:51.714] [main/WARN] [net.minecraftforge.common.ForgeConfigSpec/CORE]: Incorrect key tools_and_abilities.earthbore_gauntlet.tool_config.attack_damage was corrected from null to its default, 6.0. 
[13Jul2025 17:00:51.714] [main/WARN] [net.minecraftforge.common.ForgeConfigSpec/CORE]: Incorrect key tools_and_abilities.earthbore_gauntlet.tool_config.attack_speed was corrected from null to its default, 1.2000000476837158. 
[13Jul2025 17:00:51.717] [main/WARN] [net.minecraftforge.common.ForgeConfigSpec/CORE]: Incorrect key mobs was corrected from null to its default, SimpleCommentedConfig:{}. 
[13Jul2025 17:00:51.718] [main/WARN] [net.minecraftforge.common.ForgeConfigSpec/CORE]: Incorrect key mobs.frostmaw was corrected from null to its default, SimpleCommentedConfig:{}. 
[13Jul2025 17:00:51.718] [main/WARN] [net.minecraftforge.common.ForgeConfigSpec/CORE]: Incorrect key mobs.frostmaw.biome_config was corrected from null to its default, SimpleCommentedConfig:{}. 
[13Jul2025 17:00:51.719] [main/WARN] [net.minecraftforge.common.ForgeConfigSpec/CORE]: Incorrect key mobs.frostmaw.biome_config.biome_tags was corrected from null to its default, [forge:is_snowy,!minecraft:is_ocean,!minecraft:is_river,!minecraft:is_beach,!minecraft:is_forest,!minecraft:is_taiga]. 
[13Jul2025 17:00:51.720] [main/WARN] [net.minecraftforge.common.ForgeConfigSpec/CORE]: Incorrect key mobs.frostmaw.biome_config.biome_whitelist was corrected from null to its default, []. 
[13Jul2025 17:00:51.721] [main/WARN] [net.minecraftforge.common.ForgeConfigSpec/CORE]: Incorrect key mobs.frostmaw.biome_config.biome_blacklist was corrected from null to its default, []. 
[13Jul2025 17:00:51.721] [main/WARN] [net.minecraftforge.common.ForgeConfigSpec/CORE]: Incorrect key mobs.frostmaw.generation_config was corrected from null to its default, SimpleCommentedConfig:{}. 
[13Jul2025 17:00:51.722] [main/WARN] [net.minecraftforge.common.ForgeConfigSpec/CORE]: Incorrect key mobs.frostmaw.generation_config.generation_distance was corrected from null to its default, 25. 
[13Jul2025 17:00:51.722] [main/WARN] [net.minecraftforge.common.ForgeConfigSpec/CORE]: Incorrect key mobs.frostmaw.generation_config.generation_separation was corrected from null to its default, 8. 
[13Jul2025 17:00:51.723] [main/WARN] [net.minecraftforge.common.ForgeConfigSpec/CORE]: Incorrect key mobs.frostmaw.generation_config.height_max was corrected from null to its default, 100.0. 
[13Jul2025 17:00:51.723] [main/WARN] [net.minecraftforge.common.ForgeConfigSpec/CORE]: Incorrect key mobs.frostmaw.generation_config.height_min was corrected from null to its default, 50.0. 
[13Jul2025 17:00:51.724] [main/WARN] [net.minecraftforge.common.ForgeConfigSpec/CORE]: Incorrect key mobs.frostmaw.generation_config.avoid_structures was corrected from null to its default, [minecraft:villages, minecraft:pillager_outposts]. 
[13Jul2025 17:00:51.725] [main/WARN] [net.minecraftforge.common.ForgeConfigSpec/CORE]: Incorrect key mobs.frostmaw.combat_config was corrected from null to its default, SimpleCommentedConfig:{}. 
[13Jul2025 17:00:51.725] [main/WARN] [net.minecraftforge.common.ForgeConfigSpec/CORE]: Incorrect key mobs.frostmaw.combat_config.health_multiplier was corrected from null to its default, 1.0. 
[13Jul2025 17:00:51.726] [main/WARN] [net.minecraftforge.common.ForgeConfigSpec/CORE]: Incorrect key mobs.frostmaw.combat_config.attack_multiplier was corrected from null to its default, 1.0. 
[13Jul2025 17:00:51.727] [main/WARN] [net.minecraftforge.common.ForgeConfigSpec/CORE]: Incorrect key mobs.frostmaw.has_boss_bar was corrected from null to its default, true. 
[13Jul2025 17:00:51.727] [main/WARN] [net.minecraftforge.common.ForgeConfigSpec/CORE]: Incorrect key mobs.frostmaw.heals_out_of_battle was corrected from null to its default, true. 
[13Jul2025 17:00:51.727] [main/WARN] [net.minecraftforge.common.ForgeConfigSpec/CORE]: Incorrect key mobs.frostmaw.stealable_ice_crystal was corrected from null to its default, true. 
[13Jul2025 17:00:51.727] [main/WARN] [net.minecraftforge.common.ForgeConfigSpec/CORE]: Incorrect key mobs.frostmaw.reset_health_when_respawn was corrected from null to its default, true. 
[13Jul2025 17:00:51.727] [main/WARN] [net.minecraftforge.common.ForgeConfigSpec/CORE]: Incorrect key mobs.umvuthi was corrected from null to its default, SimpleCommentedConfig:{}. 
[13Jul2025 17:00:51.727] [main/WARN] [net.minecraftforge.common.ForgeConfigSpec/CORE]: Incorrect key mobs.umvuthi.biome_config was corrected from null to its default, SimpleCommentedConfig:{}. 
[13Jul2025 17:00:51.727] [main/WARN] [net.minecraftforge.common.ForgeConfigSpec/CORE]: Incorrect key mobs.umvuthi.biome_config.biome_tags was corrected from null to its default, [minecraft:is_savanna]. 
[13Jul2025 17:00:51.728] [main/WARN] [net.minecraftforge.common.ForgeConfigSpec/CORE]: Incorrect key mobs.umvuthi.biome_config.biome_whitelist was corrected from null to its default, []. 
[13Jul2025 17:00:51.728] [main/WARN] [net.minecraftforge.common.ForgeConfigSpec/CORE]: Incorrect key mobs.umvuthi.biome_config.biome_blacklist was corrected from null to its default, []. 
[13Jul2025 17:00:51.728] [main/WARN] [net.minecraftforge.common.ForgeConfigSpec/CORE]: Incorrect key mobs.umvuthi.generation_config was corrected from null to its default, SimpleCommentedConfig:{}. 
[13Jul2025 17:00:51.728] [main/WARN] [net.minecraftforge.common.ForgeConfigSpec/CORE]: Incorrect key mobs.umvuthi.generation_config.generation_distance was corrected from null to its default, 25. 
[13Jul2025 17:00:51.728] [main/WARN] [net.minecraftforge.common.ForgeConfigSpec/CORE]: Incorrect key mobs.umvuthi.generation_config.generation_separation was corrected from null to its default, 8. 
[13Jul2025 17:00:51.730] [main/WARN] [net.minecraftforge.common.ForgeConfigSpec/CORE]: Incorrect key mobs.umvuthi.generation_config.height_max was corrected from null to its default, 100.0. 
[13Jul2025 17:00:51.731] [main/WARN] [net.minecraftforge.common.ForgeConfigSpec/CORE]: Incorrect key mobs.umvuthi.generation_config.height_min was corrected from null to its default, 50.0. 
[13Jul2025 17:00:51.731] [main/WARN] [net.minecraftforge.common.ForgeConfigSpec/CORE]: Incorrect key mobs.umvuthi.generation_config.avoid_structures was corrected from null to its default, [minecraft:villages, minecraft:pillager_outposts]. 
[13Jul2025 17:00:51.732] [main/WARN] [net.minecraftforge.common.ForgeConfigSpec/CORE]: Incorrect key mobs.umvuthi.combat_config was corrected from null to its default, SimpleCommentedConfig:{}. 
[13Jul2025 17:00:51.733] [main/WARN] [net.minecraftforge.common.ForgeConfigSpec/CORE]: Incorrect key mobs.umvuthi.combat_config.health_multiplier was corrected from null to its default, 1.0. 
[13Jul2025 17:00:51.734] [main/WARN] [net.minecraftforge.common.ForgeConfigSpec/CORE]: Incorrect key mobs.umvuthi.combat_config.attack_multiplier was corrected from null to its default, 1.0. 
[13Jul2025 17:00:51.735] [main/WARN] [net.minecraftforge.common.ForgeConfigSpec/CORE]: Incorrect key mobs.umvuthi.has_boss_bar was corrected from null to its default, true. 
[13Jul2025 17:00:51.736] [main/WARN] [net.minecraftforge.common.ForgeConfigSpec/CORE]: Incorrect key mobs.umvuthi.heals_out_of_battle was corrected from null to its default, true. 
[13Jul2025 17:00:51.737] [main/WARN] [net.minecraftforge.common.ForgeConfigSpec/CORE]: Incorrect key mobs.umvuthi.trade_which_item was corrected from null to its default, minecraft:gold_block. 
[13Jul2025 17:00:51.737] [main/WARN] [net.minecraftforge.common.ForgeConfigSpec/CORE]: Incorrect key mobs.umvuthi.trade_how_many was corrected from null to its default, 7. 
[13Jul2025 17:00:51.738] [main/WARN] [net.minecraftforge.common.ForgeConfigSpec/CORE]: Incorrect key mobs.umvuthi.reset_health_when_respawn was corrected from null to its default, true. 
[13Jul2025 17:00:51.739] [main/WARN] [net.minecraftforge.common.ForgeConfigSpec/CORE]: Incorrect key mobs.ferrous_wroughtnaut was corrected from null to its default, SimpleCommentedConfig:{}. 
[13Jul2025 17:00:51.739] [main/WARN] [net.minecraftforge.common.ForgeConfigSpec/CORE]: Incorrect key mobs.ferrous_wroughtnaut.biome_config was corrected from null to its default, SimpleCommentedConfig:{}. 
[13Jul2025 17:00:51.739] [main/WARN] [net.minecraftforge.common.ForgeConfigSpec/CORE]: Incorrect key mobs.ferrous_wroughtnaut.biome_config.biome_tags was corrected from null to its default, [!minecraft:is_ocean]. 
[13Jul2025 17:00:51.739] [main/WARN] [net.minecraftforge.common.ForgeConfigSpec/CORE]: Incorrect key mobs.ferrous_wroughtnaut.biome_config.biome_whitelist was corrected from null to its default, []. 
[13Jul2025 17:00:51.739] [main/WARN] [net.minecraftforge.common.ForgeConfigSpec/CORE]: Incorrect key mobs.ferrous_wroughtnaut.biome_config.biome_blacklist was corrected from null to its default, []. 
[13Jul2025 17:00:51.739] [main/WARN] [net.minecraftforge.common.ForgeConfigSpec/CORE]: Incorrect key mobs.ferrous_wroughtnaut.generation_config was corrected from null to its default, SimpleCommentedConfig:{}. 
[13Jul2025 17:00:51.739] [main/WARN] [net.minecraftforge.common.ForgeConfigSpec/CORE]: Incorrect key mobs.ferrous_wroughtnaut.generation_config.generation_distance was corrected from null to its default, 15. 
[13Jul2025 17:00:51.740] [main/WARN] [net.minecraftforge.common.ForgeConfigSpec/CORE]: Incorrect key mobs.ferrous_wroughtnaut.generation_config.generation_separation was corrected from null to its default, 5. 
[13Jul2025 17:00:51.740] [main/WARN] [net.minecraftforge.common.ForgeConfigSpec/CORE]: Incorrect key mobs.ferrous_wroughtnaut.generation_config.height_max was corrected from null to its default, 50.0. 
[13Jul2025 17:00:51.740] [main/WARN] [net.minecraftforge.common.ForgeConfigSpec/CORE]: Incorrect key mobs.ferrous_wroughtnaut.generation_config.height_min was corrected from null to its default, 20.0. 
[13Jul2025 17:00:51.740] [main/WARN] [net.minecraftforge.common.ForgeConfigSpec/CORE]: Incorrect key mobs.ferrous_wroughtnaut.generation_config.avoid_structures was corrected from null to its default, []. 
[13Jul2025 17:00:51.740] [main/WARN] [net.minecraftforge.common.ForgeConfigSpec/CORE]: Incorrect key mobs.ferrous_wroughtnaut.combat_config was corrected from null to its default, SimpleCommentedConfig:{}. 
[13Jul2025 17:00:51.740] [main/WARN] [net.minecraftforge.common.ForgeConfigSpec/CORE]: Incorrect key mobs.ferrous_wroughtnaut.combat_config.health_multiplier was corrected from null to its default, 1.0. 
[13Jul2025 17:00:51.740] [main/WARN] [net.minecraftforge.common.ForgeConfigSpec/CORE]: Incorrect key mobs.ferrous_wroughtnaut.combat_config.attack_multiplier was corrected from null to its default, 1.0. 
[13Jul2025 17:00:51.741] [main/WARN] [net.minecraftforge.common.ForgeConfigSpec/CORE]: Incorrect key mobs.ferrous_wroughtnaut.has_boss_bar was corrected from null to its default, true. 
[13Jul2025 17:00:51.741] [main/WARN] [net.minecraftforge.common.ForgeConfigSpec/CORE]: Incorrect key mobs.ferrous_wroughtnaut.heals_out_of_battle was corrected from null to its default, true. 
[13Jul2025 17:00:51.741] [main/WARN] [net.minecraftforge.common.ForgeConfigSpec/CORE]: Incorrect key mobs.ferrous_wroughtnaut.reset_health_when_respawn was corrected from null to its default, true. 
[13Jul2025 17:00:51.741] [main/WARN] [net.minecraftforge.common.ForgeConfigSpec/CORE]: Incorrect key mobs.sculptor was corrected from null to its default, SimpleCommentedConfig:{}. 
[13Jul2025 17:00:51.745] [main/WARN] [net.minecraftforge.common.ForgeConfigSpec/CORE]: Incorrect key mobs.sculptor.biome_config was corrected from null to its default, SimpleCommentedConfig:{}. 
[13Jul2025 17:00:51.745] [main/WARN] [net.minecraftforge.common.ForgeConfigSpec/CORE]: Incorrect key mobs.sculptor.biome_config.biome_tags was corrected from null to its default, [minecraft:is_mountain]. 
[13Jul2025 17:00:51.745] [main/WARN] [net.minecraftforge.common.ForgeConfigSpec/CORE]: Incorrect key mobs.sculptor.biome_config.biome_whitelist was corrected from null to its default, []. 
[13Jul2025 17:00:51.745] [main/WARN] [net.minecraftforge.common.ForgeConfigSpec/CORE]: Incorrect key mobs.sculptor.biome_config.biome_blacklist was corrected from null to its default, []. 
[13Jul2025 17:00:51.745] [main/WARN] [net.minecraftforge.common.ForgeConfigSpec/CORE]: Incorrect key mobs.sculptor.generation_config was corrected from null to its default, SimpleCommentedConfig:{}. 
[13Jul2025 17:00:51.745] [main/WARN] [net.minecraftforge.common.ForgeConfigSpec/CORE]: Incorrect key mobs.sculptor.generation_config.generation_distance was corrected from null to its default, 25. 
[13Jul2025 17:00:51.745] [main/WARN] [net.minecraftforge.common.ForgeConfigSpec/CORE]: Incorrect key mobs.sculptor.generation_config.generation_separation was corrected from null to its default, 8. 
[13Jul2025 17:00:51.745] [main/WARN] [net.minecraftforge.common.ForgeConfigSpec/CORE]: Incorrect key mobs.sculptor.generation_config.height_max was corrected from null to its default, 200.0. 
[13Jul2025 17:00:51.745] [main/WARN] [net.minecraftforge.common.ForgeConfigSpec/CORE]: Incorrect key mobs.sculptor.generation_config.height_min was corrected from null to its default, 120.0. 
[13Jul2025 17:00:51.746] [main/WARN] [net.minecraftforge.common.ForgeConfigSpec/CORE]: Incorrect key mobs.sculptor.generation_config.avoid_structures was corrected from null to its default, []. 
[13Jul2025 17:00:51.746] [main/WARN] [net.minecraftforge.common.ForgeConfigSpec/CORE]: Incorrect key mobs.sculptor.combat_config was corrected from null to its default, SimpleCommentedConfig:{}. 
[13Jul2025 17:00:51.746] [main/WARN] [net.minecraftforge.common.ForgeConfigSpec/CORE]: Incorrect key mobs.sculptor.combat_config.health_multiplier was corrected from null to its default, 1.0. 
[13Jul2025 17:00:51.746] [main/WARN] [net.minecraftforge.common.ForgeConfigSpec/CORE]: Incorrect key mobs.sculptor.combat_config.attack_multiplier was corrected from null to its default, 1.0. 
[13Jul2025 17:00:51.746] [main/WARN] [net.minecraftforge.common.ForgeConfigSpec/CORE]: Incorrect key mobs.sculptor.heals_out_of_battle was corrected from null to its default, true. 
[13Jul2025 17:00:51.746] [main/WARN] [net.minecraftforge.common.ForgeConfigSpec/CORE]: Incorrect key mobs.grottol was corrected from null to its default, SimpleCommentedConfig:{}. 
[13Jul2025 17:00:51.746] [main/WARN] [net.minecraftforge.common.ForgeConfigSpec/CORE]: Incorrect key mobs.grottol.biome_config was corrected from null to its default, SimpleCommentedConfig:{}. 
[13Jul2025 17:00:51.746] [main/WARN] [net.minecraftforge.common.ForgeConfigSpec/CORE]: Incorrect key mobs.grottol.biome_config.biome_tags was corrected from null to its default, [!forge:is_mushroom]. 
[13Jul2025 17:00:51.746] [main/WARN] [net.minecraftforge.common.ForgeConfigSpec/CORE]: Incorrect key mobs.grottol.biome_config.biome_whitelist was corrected from null to its default, []. 
[13Jul2025 17:00:51.746] [main/WARN] [net.minecraftforge.common.ForgeConfigSpec/CORE]: Incorrect key mobs.grottol.biome_config.biome_blacklist was corrected from null to its default, []. 
[13Jul2025 17:00:51.746] [main/WARN] [net.minecraftforge.common.ForgeConfigSpec/CORE]: Incorrect key mobs.grottol.spawn_config was corrected from null to its default, SimpleCommentedConfig:{}. 
[13Jul2025 17:00:51.746] [main/WARN] [net.minecraftforge.common.ForgeConfigSpec/CORE]: Incorrect key mobs.grottol.spawn_config.spawn_rate was corrected from null to its default, 2. 
[13Jul2025 17:00:51.747] [main/WARN] [net.minecraftforge.common.ForgeConfigSpec/CORE]: Incorrect key mobs.grottol.spawn_config.min_group_size was corrected from null to its default, 1. 
[13Jul2025 17:00:51.747] [main/WARN] [net.minecraftforge.common.ForgeConfigSpec/CORE]: Incorrect key mobs.grottol.spawn_config.max_group_size was corrected from null to its default, 1. 
[13Jul2025 17:00:51.747] [main/WARN] [net.minecraftforge.common.ForgeConfigSpec/CORE]: Incorrect key mobs.grottol.spawn_config.extra_rarity was corrected from null to its default, 1.0. 
[13Jul2025 17:00:51.747] [main/WARN] [net.minecraftforge.common.ForgeConfigSpec/CORE]: Incorrect key mobs.grottol.spawn_config.dimensions was corrected from null to its default, [minecraft:overworld]. 
[13Jul2025 17:00:51.747] [main/WARN] [net.minecraftforge.common.ForgeConfigSpec/CORE]: Incorrect key mobs.grottol.spawn_config.allowed_blocks was corrected from null to its default, []. 
[13Jul2025 17:00:51.747] [main/WARN] [net.minecraftforge.common.ForgeConfigSpec/CORE]: Incorrect key mobs.grottol.spawn_config.allowed_block_tags was corrected from null to its default, [minecraft:base_stone_overworld]. 
[13Jul2025 17:00:51.752] [main/WARN] [net.minecraftforge.common.ForgeConfigSpec/CORE]: Incorrect key mobs.grottol.spawn_config.height_max was corrected from null to its default, 16. 
[13Jul2025 17:00:51.752] [main/WARN] [net.minecraftforge.common.ForgeConfigSpec/CORE]: Incorrect key mobs.grottol.spawn_config.height_min was corrected from null to its default, -65. 
[13Jul2025 17:00:51.753] [main/WARN] [net.minecraftforge.common.ForgeConfigSpec/CORE]: Incorrect key mobs.grottol.spawn_config.needs_darkness was corrected from null to its default, true. 
[13Jul2025 17:00:51.753] [main/WARN] [net.minecraftforge.common.ForgeConfigSpec/CORE]: Incorrect key mobs.grottol.spawn_config.needs_see_sky was corrected from null to its default, false. 
[13Jul2025 17:00:51.754] [main/WARN] [net.minecraftforge.common.ForgeConfigSpec/CORE]: Incorrect key mobs.grottol.spawn_config.needs_cant_see_sky was corrected from null to its default, true. 
[13Jul2025 17:00:51.755] [main/WARN] [net.minecraftforge.common.ForgeConfigSpec/CORE]: Incorrect key mobs.grottol.spawn_config.avoid_structures was corrected from null to its default, []. 
[13Jul2025 17:00:51.755] [main/WARN] [net.minecraftforge.common.ForgeConfigSpec/CORE]: Incorrect key mobs.grottol.combat_config was corrected from null to its default, SimpleCommentedConfig:{}. 
[13Jul2025 17:00:51.756] [main/WARN] [net.minecraftforge.common.ForgeConfigSpec/CORE]: Incorrect key mobs.grottol.combat_config.health_multiplier was corrected from null to its default, 1.0. 
[13Jul2025 17:00:51.756] [main/WARN] [net.minecraftforge.common.ForgeConfigSpec/CORE]: Incorrect key mobs.grottol.combat_config.attack_multiplier was corrected from null to its default, 1.0. 
[13Jul2025 17:00:51.757] [main/WARN] [net.minecraftforge.common.ForgeConfigSpec/CORE]: Incorrect key mobs.lantern was corrected from null to its default, SimpleCommentedConfig:{}. 
[13Jul2025 17:00:51.757] [main/WARN] [net.minecraftforge.common.ForgeConfigSpec/CORE]: Incorrect key mobs.lantern.biome_config was corrected from null to its default, SimpleCommentedConfig:{}. 
[13Jul2025 17:00:51.757] [main/WARN] [net.minecraftforge.common.ForgeConfigSpec/CORE]: Incorrect key mobs.lantern.biome_config.biome_tags was corrected from null to its default, [minecraft:is_forest,mowziesmobs:is_magical,!forge:is_snowy]. 
[13Jul2025 17:00:51.757] [main/WARN] [net.minecraftforge.common.ForgeConfigSpec/CORE]: Incorrect key mobs.lantern.biome_config.biome_whitelist was corrected from null to its default, []. 
[13Jul2025 17:00:51.757] [main/WARN] [net.minecraftforge.common.ForgeConfigSpec/CORE]: Incorrect key mobs.lantern.biome_config.biome_blacklist was corrected from null to its default, []. 
[13Jul2025 17:00:51.757] [main/WARN] [net.minecraftforge.common.ForgeConfigSpec/CORE]: Incorrect key mobs.lantern.spawn_config was corrected from null to its default, SimpleCommentedConfig:{}. 
[13Jul2025 17:00:51.757] [main/WARN] [net.minecraftforge.common.ForgeConfigSpec/CORE]: Incorrect key mobs.lantern.spawn_config.spawn_rate was corrected from null to its default, 5. 
[13Jul2025 17:00:51.758] [main/WARN] [net.minecraftforge.common.ForgeConfigSpec/CORE]: Incorrect key mobs.lantern.spawn_config.min_group_size was corrected from null to its default, 2. 
[13Jul2025 17:00:51.758] [main/WARN] [net.minecraftforge.common.ForgeConfigSpec/CORE]: Incorrect key mobs.lantern.spawn_config.max_group_size was corrected from null to its default, 4. 
[13Jul2025 17:00:51.758] [main/WARN] [net.minecraftforge.common.ForgeConfigSpec/CORE]: Incorrect key mobs.lantern.spawn_config.extra_rarity was corrected from null to its default, 1.0. 
[13Jul2025 17:00:51.758] [main/WARN] [net.minecraftforge.common.ForgeConfigSpec/CORE]: Incorrect key mobs.lantern.spawn_config.dimensions was corrected from null to its default, [minecraft:overworld]. 
[13Jul2025 17:00:51.758] [main/WARN] [net.minecraftforge.common.ForgeConfigSpec/CORE]: Incorrect key mobs.lantern.spawn_config.allowed_blocks was corrected from null to its default, []. 
[13Jul2025 17:00:51.758] [main/WARN] [net.minecraftforge.common.ForgeConfigSpec/CORE]: Incorrect key mobs.lantern.spawn_config.allowed_block_tags was corrected from null to its default, [minecraft:valid_spawn, minecraft:leaves, minecraft:logs]. 
[13Jul2025 17:00:51.758] [main/WARN] [net.minecraftforge.common.ForgeConfigSpec/CORE]: Incorrect key mobs.lantern.spawn_config.height_max was corrected from null to its default, -65. 
[13Jul2025 17:00:51.758] [main/WARN] [net.minecraftforge.common.ForgeConfigSpec/CORE]: Incorrect key mobs.lantern.spawn_config.height_min was corrected from null to its default, 60. 
[13Jul2025 17:00:51.759] [main/WARN] [net.minecraftforge.common.ForgeConfigSpec/CORE]: Incorrect key mobs.lantern.spawn_config.needs_darkness was corrected from null to its default, true. 
[13Jul2025 17:00:51.759] [main/WARN] [net.minecraftforge.common.ForgeConfigSpec/CORE]: Incorrect key mobs.lantern.spawn_config.needs_see_sky was corrected from null to its default, false. 
[13Jul2025 17:00:51.759] [main/WARN] [net.minecraftforge.common.ForgeConfigSpec/CORE]: Incorrect key mobs.lantern.spawn_config.needs_cant_see_sky was corrected from null to its default, false. 
[13Jul2025 17:00:51.759] [main/WARN] [net.minecraftforge.common.ForgeConfigSpec/CORE]: Incorrect key mobs.lantern.spawn_config.avoid_structures was corrected from null to its default, []. 
[13Jul2025 17:00:51.759] [main/WARN] [net.minecraftforge.common.ForgeConfigSpec/CORE]: Incorrect key mobs.lantern.combat_config was corrected from null to its default, SimpleCommentedConfig:{}. 
[13Jul2025 17:00:51.759] [main/WARN] [net.minecraftforge.common.ForgeConfigSpec/CORE]: Incorrect key mobs.lantern.combat_config.health_multiplier was corrected from null to its default, 1.0. 
[13Jul2025 17:00:51.759] [main/WARN] [net.minecraftforge.common.ForgeConfigSpec/CORE]: Incorrect key mobs.lantern.combat_config.attack_multiplier was corrected from null to its default, 1.0. 
[13Jul2025 17:00:51.760] [main/WARN] [net.minecraftforge.common.ForgeConfigSpec/CORE]: Incorrect key mobs.umvuthana was corrected from null to its default, SimpleCommentedConfig:{}. 
[13Jul2025 17:00:51.760] [main/WARN] [net.minecraftforge.common.ForgeConfigSpec/CORE]: Incorrect key mobs.umvuthana.biome_config was corrected from null to its default, SimpleCommentedConfig:{}. 
[13Jul2025 17:00:51.760] [main/WARN] [net.minecraftforge.common.ForgeConfigSpec/CORE]: Incorrect key mobs.umvuthana.biome_config.biome_tags was corrected from null to its default, [minecraft:is_savanna]. 
[13Jul2025 17:00:51.760] [main/WARN] [net.minecraftforge.common.ForgeConfigSpec/CORE]: Incorrect key mobs.umvuthana.biome_config.biome_whitelist was corrected from null to its default, []. 
[13Jul2025 17:00:51.760] [main/WARN] [net.minecraftforge.common.ForgeConfigSpec/CORE]: Incorrect key mobs.umvuthana.biome_config.biome_blacklist was corrected from null to its default, []. 
[13Jul2025 17:00:51.761] [main/WARN] [net.minecraftforge.common.ForgeConfigSpec/CORE]: Incorrect key mobs.umvuthana.spawn_config was corrected from null to its default, SimpleCommentedConfig:{}. 
[13Jul2025 17:00:51.761] [main/WARN] [net.minecraftforge.common.ForgeConfigSpec/CORE]: Incorrect key mobs.umvuthana.spawn_config.spawn_rate was corrected from null to its default, 5. 
[13Jul2025 17:00:51.761] [main/WARN] [net.minecraftforge.common.ForgeConfigSpec/CORE]: Incorrect key mobs.umvuthana.spawn_config.min_group_size was corrected from null to its default, 1. 
[13Jul2025 17:00:51.761] [main/WARN] [net.minecraftforge.common.ForgeConfigSpec/CORE]: Incorrect key mobs.umvuthana.spawn_config.max_group_size was corrected from null to its default, 1. 
[13Jul2025 17:00:51.761] [main/WARN] [net.minecraftforge.common.ForgeConfigSpec/CORE]: Incorrect key mobs.umvuthana.spawn_config.extra_rarity was corrected from null to its default, 1.0. 
[13Jul2025 17:00:51.762] [main/WARN] [net.minecraftforge.common.ForgeConfigSpec/CORE]: Incorrect key mobs.umvuthana.spawn_config.dimensions was corrected from null to its default, [minecraft:overworld]. 
[13Jul2025 17:00:51.762] [main/WARN] [net.minecraftforge.common.ForgeConfigSpec/CORE]: Incorrect key mobs.umvuthana.spawn_config.allowed_blocks was corrected from null to its default, []. 
[13Jul2025 17:00:51.762] [main/WARN] [net.minecraftforge.common.ForgeConfigSpec/CORE]: Incorrect key mobs.umvuthana.spawn_config.allowed_block_tags was corrected from null to its default, [minecraft:valid_spawn, minecraft:sand]. 
[13Jul2025 17:00:51.762] [main/WARN] [net.minecraftforge.common.ForgeConfigSpec/CORE]: Incorrect key mobs.umvuthana.spawn_config.height_max was corrected from null to its default, -65. 
[13Jul2025 17:00:51.762] [main/WARN] [net.minecraftforge.common.ForgeConfigSpec/CORE]: Incorrect key mobs.umvuthana.spawn_config.height_min was corrected from null to its default, 60. 
[13Jul2025 17:00:51.763] [main/WARN] [net.minecraftforge.common.ForgeConfigSpec/CORE]: Incorrect key mobs.umvuthana.spawn_config.needs_darkness was corrected from null to its default, false. 
[13Jul2025 17:00:51.763] [main/WARN] [net.minecraftforge.common.ForgeConfigSpec/CORE]: Incorrect key mobs.umvuthana.spawn_config.needs_see_sky was corrected from null to its default, false. 
[13Jul2025 17:00:51.763] [main/WARN] [net.minecraftforge.common.ForgeConfigSpec/CORE]: Incorrect key mobs.umvuthana.spawn_config.needs_cant_see_sky was corrected from null to its default, false. 
[13Jul2025 17:00:51.763] [main/WARN] [net.minecraftforge.common.ForgeConfigSpec/CORE]: Incorrect key mobs.umvuthana.spawn_config.avoid_structures was corrected from null to its default, [minecraft:villages, minecraft:pillager_outposts, mowziesmobs:umvuthana_groves]. 
[13Jul2025 17:00:51.763] [main/WARN] [net.minecraftforge.common.ForgeConfigSpec/CORE]: Incorrect key mobs.umvuthana.combat_config was corrected from null to its default, SimpleCommentedConfig:{}. 
[13Jul2025 17:00:51.764] [main/WARN] [net.minecraftforge.common.ForgeConfigSpec/CORE]: Incorrect key mobs.umvuthana.combat_config.health_multiplier was corrected from null to its default, 1.0. 
[13Jul2025 17:00:51.764] [main/WARN] [net.minecraftforge.common.ForgeConfigSpec/CORE]: Incorrect key mobs.umvuthana.combat_config.attack_multiplier was corrected from null to its default, 1.0. 
[13Jul2025 17:00:51.764] [main/WARN] [net.minecraftforge.common.ForgeConfigSpec/CORE]: Incorrect key mobs.naga was corrected from null to its default, SimpleCommentedConfig:{}. 
[13Jul2025 17:00:51.764] [main/WARN] [net.minecraftforge.common.ForgeConfigSpec/CORE]: Incorrect key mobs.naga.biome_config was corrected from null to its default, SimpleCommentedConfig:{}. 
[13Jul2025 17:00:51.764] [main/WARN] [net.minecraftforge.common.ForgeConfigSpec/CORE]: Incorrect key mobs.naga.biome_config.biome_tags was corrected from null to its default, [minecraft:is_beach,minecraft:is_mountain, minecraft:is_beach,minecraft:is_hill]. 
[13Jul2025 17:00:51.765] [main/WARN] [net.minecraftforge.common.ForgeConfigSpec/CORE]: Incorrect key mobs.naga.biome_config.biome_whitelist was corrected from null to its default, [minecraft:stony_shore]. 
[13Jul2025 17:00:51.765] [main/WARN] [net.minecraftforge.common.ForgeConfigSpec/CORE]: Incorrect key mobs.naga.biome_config.biome_blacklist was corrected from null to its default, []. 
[13Jul2025 17:00:51.765] [main/WARN] [net.minecraftforge.common.ForgeConfigSpec/CORE]: Incorrect key mobs.naga.spawn_config was corrected from null to its default, SimpleCommentedConfig:{}. 
[13Jul2025 17:00:51.765] [main/WARN] [net.minecraftforge.common.ForgeConfigSpec/CORE]: Incorrect key mobs.naga.spawn_config.spawn_rate was corrected from null to its default, 15. 
[13Jul2025 17:00:51.765] [main/WARN] [net.minecraftforge.common.ForgeConfigSpec/CORE]: Incorrect key mobs.naga.spawn_config.min_group_size was corrected from null to its default, 2. 
[13Jul2025 17:00:51.765] [main/WARN] [net.minecraftforge.common.ForgeConfigSpec/CORE]: Incorrect key mobs.naga.spawn_config.max_group_size was corrected from null to its default, 4. 
[13Jul2025 17:00:51.766] [main/WARN] [net.minecraftforge.common.ForgeConfigSpec/CORE]: Incorrect key mobs.naga.spawn_config.extra_rarity was corrected from null to its default, 1.0. 
[13Jul2025 17:00:51.766] [main/WARN] [net.minecraftforge.common.ForgeConfigSpec/CORE]: Incorrect key mobs.naga.spawn_config.dimensions was corrected from null to its default, [minecraft:overworld]. 
[13Jul2025 17:00:51.766] [main/WARN] [net.minecraftforge.common.ForgeConfigSpec/CORE]: Incorrect key mobs.naga.spawn_config.allowed_blocks was corrected from null to its default, []. 
[13Jul2025 17:00:51.766] [main/WARN] [net.minecraftforge.common.ForgeConfigSpec/CORE]: Incorrect key mobs.naga.spawn_config.allowed_block_tags was corrected from null to its default, []. 
[13Jul2025 17:00:51.766] [main/WARN] [net.minecraftforge.common.ForgeConfigSpec/CORE]: Incorrect key mobs.naga.spawn_config.height_max was corrected from null to its default, -65. 
[13Jul2025 17:00:51.767] [main/WARN] [net.minecraftforge.common.ForgeConfigSpec/CORE]: Incorrect key mobs.naga.spawn_config.height_min was corrected from null to its default, 70. 
[13Jul2025 17:00:51.767] [main/WARN] [net.minecraftforge.common.ForgeConfigSpec/CORE]: Incorrect key mobs.naga.spawn_config.needs_darkness was corrected from null to its default, false. 
[13Jul2025 17:00:51.767] [main/WARN] [net.minecraftforge.common.ForgeConfigSpec/CORE]: Incorrect key mobs.naga.spawn_config.needs_see_sky was corrected from null to its default, true. 
[13Jul2025 17:00:51.767] [main/WARN] [net.minecraftforge.common.ForgeConfigSpec/CORE]: Incorrect key mobs.naga.spawn_config.needs_cant_see_sky was corrected from null to its default, false. 
[13Jul2025 17:00:51.767] [main/WARN] [net.minecraftforge.common.ForgeConfigSpec/CORE]: Incorrect key mobs.naga.spawn_config.avoid_structures was corrected from null to its default, [minecraft:villages, minecraft:pillager_outposts]. 
[13Jul2025 17:00:51.768] [main/WARN] [net.minecraftforge.common.ForgeConfigSpec/CORE]: Incorrect key mobs.naga.combat_config was corrected from null to its default, SimpleCommentedConfig:{}. 
[13Jul2025 17:00:51.768] [main/WARN] [net.minecraftforge.common.ForgeConfigSpec/CORE]: Incorrect key mobs.naga.combat_config.health_multiplier was corrected from null to its default, 1.0. 
[13Jul2025 17:00:51.768] [main/WARN] [net.minecraftforge.common.ForgeConfigSpec/CORE]: Incorrect key mobs.naga.combat_config.attack_multiplier was corrected from null to its default, 1.0. 
[13Jul2025 17:00:51.768] [main/WARN] [net.minecraftforge.common.ForgeConfigSpec/CORE]: Incorrect key mobs.foliaath was corrected from null to its default, SimpleCommentedConfig:{}. 
[13Jul2025 17:00:51.768] [main/WARN] [net.minecraftforge.common.ForgeConfigSpec/CORE]: Incorrect key mobs.foliaath.biome_config was corrected from null to its default, SimpleCommentedConfig:{}. 
[13Jul2025 17:00:51.768] [main/WARN] [net.minecraftforge.common.ForgeConfigSpec/CORE]: Incorrect key mobs.foliaath.biome_config.biome_tags was corrected from null to its default, [minecraft:is_jungle]. 
[13Jul2025 17:00:51.769] [main/WARN] [net.minecraftforge.common.ForgeConfigSpec/CORE]: Incorrect key mobs.foliaath.biome_config.biome_whitelist was corrected from null to its default, []. 
[13Jul2025 17:00:51.769] [main/WARN] [net.minecraftforge.common.ForgeConfigSpec/CORE]: Incorrect key mobs.foliaath.biome_config.biome_blacklist was corrected from null to its default, []. 
[13Jul2025 17:00:51.769] [main/WARN] [net.minecraftforge.common.ForgeConfigSpec/CORE]: Incorrect key mobs.foliaath.spawn_config was corrected from null to its default, SimpleCommentedConfig:{}. 
[13Jul2025 17:00:51.769] [main/WARN] [net.minecraftforge.common.ForgeConfigSpec/CORE]: Incorrect key mobs.foliaath.spawn_config.spawn_rate was corrected from null to its default, 70. 
[13Jul2025 17:00:51.769] [main/WARN] [net.minecraftforge.common.ForgeConfigSpec/CORE]: Incorrect key mobs.foliaath.spawn_config.min_group_size was corrected from null to its default, 1. 
[13Jul2025 17:00:51.769] [main/WARN] [net.minecraftforge.common.ForgeConfigSpec/CORE]: Incorrect key mobs.foliaath.spawn_config.max_group_size was corrected from null to its default, 4. 
[13Jul2025 17:00:51.770] [main/WARN] [net.minecraftforge.common.ForgeConfigSpec/CORE]: Incorrect key mobs.foliaath.spawn_config.extra_rarity was corrected from null to its default, 1.0. 
[13Jul2025 17:00:51.770] [main/WARN] [net.minecraftforge.common.ForgeConfigSpec/CORE]: Incorrect key mobs.foliaath.spawn_config.dimensions was corrected from null to its default, [minecraft:overworld]. 
[13Jul2025 17:00:51.770] [main/WARN] [net.minecraftforge.common.ForgeConfigSpec/CORE]: Incorrect key mobs.foliaath.spawn_config.allowed_blocks was corrected from null to its default, []. 
[13Jul2025 17:00:51.770] [main/WARN] [net.minecraftforge.common.ForgeConfigSpec/CORE]: Incorrect key mobs.foliaath.spawn_config.allowed_block_tags was corrected from null to its default, [minecraft:valid_spawn, minecraft:leaves, minecraft:logs]. 
[13Jul2025 17:00:51.770] [main/WARN] [net.minecraftforge.common.ForgeConfigSpec/CORE]: Incorrect key mobs.foliaath.spawn_config.height_max was corrected from null to its default, -65. 
[13Jul2025 17:00:51.771] [main/WARN] [net.minecraftforge.common.ForgeConfigSpec/CORE]: Incorrect key mobs.foliaath.spawn_config.height_min was corrected from null to its default, 60. 
[13Jul2025 17:00:51.771] [main/WARN] [net.minecraftforge.common.ForgeConfigSpec/CORE]: Incorrect key mobs.foliaath.spawn_config.needs_darkness was corrected from null to its default, true. 
[13Jul2025 17:00:51.771] [main/WARN] [net.minecraftforge.common.ForgeConfigSpec/CORE]: Incorrect key mobs.foliaath.spawn_config.needs_see_sky was corrected from null to its default, false. 
[13Jul2025 17:00:51.771] [main/WARN] [net.minecraftforge.common.ForgeConfigSpec/CORE]: Incorrect key mobs.foliaath.spawn_config.needs_cant_see_sky was corrected from null to its default, false. 
[13Jul2025 17:00:51.771] [main/WARN] [net.minecraftforge.common.ForgeConfigSpec/CORE]: Incorrect key mobs.foliaath.spawn_config.avoid_structures was corrected from null to its default, [minecraft:villages, minecraft:pillager_outposts]. 
[13Jul2025 17:00:51.772] [main/WARN] [net.minecraftforge.common.ForgeConfigSpec/CORE]: Incorrect key mobs.foliaath.combat_config was corrected from null to its default, SimpleCommentedConfig:{}. 
[13Jul2025 17:00:51.772] [main/WARN] [net.minecraftforge.common.ForgeConfigSpec/CORE]: Incorrect key mobs.foliaath.combat_config.health_multiplier was corrected from null to its default, 1.0. 
[13Jul2025 17:00:51.772] [main/WARN] [net.minecraftforge.common.ForgeConfigSpec/CORE]: Incorrect key mobs.foliaath.combat_config.attack_multiplier was corrected from null to its default, 1.0. 
[13Jul2025 17:00:51.790] [main/WARN] [net.minecraftforge.common.ForgeConfigSpec/CORE]: Configuration file /workspaces/server/servidor_minecraft/config/knightquest.toml is not correct. Correcting
[13Jul2025 17:00:51.791] [main/WARN] [net.minecraftforge.common.ForgeConfigSpec/CORE]: Incorrect key General Configuration was corrected from null to its default, SimpleCommentedConfig:{}. 
[13Jul2025 17:00:51.791] [main/WARN] [net.minecraftforge.common.ForgeConfigSpec/CORE]: Incorrect key General Configuration.Required armor pieces to apply a full-set bonus effect was corrected from null to its default, 4. 
[13Jul2025 17:00:51.791] [main/WARN] [net.minecraftforge.common.ForgeConfigSpec/CORE]: Incorrect key Weapon Configuration was corrected from null to its default, SimpleCommentedConfig:{}. 
[13Jul2025 17:00:51.791] [main/WARN] [net.minecraftforge.common.ForgeConfigSpec/CORE]: Incorrect key Weapon Configuration.Cooldown of the Cleaver weapon when using its active ability was corrected from null to its default, 1800. 
[13Jul2025 17:00:51.792] [main/WARN] [net.minecraftforge.common.ForgeConfigSpec/CORE]: Incorrect key Weapon Configuration.Cooldown of the Khopesh weapon when using its active ability was corrected from null to its default, 500. 
[13Jul2025 17:00:51.792] [main/WARN] [net.minecraftforge.common.ForgeConfigSpec/CORE]: Incorrect key Weapon Configuration.Cooldown of the Kukri weapon when using its active ability was corrected from null to its default, 300. 
[13Jul2025 17:00:51.792] [main/WARN] [net.minecraftforge.common.ForgeConfigSpec/CORE]: Incorrect key Weapon Configuration.Cooldown of the Nail weapon when using its active ability was corrected from null to its default, 100. 
[13Jul2025 17:00:51.792] [main/WARN] [net.minecraftforge.common.ForgeConfigSpec/CORE]: Incorrect key Weapon Configuration.Cooldown of the Paladin weapon when using its active ability was corrected from null to its default, 500. 
[13Jul2025 17:00:51.792] [main/WARN] [net.minecraftforge.common.ForgeConfigSpec/CORE]: Incorrect key Weapon Configuration.Cooldown of the Uchigatana weapon when using its active ability was corrected from null to its default, 400. 
[13Jul2025 17:00:51.792] [main/WARN] [net.minecraftforge.common.ForgeConfigSpec/CORE]: Incorrect key Weapon Configuration.Duration of the speed boost from the Kukri's active ability was corrected from null to its default, 120. 
[13Jul2025 17:00:51.793] [main/WARN] [net.minecraftforge.common.ForgeConfigSpec/CORE]: Incorrect key Weapon Configuration.Number of freeze ticks applied by the Kukri per hit was corrected from null to its default, 125. 
[13Jul2025 17:00:51.793] [main/WARN] [net.minecraftforge.common.ForgeConfigSpec/CORE]: Incorrect key Weapon Configuration.Duration of invulnerability from the Paladin's active ability was corrected from null to its default, 100. 
[13Jul2025 17:00:51.794] [main/WARN] [net.minecraftforge.common.ForgeConfigSpec/CORE]: Incorrect key Weapon Configuration.Dash power of the nail (this should stay low unless you wanna go to the moon) was corrected from null to its default, 1.5. 
[13Jul2025 17:00:51.794] [main/WARN] [net.minecraftforge.common.ForgeConfigSpec/CORE]: Incorrect key Weapon Configuration.Extra damage dealt by the Uchigatana when using its active ability was corrected from null to its default, 0.6. 
[13Jul2025 17:00:51.794] [main/WARN] [net.minecraftforge.common.ForgeConfigSpec/CORE]: Incorrect key Weapon Configuration.Extra damage dealt by the Uchigatana through its passive ability was corrected from null to its default, 0.2. 
[13Jul2025 17:00:51.795] [main/WARN] [net.minecraftforge.common.ForgeConfigSpec/CORE]: Incorrect key Weapon Configuration.Maximum health the opponent can have for the Uchigatana's passive ability to take effect was corrected from null to its default, 0.5. 
[13Jul2025 17:00:51.795] [main/WARN] [net.minecraftforge.common.ForgeConfigSpec/CORE]: Incorrect key Weapon Configuration.Duration of the Khopesh's active ability (reflection) was corrected from null to its default, 160. 
[13Jul2025 17:00:51.796] [main/WARN] [net.minecraftforge.common.ForgeConfigSpec/CORE]: Incorrect key Weapon Configuration.Chance to burn the opponent with the Khopesh's passive ability was corrected from null to its default, 0.15. 
[13Jul2025 17:00:51.796] [main/WARN] [net.minecraftforge.common.ForgeConfigSpec/CORE]: Incorrect key Weapon Configuration.Interval (in ticks) at which the Paladin's passive ability regenerates health was corrected from null to its default, 30. 
[13Jul2025 17:00:51.797] [main/WARN] [net.minecraftforge.common.ForgeConfigSpec/CORE]: Incorrect key Weapon Configuration.Maximum percentage of health that the Paladin's passive ability can regenerate was corrected from null to its default, 0.5. 
[13Jul2025 17:00:51.797] [main/WARN] [net.minecraftforge.common.ForgeConfigSpec/CORE]: Incorrect key Weapon Configuration.Amount of health restored by the Paladin's passive ability was corrected from null to its default, 1. 
[13Jul2025 17:00:51.797] [main/WARN] [net.minecraftforge.common.ForgeConfigSpec/CORE]: Incorrect key Weapon Configuration.Duration of the Cleaver's active ability was corrected from null to its default, 600. 
[13Jul2025 17:00:51.797] [main/WARN] [net.minecraftforge.common.ForgeConfigSpec/CORE]: Incorrect key Weapon Configuration.Extra damage dealt by the Cleaver through its passive ability was corrected from null to its default, 0.2. 
[13Jul2025 17:00:51.797] [main/WARN] [net.minecraftforge.common.ForgeConfigSpec/CORE]: Incorrect key Weapon Configuration.Minimum health the opponent must have for the Cleaver's passive ability to take effect was corrected from null to its default, 0.5. 
[13Jul2025 17:00:51.798] [main/WARN] [net.minecraftforge.common.ForgeConfigSpec/CORE]: Incorrect key Eld Knight Configuration was corrected from null to its default, SimpleCommentedConfig:{}. 
[13Jul2025 17:00:51.798] [main/WARN] [net.minecraftforge.common.ForgeConfigSpec/CORE]: Incorrect key Eld Knight Configuration.Should do the poison passive attack was corrected from null to its default, true. 
[13Jul2025 17:00:51.798] [main/WARN] [net.minecraftforge.common.ForgeConfigSpec/CORE]: Incorrect key Eld Knight Configuration.Number of Eld Bombs generated at half hp was corrected from null to its default, 3. 
[13Jul2025 17:00:51.799] [main/WARN] [net.minecraftforge.common.ForgeConfigSpec/CORE]: Incorrect key Eld Knight Configuration.Quantity of healing each 4 seconds was corrected from null to its default, 3.0. 
[13Jul2025 17:00:51.800] [main/WARN] [net.minecraftforge.common.ForgeConfigSpec/CORE]: Incorrect key Ghosty Configuration was corrected from null to its default, SimpleCommentedConfig:{}. 
[13Jul2025 17:00:51.800] [main/WARN] [net.minecraftforge.common.ForgeConfigSpec/CORE]: Incorrect key Ghosty Configuration.Ghosty invulnerability radius was corrected from null to its default, 7.0. 
[13Jul2025 17:00:51.801] [main/WARN] [net.minecraftforge.common.ForgeConfigSpec/CORE]: Incorrect key Gremlin Configuration was corrected from null to its default, SimpleCommentedConfig:{}. 
[13Jul2025 17:00:51.801] [main/WARN] [net.minecraftforge.common.ForgeConfigSpec/CORE]: Incorrect key Gremlin Configuration.Can take gold from a player was corrected from null to its default, true. 
[13Jul2025 17:00:51.801] [main/WARN] [net.minecraftforge.common.ForgeConfigSpec/CORE]: Incorrect key Gremlin Configuration.Second phase movement speed multipler was corrected from null to its default, 1.1. 
[13Jul2025 17:00:51.801] [main/WARN] [net.minecraftforge.common.ForgeConfigSpec/CORE]: Incorrect key Gremlin Configuration.Second phase attack speed multipler was corrected from null to its default, 1.15. 
[13Jul2025 17:00:51.801] [main/WARN] [net.minecraftforge.common.ForgeConfigSpec/CORE]: Incorrect key Gremlin Configuration.Second phase attack damage multipler was corrected from null to its default, 1.2. 
[13Jul2025 17:00:51.802] [main/WARN] [net.minecraftforge.common.ForgeConfigSpec/CORE]: Incorrect key Swampman Configuration was corrected from null to its default, SimpleCommentedConfig:{}. 
[13Jul2025 17:00:51.803] [main/WARN] [net.minecraftforge.common.ForgeConfigSpec/CORE]: Incorrect key Swampman Configuration.Amount of healing per second on second phase was corrected from null to its default, 0.0. 
[13Jul2025 17:00:51.803] [main/WARN] [net.minecraftforge.common.ForgeConfigSpec/CORE]: Incorrect key Swampman Configuration.Can change phase was corrected from null to its default, true. 
[13Jul2025 17:00:51.803] [main/WARN] [net.minecraftforge.common.ForgeConfigSpec/CORE]: Incorrect key Swampman Configuration.Should axe throwables apply poison effect was corrected from null to its default, false. 
[13Jul2025 17:00:51.806] [main/WARN] [net.minecraftforge.common.ForgeConfigSpec/CORE]: Incorrect key Netherman Configuration was corrected from null to its default, SimpleCommentedConfig:{}. 
[13Jul2025 17:00:51.806] [main/WARN] [net.minecraftforge.common.ForgeConfigSpec/CORE]: Incorrect key Netherman Configuration.How much health should the Netherman spawn with? was corrected from null to its default, 450.0. 
[13Jul2025 17:00:51.806] [main/WARN] [net.minecraftforge.common.ForgeConfigSpec/CORE]: Incorrect key Netherman Configuration.Amount of damage dealt per normal hit was corrected from null to its default, 16.0. 
[13Jul2025 17:00:51.806] [main/WARN] [net.minecraftforge.common.ForgeConfigSpec/CORE]: Incorrect key Netherman Configuration.Should the Netherman teleport when hit? was corrected from null to its default, true. 
[13Jul2025 17:00:51.806] [main/WARN] [net.minecraftforge.common.ForgeConfigSpec/CORE]: Incorrect key Netherman Configuration.Minimum time for fire attack (seconds) was corrected from null to its default, 3. 
[13Jul2025 17:00:51.806] [main/WARN] [net.minecraftforge.common.ForgeConfigSpec/CORE]: Incorrect key Netherman Configuration.Maximum time for fire attack (seconds) was corrected from null to its default, 7. 
[13Jul2025 17:00:51.807] [main/WARN] [net.minecraftforge.common.ForgeConfigSpec/CORE]: Incorrect key Netherman Configuration.Maximum number of Netherman clones that can spawn per attack was corrected from null to its default, 4. 
[13Jul2025 17:00:51.807] [main/WARN] [net.minecraftforge.common.ForgeConfigSpec/CORE]: Incorrect key Netherman Configuration.Freeze ticks applied by ice attack was corrected from null to its default, 300. 
[13Jul2025 17:00:51.807] [main/WARN] [net.minecraftforge.common.ForgeConfigSpec/CORE]: Incorrect key Netherman Configuration.Minimum time for darkness attack (seconds) was corrected from null to its default, 3. 
[13Jul2025 17:00:51.807] [main/WARN] [net.minecraftforge.common.ForgeConfigSpec/CORE]: Incorrect key Netherman Configuration.Maximum time for darkness attack (seconds) was corrected from null to its default, 7. 
[13Jul2025 17:00:51.807] [main/WARN] [net.minecraftforge.common.ForgeConfigSpec/CORE]: Incorrect key Netherman Configuration.Ticks of freeze applied by Netherman clone explosions was corrected from null to its default, 200. 
[13Jul2025 17:00:51.807] [main/WARN] [net.minecraftforge.common.ForgeConfigSpec/CORE]: Incorrect key Netherman Configuration.Explosion radius of Netherman projectiles was corrected from null to its default, 3.0. 
[13Jul2025 17:00:51.808] [main/WARN] [net.minecraftforge.common.ForgeConfigSpec/CORE]: Incorrect key Netherman Configuration.Should it restore blocks converted to lava back to their original state after dying? was corrected from null to its default, true. 
[13Jul2025 17:00:51.808] [main/WARN] [net.minecraftforge.common.ForgeConfigSpec/CORE]: Incorrect key Netherman Configuration.Amount of experience dropped upon death was corrected from null to its default, 500. 
[13Jul2025 17:00:51.811] [main/WARN] [net.minecraftforge.common.ForgeConfigSpec/CORE]: Incorrect key Drop Chance Configuration was corrected from null to its default, SimpleCommentedConfig:{}. 
[13Jul2025 17:00:51.811] [main/WARN] [net.minecraftforge.common.ForgeConfigSpec/CORE]: Incorrect key Drop Chance Configuration.Drop chance for ratman eye was corrected from null to its default, 0.4. 
[13Jul2025 17:00:51.811] [main/WARN] [net.minecraftforge.common.ForgeConfigSpec/CORE]: Incorrect key Drop Chance Configuration.Drop chance for lizzy scale was corrected from null to its default, 0.3. 
[13Jul2025 17:00:51.814] [main/WARN] [net.minecraftforge.common.ForgeConfigSpec/CORE]: Incorrect key Armor Set Passives Configuration was corrected from null to its default, SimpleCommentedConfig:{}. 
[13Jul2025 17:00:51.814] [main/WARN] [net.minecraftforge.common.ForgeConfigSpec/CORE]: Incorrect key Armor Set Passives Configuration.Should Bamboo Set push players? was corrected from null to its default, false. 
[13Jul2025 17:00:51.815] [main/WARN] [net.minecraftforge.common.ForgeConfigSpec/CORE]: Incorrect key Armor Set Passives Configuration.Teleport chance for Enderman Set was corrected from null to its default, 0.4. 
[13Jul2025 17:00:51.815] [main/WARN] [net.minecraftforge.common.ForgeConfigSpec/CORE]: Incorrect key Armor Set Passives Configuration.Teleport radius for Enderman Set was corrected from null to its default, 10. 
[13Jul2025 17:00:51.816] [main/WARN] [net.minecraftforge.common.ForgeConfigSpec/CORE]: Incorrect key Armor Set Passives Configuration.Chance for Forze Set to deflect was corrected from null to its default, 0.3. 
[13Jul2025 17:00:51.817] [main/WARN] [net.minecraftforge.common.ForgeConfigSpec/CORE]: Incorrect key Armor Set Passives Configuration.Damage multiplier for Forze Set deflection was corrected from null to its default, 0.5. 
[13Jul2025 17:00:51.818] [main/WARN] [net.minecraftforge.common.ForgeConfigSpec/CORE]: Incorrect key Armor Set Passives Configuration.Chance for Silver Set to burn was corrected from null to its default, 0.3. 
[13Jul2025 17:00:51.819] [main/WARN] [net.minecraftforge.common.ForgeConfigSpec/CORE]: Incorrect key Armor Set Passives Configuration.Healing multiplier per hit for Hollow Set (healing won't be higher than victim's health) was corrected from null to its default, 0.25. 
[13Jul2025 17:00:51.820] [main/WARN] [net.minecraftforge.common.ForgeConfigSpec/CORE]: Incorrect key Armor Set Passives Configuration.Damage multiplier for Dragon Set was corrected from null to its default, 1.15. 
[13Jul2025 17:00:51.821] [main/WARN] [net.minecraftforge.common.ForgeConfigSpec/CORE]: Incorrect key Armor Set Passives Configuration.Chance of applying Wither with Wither Set was corrected from null to its default, 0.3. 
[13Jul2025 17:00:51.822] [main/WARN] [net.minecraftforge.common.ForgeConfigSpec/CORE]: Incorrect key Armor Set Passives Configuration.Should Warlord Set effect apply to itself? was corrected from null to its default, false. 
[13Jul2025 17:00:51.822] [main/WARN] [net.minecraftforge.common.ForgeConfigSpec/CORE]: Incorrect key Armor Set Passives Configuration.Effect radius for Warlord Set was corrected from null to its default, 15. 
[13Jul2025 17:00:51.823] [main/WARN] [net.minecraftforge.common.ForgeConfigSpec/CORE]: Incorrect key Armor Set Passives Configuration.Healing amount for Zombie Set was corrected from null to its default, 1.0. 
[13Jul2025 17:00:51.823] [main/WARN] [net.minecraftforge.common.ForgeConfigSpec/CORE]: Incorrect key Armor Set Passives Configuration.Time in ticks for Zombie Set healing interval was corrected from null to its default, 120. 
[13Jul2025 17:00:51.824] [main/WARN] [net.minecraftforge.common.ForgeConfigSpec/CORE]: Incorrect key Armor Set Passives Configuration.Fall damage multiplier for Deepslate Set was corrected from null to its default, 0.2. 
[13Jul2025 17:00:51.825] [main/WARN] [net.minecraftforge.common.ForgeConfigSpec/CORE]: Incorrect key Armor Set Passives Configuration.Chance to apply Darkness for Evoker Set was corrected from null to its default, 0.25. 
[13Jul2025 17:00:51.826] [main/WARN] [net.minecraftforge.common.ForgeConfigSpec/CORE]: Incorrect key Armor Set Passives Configuration.Damage received multiplier for Squire Set was corrected from null to its default, 0.85. 
[13Jul2025 17:00:51.826] [main/WARN] [net.minecraftforge.common.ForgeConfigSpec/CORE]: Incorrect key Armor Set Passives Configuration.Chance to apply Fire for Blaze Set was corrected from null to its default, 0.4. 
[13Jul2025 17:00:51.827] [main/WARN] [net.minecraftforge.common.ForgeConfigSpec/CORE]: Incorrect key Armor Set Passives Configuration.Minimum seconds on fire for Blaze Set was corrected from null to its default, 2. 
[13Jul2025 17:00:51.828] [main/WARN] [net.minecraftforge.common.ForgeConfigSpec/CORE]: Incorrect key Armor Set Passives Configuration.Maximum seconds on fire for Blaze Set was corrected from null to its default, 8. 
[13Jul2025 17:00:51.828] [main/WARN] [net.minecraftforge.common.ForgeConfigSpec/CORE]: Incorrect key Armor Set Passives Configuration.Explosion damage multiplier for Creeper Set was corrected from null to its default, 0.1. 
[13Jul2025 17:00:51.829] [main/WARN] [net.minecraftforge.common.ForgeConfigSpec/CORE]: Incorrect key Armor Set Passives Configuration.Maximum height to apply effect for Silverfish Set was corrected from null to its default, 50. 
[13Jul2025 17:00:51.830] [main/WARN] [net.minecraftforge.common.ForgeConfigSpec/CORE]: Incorrect key Armor Set Passives Configuration.Maximum light level to grant effect for Skulk Set was corrected from null to its default, 4. 
[13Jul2025 17:00:51.833] [main/WARN] [net.minecraftforge.common.ForgeConfigSpec/CORE]: Incorrect key Armor Set Passives Enabler Configuration was corrected from null to its default, SimpleCommentedConfig:{}. 
[13Jul2025 17:00:51.833] [main/WARN] [net.minecraftforge.common.ForgeConfigSpec/CORE]: Incorrect key Armor Set Passives Enabler Configuration.Enable Deepslate Set Passive was corrected from null to its default, true. 
[13Jul2025 17:00:51.834] [main/WARN] [net.minecraftforge.common.ForgeConfigSpec/CORE]: Incorrect key Armor Set Passives Enabler Configuration.Enable Evoker Set Passive was corrected from null to its default, true. 
[13Jul2025 17:00:51.834] [main/WARN] [net.minecraftforge.common.ForgeConfigSpec/CORE]: Incorrect key Armor Set Passives Enabler Configuration.Enable Squire Set Passive was corrected from null to its default, true. 
[13Jul2025 17:00:51.834] [main/WARN] [net.minecraftforge.common.ForgeConfigSpec/CORE]: Incorrect key Armor Set Passives Enabler Configuration.Enable Blaze Set Passive was corrected from null to its default, true. 
[13Jul2025 17:00:51.835] [main/WARN] [net.minecraftforge.common.ForgeConfigSpec/CORE]: Incorrect key Armor Set Passives Enabler Configuration.Enable Dragon Set Passive was corrected from null to its default, true. 
[13Jul2025 17:00:51.835] [main/WARN] [net.minecraftforge.common.ForgeConfigSpec/CORE]: Incorrect key Armor Set Passives Enabler Configuration.Enable Bamboo Set Green Passive was corrected from null to its default, true. 
[13Jul2025 17:00:51.835] [main/WARN] [net.minecraftforge.common.ForgeConfigSpec/CORE]: Incorrect key Armor Set Passives Enabler Configuration.Enable Shinobi Set Passive was corrected from null to its default, true. 
[13Jul2025 17:00:51.836] [main/WARN] [net.minecraftforge.common.ForgeConfigSpec/CORE]: Incorrect key Armor Set Passives Enabler Configuration.Enable Bamboo Set Passive was corrected from null to its default, true. 
[13Jul2025 17:00:51.836] [main/WARN] [net.minecraftforge.common.ForgeConfigSpec/CORE]: Incorrect key Armor Set Passives Enabler Configuration.Enable Path Set Passive was corrected from null to its default, true. 
[13Jul2025 17:00:51.837] [main/WARN] [net.minecraftforge.common.ForgeConfigSpec/CORE]: Incorrect key Armor Set Passives Enabler Configuration.Enable Bow Set Passive was corrected from null to its default, true. 
[13Jul2025 17:00:51.837] [main/WARN] [net.minecraftforge.common.ForgeConfigSpec/CORE]: Incorrect key Armor Set Passives Enabler Configuration.Enable Bat Set Passive was corrected from null to its default, true. 
[13Jul2025 17:00:51.837] [main/WARN] [net.minecraftforge.common.ForgeConfigSpec/CORE]: Incorrect key Armor Set Passives Enabler Configuration.Enable Shield Set Passive was corrected from null to its default, true. 
[13Jul2025 17:00:51.838] [main/WARN] [net.minecraftforge.common.ForgeConfigSpec/CORE]: Incorrect key Armor Set Passives Enabler Configuration.Enable Phantom Set Passive was corrected from null to its default, true. 
[13Jul2025 17:00:51.838] [main/WARN] [net.minecraftforge.common.ForgeConfigSpec/CORE]: Incorrect key Armor Set Passives Enabler Configuration.Enable Horn Set Passive was corrected from null to its default, true. 
[13Jul2025 17:00:51.839] [main/WARN] [net.minecraftforge.common.ForgeConfigSpec/CORE]: Incorrect key Armor Set Passives Enabler Configuration.Enable Sea Set Passive was corrected from null to its default, true. 
[13Jul2025 17:00:51.839] [main/WARN] [net.minecraftforge.common.ForgeConfigSpec/CORE]: Incorrect key Armor Set Passives Enabler Configuration.Enable Pirate Set Passive was corrected from null to its default, true. 
[13Jul2025 17:00:51.840] [main/WARN] [net.minecraftforge.common.ForgeConfigSpec/CORE]: Incorrect key Armor Set Passives Enabler Configuration.Enable Spider Set Passive was corrected from null to its default, true. 
[13Jul2025 17:00:51.840] [main/WARN] [net.minecraftforge.common.ForgeConfigSpec/CORE]: Incorrect key Armor Set Passives Enabler Configuration.Enable Nether Set Passive was corrected from null to its default, true. 
[13Jul2025 17:00:51.840] [main/WARN] [net.minecraftforge.common.ForgeConfigSpec/CORE]: Incorrect key Armor Set Passives Enabler Configuration.Enable Skulk Passive was corrected from null to its default, true. 
[13Jul2025 17:00:51.841] [main/WARN] [net.minecraftforge.common.ForgeConfigSpec/CORE]: Incorrect key Armor Set Passives Enabler Configuration.Enable Straw Hat Set Passive was corrected from null to its default, true. 
[13Jul2025 17:00:51.841] [main/WARN] [net.minecraftforge.common.ForgeConfigSpec/CORE]: Incorrect key Armor Set Passives Enabler Configuration.Enable Enderman Set Passive was corrected from null to its default, true. 
[13Jul2025 17:00:51.841] [main/WARN] [net.minecraftforge.common.ForgeConfigSpec/CORE]: Incorrect key Armor Set Passives Enabler Configuration.Enable Veteran Set Passive was corrected from null to its default, true. 
[13Jul2025 17:00:51.841] [main/WARN] [net.minecraftforge.common.ForgeConfigSpec/CORE]: Incorrect key Armor Set Passives Enabler Configuration.Enable Forze Set Passive was corrected from null to its default, true. 
[13Jul2025 17:00:51.842] [main/WARN] [net.minecraftforge.common.ForgeConfigSpec/CORE]: Incorrect key Armor Set Passives Enabler Configuration.Enable Creeper Set Passive was corrected from null to its default, true. 
[13Jul2025 17:00:51.842] [main/WARN] [net.minecraftforge.common.ForgeConfigSpec/CORE]: Incorrect key Armor Set Passives Enabler Configuration.Enable Polar Passive was corrected from null to its default, true. 
[13Jul2025 17:00:51.842] [main/WARN] [net.minecraftforge.common.ForgeConfigSpec/CORE]: Incorrect key Armor Set Passives Enabler Configuration.Enable Silver Set Passive was corrected from null to its default, true. 
[13Jul2025 17:00:51.842] [main/WARN] [net.minecraftforge.common.ForgeConfigSpec/CORE]: Incorrect key Armor Set Passives Enabler Configuration.Enable Hollow Set Passive was corrected from null to its default, true. 
[13Jul2025 17:00:51.842] [main/WARN] [net.minecraftforge.common.ForgeConfigSpec/CORE]: Incorrect key Armor Set Passives Enabler Configuration.Enable Wither Set Passive was corrected from null to its default, true. 
[13Jul2025 17:00:51.843] [main/WARN] [net.minecraftforge.common.ForgeConfigSpec/CORE]: Incorrect key Armor Set Passives Enabler Configuration.Enable Apple Set Passive was corrected from null to its default, true. 
[13Jul2025 17:00:51.843] [main/WARN] [net.minecraftforge.common.ForgeConfigSpec/CORE]: Incorrect key Armor Set Passives Enabler Configuration.Enable Conquistador Set Passive was corrected from null to its default, true. 
[13Jul2025 17:00:51.843] [main/WARN] [net.minecraftforge.common.ForgeConfigSpec/CORE]: Incorrect key Armor Set Passives Enabler Configuration.Enable Witch Passive was corrected from null to its default, true. 
[13Jul2025 17:00:51.843] [main/WARN] [net.minecraftforge.common.ForgeConfigSpec/CORE]: Incorrect key Armor Set Passives Enabler Configuration.Enable Tengu Helmet Passive was corrected from null to its default, true. 
[13Jul2025 17:00:51.843] [main/WARN] [net.minecraftforge.common.ForgeConfigSpec/CORE]: Incorrect key Armor Set Passives Enabler Configuration.Enable Husk Set Passive was corrected from null to its default, true. 
[13Jul2025 17:00:51.843] [main/WARN] [net.minecraftforge.common.ForgeConfigSpec/CORE]: Incorrect key Armor Set Passives Enabler Configuration.Enable Bamboo Set Blue Passive was corrected from null to its default, true. 
[13Jul2025 17:00:51.843] [main/WARN] [net.minecraftforge.common.ForgeConfigSpec/CORE]: Incorrect key Armor Set Passives Enabler Configuration.Enable Warlord Set Passive was corrected from null to its default, true. 
[13Jul2025 17:00:51.843] [main/WARN] [net.minecraftforge.common.ForgeConfigSpec/CORE]: Incorrect key Armor Set Passives Enabler Configuration.Enable Zombie Set Passive was corrected from null to its default, true. 
[13Jul2025 17:00:51.843] [main/WARN] [net.minecraftforge.common.ForgeConfigSpec/CORE]: Incorrect key Armor Set Passives Enabler Configuration.Enable Silverfish Set Passive was corrected from null to its default, true. 
[13Jul2025 17:00:51.843] [main/WARN] [net.minecraftforge.common.ForgeConfigSpec/CORE]: Incorrect key Armor Set Passives Enabler Configuration.Enable Skeleton Set Passive was corrected from null to its default, true. 
[13Jul2025 17:00:51.844] [main/WARN] [net.minecraftforge.common.ForgeConfigSpec/CORE]: Incorrect key Weapon Enabler Configuration was corrected from null to its default, SimpleCommentedConfig:{}. 
[13Jul2025 17:00:51.846] [main/WARN] [net.minecraftforge.common.ForgeConfigSpec/CORE]: Incorrect key Weapon Enabler Configuration.Enable Cleaver weapon abilities was corrected from null to its default, true. 
[13Jul2025 17:00:51.846] [main/WARN] [net.minecraftforge.common.ForgeConfigSpec/CORE]: Incorrect key Weapon Enabler Configuration.Enable Khopesh weapon abilities was corrected from null to its default, true. 
[13Jul2025 17:00:51.846] [main/WARN] [net.minecraftforge.common.ForgeConfigSpec/CORE]: Incorrect key Weapon Enabler Configuration.Enable Kukri weapon abilities was corrected from null to its default, true. 
[13Jul2025 17:00:51.846] [main/WARN] [net.minecraftforge.common.ForgeConfigSpec/CORE]: Incorrect key Weapon Enabler Configuration.Enable Nail weapon abilities was corrected from null to its default, true. 
[13Jul2025 17:00:51.847] [main/WARN] [net.minecraftforge.common.ForgeConfigSpec/CORE]: Incorrect key Weapon Enabler Configuration.Enable Paladin weapon abilities was corrected from null to its default, true. 
[13Jul2025 17:00:51.847] [main/WARN] [net.minecraftforge.common.ForgeConfigSpec/CORE]: Incorrect key Weapon Enabler Configuration.Enable Uchigatana weapon abilities was corrected from null to its default, true. 
[13Jul2025 17:00:51.863] [main/WARN] [net.minecraftforge.common.ForgeConfigSpec/CORE]: Configuration file /workspaces/server/servidor_minecraft/config/eeeabsmobs-common.toml is not correct. Correcting
[13Jul2025 17:00:51.863] [main/WARN] [net.minecraftforge.common.ForgeConfigSpec/CORE]: Incorrect key Items was corrected from null to its default, SimpleCommentedConfig:{}. 
[13Jul2025 17:00:51.863] [main/WARN] [net.minecraftforge.common.ForgeConfigSpec/CORE]: Incorrect key Items.Summoning Soul Necklace was corrected from null to its default, SimpleCommentedConfig:{}. 
[13Jul2025 17:00:51.866] [main/WARN] [net.minecraftforge.common.ForgeConfigSpec/CORE]: Incorrect key Items.Summoning Soul Necklace.Set maximum cumulative damage taken was corrected from null to its default, 50.0. 
[13Jul2025 17:00:51.866] [main/WARN] [net.minecraftforge.common.ForgeConfigSpec/CORE]: Incorrect key Items.Summoning Soul Necklace.Set item cool down time was corrected from null to its default, 20.0. 
[13Jul2025 17:00:51.867] [main/WARN] [net.minecraftforge.common.ForgeConfigSpec/CORE]: Incorrect key Items.Howitzer was corrected from null to its default, SimpleCommentedConfig:{}. 
[13Jul2025 17:00:51.867] [main/WARN] [net.minecraftforge.common.ForgeConfigSpec/CORE]: Incorrect key Items.Howitzer.Set explosion damage cap was corrected from null to its default, 10.0. 
[13Jul2025 17:00:51.867] [main/WARN] [net.minecraftforge.common.ForgeConfigSpec/CORE]: Incorrect key Items.Howitzer.Set explosion radius was corrected from null to its default, 2.5. 
[13Jul2025 17:00:51.867] [main/WARN] [net.minecraftforge.common.ForgeConfigSpec/CORE]: Incorrect key Items.Howitzer.Set item cool down time was corrected from null to its default, 2.0. 
[13Jul2025 17:00:51.867] [main/WARN] [net.minecraftforge.common.ForgeConfigSpec/CORE]: Incorrect key Items.Howitzer.Attack damage was corrected from null to its default, 8.0. 
[13Jul2025 17:00:51.867] [main/WARN] [net.minecraftforge.common.ForgeConfigSpec/CORE]: Incorrect key Items.Howitzer.Attack speed was corrected from null to its default, 1.6. 
[13Jul2025 17:00:51.868] [main/WARN] [net.minecraftforge.common.ForgeConfigSpec/CORE]: Incorrect key Items.Guardian Battleaxe was corrected from null to its default, SimpleCommentedConfig:{}. 
[13Jul2025 17:00:51.868] [main/WARN] [net.minecraftforge.common.ForgeConfigSpec/CORE]: Incorrect key Items.Guardian Battleaxe.Set sweep attack level was corrected from null to its default, 1. 
[13Jul2025 17:00:51.868] [main/WARN] [net.minecraftforge.common.ForgeConfigSpec/CORE]: Incorrect key Items.Guardian Battleaxe.Set item cool down time was corrected from null to its default, 5.0. 
[13Jul2025 17:00:51.868] [main/WARN] [net.minecraftforge.common.ForgeConfigSpec/CORE]: Incorrect key Items.Guardian Battleaxe.Attack damage was corrected from null to its default, 15.0. 
[13Jul2025 17:00:51.868] [main/WARN] [net.minecraftforge.common.ForgeConfigSpec/CORE]: Incorrect key Items.Guardian Battleaxe.Attack speed was corrected from null to its default, 0.9. 
[13Jul2025 17:00:51.871] [main/WARN] [net.minecraftforge.common.ForgeConfigSpec/CORE]: Incorrect key Items.Immortal Staff was corrected from null to its default, SimpleCommentedConfig:{}. 
[13Jul2025 17:00:51.871] [main/WARN] [net.minecraftforge.common.ForgeConfigSpec/CORE]: Incorrect key Items.Immortal Staff.Set item cool down time was corrected from null to its default, 1.5. 
[13Jul2025 17:00:51.872] [main/WARN] [net.minecraftforge.common.ForgeConfigSpec/CORE]: Incorrect key Items.Ghost Warrior Series was corrected from null to its default, SimpleCommentedConfig:{}. 
[13Jul2025 17:00:51.872] [main/WARN] [net.minecraftforge.common.ForgeConfigSpec/CORE]: Incorrect key Items.Ghost Warrior Series.Enable armor or weapon can be depleted was corrected from null to its default, false. 
[13Jul2025 17:00:51.872] [main/WARN] [net.minecraftforge.common.ForgeConfigSpec/CORE]: Incorrect key Items.Ghost Warrior Series.Attack damage was corrected from null to its default, 14.0. 
[13Jul2025 17:00:51.872] [main/WARN] [net.minecraftforge.common.ForgeConfigSpec/CORE]: Incorrect key Items.Ghost Warrior Series.Attack speed was corrected from null to its default, 1.4. 
[13Jul2025 17:00:51.872] [main/WARN] [net.minecraftforge.common.ForgeConfigSpec/CORE]: Incorrect key Items.Eye Of Structure was corrected from null to its default, SimpleCommentedConfig:{}. 
[13Jul2025 17:00:51.872] [main/WARN] [net.minecraftforge.common.ForgeConfigSpec/CORE]: Incorrect key Items.Eye Of Structure.Consume Item On Release was corrected from null to its default, false. 
[13Jul2025 17:00:51.872] [main/WARN] [net.minecraftforge.common.ForgeConfigSpec/CORE]: Incorrect key Items.Eye Of Structure.Set item cool down time was corrected from null to its default, 4.0. 
[13Jul2025 17:00:51.873] [main/WARN] [net.minecraftforge.common.ForgeConfigSpec/CORE]: Incorrect key Entities was corrected from null to its default, SimpleCommentedConfig:{}. 
[13Jul2025 17:00:51.873] [main/WARN] [net.minecraftforge.common.ForgeConfigSpec/CORE]: Incorrect key Entities.Guardian Laser was corrected from null to its default, SimpleCommentedConfig:{}. 
[13Jul2025 17:00:51.875] [main/WARN] [net.minecraftforge.common.ForgeConfigSpec/CORE]: Incorrect key Entities.Guardian Laser.Enable scorch generate was corrected from null to its default, true. 
[13Jul2025 17:00:51.875] [main/WARN] [net.minecraftforge.common.ForgeConfigSpec/CORE]: Incorrect key Entities.Guardian Laser.Set attack radius was corrected from null to its default, 16.0. 
[13Jul2025 17:00:51.875] [main/WARN] [net.minecraftforge.common.ForgeConfigSpec/CORE]: Incorrect key Entities.Guardian Laser.Enable destroy block was corrected from null to its default, true. 
[13Jul2025 17:00:51.876] [main/WARN] [net.minecraftforge.common.ForgeConfigSpec/CORE]: Incorrect key Entities.Guardian Laser.Set laser max hardness was corrected from null to its default, 1.0. 
[13Jul2025 17:00:51.876] [main/WARN] [net.minecraftforge.common.ForgeConfigSpec/CORE]: Incorrect key Entities.Falling Block was corrected from null to its default, SimpleCommentedConfig:{}. 
[13Jul2025 17:00:51.878] [main/WARN] [net.minecraftforge.common.ForgeConfigSpec/CORE]: Incorrect key Entities.Falling Block.Enable falling block spawn was corrected from null to its default, true. 
[13Jul2025 17:00:51.878] [main/WARN] [net.minecraftforge.common.ForgeConfigSpec/CORE]: Incorrect key Entities.Falling Block.Enable falling block render was corrected from null to its default, true. 
[13Jul2025 17:00:51.879] [main/WARN] [net.minecraftforge.common.ForgeConfigSpec/CORE]: Incorrect key Entities.Falling Block.Set below check range was corrected from null to its default, 3. 
[13Jul2025 17:00:51.879] [main/WARN] [net.minecraftforge.common.ForgeConfigSpec/CORE]: Incorrect key Entities.Tester was corrected from null to its default, SimpleCommentedConfig:{}. 
[13Jul2025 17:00:51.879] [main/WARN] [net.minecraftforge.common.ForgeConfigSpec/CORE]: Incorrect key Entities.Tester.Set max health was corrected from null to its default, 20.0. 
[13Jul2025 17:00:51.879] [main/WARN] [net.minecraftforge.common.ForgeConfigSpec/CORE]: Incorrect key Entities.Tester.Enable immune to environmental or status damage was corrected from null to its default, true. 
[13Jul2025 17:00:51.879] [main/WARN] [net.minecraftforge.common.ForgeConfigSpec/CORE]: Incorrect key Mobs was corrected from null to its default, SimpleCommentedConfig:{}. 
[13Jul2025 17:00:51.880] [main/WARN] [net.minecraftforge.common.ForgeConfigSpec/CORE]: Incorrect key Mobs.Immortal Mobs was corrected from null to its default, SimpleCommentedConfig:{}. 
[13Jul2025 17:00:51.880] [main/WARN] [net.minecraftforge.common.ForgeConfigSpec/CORE]: Incorrect key Mobs.Immortal Mobs.Immortal Skeleton was corrected from null to its default, SimpleCommentedConfig:{}. 
[13Jul2025 17:00:51.880] [main/WARN] [net.minecraftforge.common.ForgeConfigSpec/CORE]: Incorrect key Mobs.Immortal Mobs.Immortal Skeleton.Health multiplier was corrected from null to its default, 1.0. 
[13Jul2025 17:00:51.880] [main/WARN] [net.minecraftforge.common.ForgeConfigSpec/CORE]: Incorrect key Mobs.Immortal Mobs.Immortal Skeleton.Attack multiplier was corrected from null to its default, 1.0. 
[13Jul2025 17:00:51.880] [main/WARN] [net.minecraftforge.common.ForgeConfigSpec/CORE]: Incorrect key Mobs.Immortal Mobs.Immortal Knight was corrected from null to its default, SimpleCommentedConfig:{}. 
[13Jul2025 17:00:51.880] [main/WARN] [net.minecraftforge.common.ForgeConfigSpec/CORE]: Incorrect key Mobs.Immortal Mobs.Immortal Knight.Health multiplier was corrected from null to its default, 1.0. 
[13Jul2025 17:00:51.880] [main/WARN] [net.minecraftforge.common.ForgeConfigSpec/CORE]: Incorrect key Mobs.Immortal Mobs.Immortal Knight.Attack multiplier was corrected from null to its default, 1.0. 
[13Jul2025 17:00:51.881] [main/WARN] [net.minecraftforge.common.ForgeConfigSpec/CORE]: Incorrect key Mobs.Immortal Mobs.Immortal Shaman was corrected from null to its default, SimpleCommentedConfig:{}. 
[13Jul2025 17:00:51.881] [main/WARN] [net.minecraftforge.common.ForgeConfigSpec/CORE]: Incorrect key Mobs.Immortal Mobs.Immortal Shaman.Heal percentage was corrected from null to its default, 0.5. 
[13Jul2025 17:00:51.883] [main/WARN] [net.minecraftforge.common.ForgeConfigSpec/CORE]: Incorrect key Mobs.Immortal Mobs.Immortal Shaman.Health multiplier was corrected from null to its default, 1.0. 
[13Jul2025 17:00:51.883] [main/WARN] [net.minecraftforge.common.ForgeConfigSpec/CORE]: Incorrect key Mobs.Immortal Mobs.Immortal Shaman.Attack multiplier was corrected from null to its default, 1.0. 
[13Jul2025 17:00:51.884] [main/WARN] [net.minecraftforge.common.ForgeConfigSpec/CORE]: Incorrect key Mobs.Immortal Mobs.Immortal Golem was corrected from null to its default, SimpleCommentedConfig:{}. 
[13Jul2025 17:00:51.884] [main/WARN] [net.minecraftforge.common.ForgeConfigSpec/CORE]: Incorrect key Mobs.Immortal Mobs.Immortal Golem.Health multiplier was corrected from null to its default, 1.0. 
[13Jul2025 17:00:51.884] [main/WARN] [net.minecraftforge.common.ForgeConfigSpec/CORE]: Incorrect key Mobs.Immortal Mobs.Immortal Golem.Attack multiplier was corrected from null to its default, 1.0. 
[13Jul2025 17:00:51.884] [main/WARN] [net.minecraftforge.common.ForgeConfigSpec/CORE]: Incorrect key Mobs.Immortal Mobs.Immortal Executioner was corrected from null to its default, SimpleCommentedConfig:{}. 
[13Jul2025 17:00:51.884] [main/WARN] [net.minecraftforge.common.ForgeConfigSpec/CORE]: Incorrect key Mobs.Immortal Mobs.Immortal Executioner.Health multiplier was corrected from null to its default, 1.0. 
[13Jul2025 17:00:51.884] [main/WARN] [net.minecraftforge.common.ForgeConfigSpec/CORE]: Incorrect key Mobs.Immortal Mobs.Immortal Executioner.Attack multiplier was corrected from null to its default, 1.0. 
[13Jul2025 17:00:51.884] [main/WARN] [net.minecraftforge.common.ForgeConfigSpec/CORE]: Incorrect key Mobs.Immortal Mobs.Immortal Executioner.Ignite Count was corrected from null to its default, 3. 
[13Jul2025 17:00:51.885] [main/WARN] [net.minecraftforge.common.ForgeConfigSpec/CORE]: Incorrect key Mobs.Immortal Mobs.Immortal was corrected from null to its default, SimpleCommentedConfig:{}. 
[13Jul2025 17:00:51.885] [main/WARN] [net.minecraftforge.common.ForgeConfigSpec/CORE]: Incorrect key Mobs.Immortal Mobs.Immortal.Frame Damage Protection was corrected from null to its default, true. 
[13Jul2025 17:00:51.885] [main/WARN] [net.minecraftforge.common.ForgeConfigSpec/CORE]: Incorrect key Mobs.Immortal Mobs.Immortal.Set projectile damage range was corrected from null to its default, 15.0. 
[13Jul2025 17:00:51.886] [main/WARN] [net.minecraftforge.common.ForgeConfigSpec/CORE]: Incorrect key Mobs.Immortal Mobs.Immortal.Health multiplier was corrected from null to its default, 1.0. 
[13Jul2025 17:00:51.886] [main/WARN] [net.minecraftforge.common.ForgeConfigSpec/CORE]: Incorrect key Mobs.Immortal Mobs.Immortal.Attack multiplier was corrected from null to its default, 1.0. 
[13Jul2025 17:00:51.886] [main/WARN] [net.minecraftforge.common.ForgeConfigSpec/CORE]: Incorrect key Mobs.Immortal Mobs.Immortal.DamageCap was corrected from null to its default, 25.0. 
[13Jul2025 17:00:51.886] [main/WARN] [net.minecraftforge.common.ForgeConfigSpec/CORE]: Incorrect key Mobs.Immortal Mobs.Immortal.Damage Adapt was corrected from null to its default, SimpleCommentedConfig:{}. 
[13Jul2025 17:00:51.886] [main/WARN] [net.minecraftforge.common.ForgeConfigSpec/CORE]: Incorrect key Mobs.Immortal Mobs.Immortal.Damage Adapt.Max supported damage types amount was corrected from null to its default, 100. 
[13Jul2025 17:00:51.886] [main/WARN] [net.minecraftforge.common.ForgeConfigSpec/CORE]: Incorrect key Mobs.Immortal Mobs.Immortal.Damage Adapt.Adaptation duration was corrected from null to its default, 30. 
[13Jul2025 17:00:51.886] [main/WARN] [net.minecraftforge.common.ForgeConfigSpec/CORE]: Incorrect key Mobs.Immortal Mobs.Immortal.Damage Adapt.Single hurt post adaptation value was corrected from null to its default, 0.1. 
[13Jul2025 17:00:51.889] [main/WARN] [net.minecraftforge.common.ForgeConfigSpec/CORE]: Incorrect key Mobs.Immortal Mobs.Immortal.Damage Adapt.Same damage max adaptation factor was corrected from null to its default, 0.7. 
[13Jul2025 17:00:51.889] [main/WARN] [net.minecraftforge.common.ForgeConfigSpec/CORE]: Incorrect key Mobs.Immortal Mobs.Immortal.Damage Adapt.Adaptation bypasses damage source was corrected from null to its default, true. 
[13Jul2025 17:00:51.890] [main/WARN] [net.minecraftforge.common.ForgeConfigSpec/CORE]: Incorrect key Mobs.Corpse Mobs was corrected from null to its default, SimpleCommentedConfig:{}. 
[13Jul2025 17:00:51.890] [main/WARN] [net.minecraftforge.common.ForgeConfigSpec/CORE]: Incorrect key Mobs.Corpse Mobs.Corpse & Corpse Villager was corrected from null to its default, SimpleCommentedConfig:{}. 
[13Jul2025 17:00:51.890] [main/WARN] [net.minecraftforge.common.ForgeConfigSpec/CORE]: Incorrect key Mobs.Corpse Mobs.Corpse & Corpse Villager.Health multiplier was corrected from null to its default, 1.0. 
[13Jul2025 17:00:51.890] [main/WARN] [net.minecraftforge.common.ForgeConfigSpec/CORE]: Incorrect key Mobs.Corpse Mobs.Corpse & Corpse Villager.Attack multiplier was corrected from null to its default, 1.0. 
[13Jul2025 17:00:51.890] [main/WARN] [net.minecraftforge.common.ForgeConfigSpec/CORE]: Incorrect key Mobs.Corpse Mobs.Corpse & Corpse Villager.Converted to corpse was corrected from null to its default, true. 
[13Jul2025 17:00:51.890] [main/WARN] [net.minecraftforge.common.ForgeConfigSpec/CORE]: Incorrect key Mobs.Corpse Mobs.Corpse Warlock was corrected from null to its default, SimpleCommentedConfig:{}. 
[13Jul2025 17:00:51.890] [main/WARN] [net.minecraftforge.common.ForgeConfigSpec/CORE]: Incorrect key Mobs.Corpse Mobs.Corpse Warlock.Set projectile damage range was corrected from null to its default, 12.0. 
[13Jul2025 17:00:51.890] [main/WARN] [net.minecraftforge.common.ForgeConfigSpec/CORE]: Incorrect key Mobs.Corpse Mobs.Corpse Warlock.Health multiplier was corrected from null to its default, 1.0. 
[13Jul2025 17:00:51.891] [main/WARN] [net.minecraftforge.common.ForgeConfigSpec/CORE]: Incorrect key Mobs.Corpse Mobs.Corpse Warlock.Attack multiplier was corrected from null to its default, 1.0. 
[13Jul2025 17:00:51.891] [main/WARN] [net.minecraftforge.common.ForgeConfigSpec/CORE]: Incorrect key Mobs.Corpse Mobs.Corpse Warlock.DamageCap was corrected from null to its default, 22.0. 
[13Jul2025 17:00:51.891] [main/WARN] [net.minecraftforge.common.ForgeConfigSpec/CORE]: Incorrect key Mobs.Guling Mobs was corrected from null to its default, SimpleCommentedConfig:{}. 
[13Jul2025 17:00:51.891] [main/WARN] [net.minecraftforge.common.ForgeConfigSpec/CORE]: Incorrect key Mobs.Guling Mobs.Guling Sentinel was corrected from null to its default, SimpleCommentedConfig:{}. 
[13Jul2025 17:00:51.891] [main/WARN] [net.minecraftforge.common.ForgeConfigSpec/CORE]: Incorrect key Mobs.Guling Mobs.Guling Sentinel.Enable out-of-combat healing was corrected from null to its default, true. 
[13Jul2025 17:00:51.891] [main/WARN] [net.minecraftforge.common.ForgeConfigSpec/CORE]: Incorrect key Mobs.Guling Mobs.Guling Sentinel.Health multiplier was corrected from null to its default, 1.0. 
[13Jul2025 17:00:51.891] [main/WARN] [net.minecraftforge.common.ForgeConfigSpec/CORE]: Incorrect key Mobs.Guling Mobs.Guling Sentinel.Attack multiplier was corrected from null to its default, 1.0. 
[13Jul2025 17:00:51.892] [main/WARN] [net.minecraftforge.common.ForgeConfigSpec/CORE]: Incorrect key Mobs.Guling Mobs.Guling Sentinel-Heavy was corrected from null to its default, SimpleCommentedConfig:{}. 
[13Jul2025 17:00:51.892] [main/WARN] [net.minecraftforge.common.ForgeConfigSpec/CORE]: Incorrect key Mobs.Guling Mobs.Guling Sentinel-Heavy.Enable out-of-combat healing was corrected from null to its default, true. 
[13Jul2025 17:00:51.892] [main/WARN] [net.minecraftforge.common.ForgeConfigSpec/CORE]: Incorrect key Mobs.Guling Mobs.Guling Sentinel-Heavy.Health multiplier was corrected from null to its default, 1.0. 
[13Jul2025 17:00:51.892] [main/WARN] [net.minecraftforge.common.ForgeConfigSpec/CORE]: Incorrect key Mobs.Guling Mobs.Guling Sentinel-Heavy.Attack multiplier was corrected from null to its default, 1.0. 
[13Jul2025 17:00:51.892] [main/WARN] [net.minecraftforge.common.ForgeConfigSpec/CORE]: Incorrect key Mobs.Guling Mobs.Nameless Guardian was corrected from null to its default, SimpleCommentedConfig:{}. 
[13Jul2025 17:00:51.892] [main/WARN] [net.minecraftforge.common.ForgeConfigSpec/CORE]: Incorrect key Mobs.Guling Mobs.Nameless Guardian.Suck blood multiplier was corrected from null to its default, 1.0. 
[13Jul2025 17:00:51.893] [main/WARN] [net.minecraftforge.common.ForgeConfigSpec/CORE]: Incorrect key Mobs.Guling Mobs.Nameless Guardian.Extra invulnerable tick was corrected from null to its default, 20. 
[13Jul2025 17:00:51.893] [main/WARN] [net.minecraftforge.common.ForgeConfigSpec/CORE]: Incorrect key Mobs.Guling Mobs.Nameless Guardian.Enable out-of-combat healing was corrected from null to its default, true. 
[13Jul2025 17:00:51.894] [main/WARN] [net.minecraftforge.common.ForgeConfigSpec/CORE]: Incorrect key Mobs.Guling Mobs.Nameless Guardian.Enable forced suck blood was corrected from null to its default, true. 
[13Jul2025 17:00:51.894] [main/WARN] [net.minecraftforge.common.ForgeConfigSpec/CORE]: Incorrect key Mobs.Guling Mobs.Nameless Guardian.Challenge Mode was corrected from null to its default, false. 
[13Jul2025 17:00:51.894] [main/WARN] [net.minecraftforge.common.ForgeConfigSpec/CORE]: Incorrect key Mobs.Guling Mobs.Nameless Guardian.Frame Damage Protection was corrected from null to its default, true. 
[13Jul2025 17:00:51.894] [main/WARN] [net.minecraftforge.common.ForgeConfigSpec/CORE]: Incorrect key Mobs.Guling Mobs.Nameless Guardian.Health multiplier was corrected from null to its default, 1.0. 
[13Jul2025 17:00:51.894] [main/WARN] [net.minecraftforge.common.ForgeConfigSpec/CORE]: Incorrect key Mobs.Guling Mobs.Nameless Guardian.Attack multiplier was corrected from null to its default, 1.0. 
[13Jul2025 17:00:51.894] [main/WARN] [net.minecraftforge.common.ForgeConfigSpec/CORE]: Incorrect key Mobs.Guling Mobs.Nameless Guardian.DamageCap was corrected from null to its default, 20.0. 
[13Jul2025 17:00:51.894] [main/WARN] [net.minecraftforge.common.ForgeConfigSpec/CORE]: Incorrect key Mobs.Minion Mobs was corrected from null to its default, SimpleCommentedConfig:{}. 
[13Jul2025 17:00:51.894] [main/WARN] [net.minecraftforge.common.ForgeConfigSpec/CORE]: Incorrect key Mobs.Minion Mobs.Corpse Minion was corrected from null to its default, SimpleCommentedConfig:{}. 
[13Jul2025 17:00:51.895] [main/WARN] [net.minecraftforge.common.ForgeConfigSpec/CORE]: Incorrect key Mobs.Minion Mobs.Corpse Minion.Health multiplier was corrected from null to its default, 1.0. 
[13Jul2025 17:00:51.895] [main/WARN] [net.minecraftforge.common.ForgeConfigSpec/CORE]: Incorrect key Mobs.Minion Mobs.Corpse Minion.Attack multiplier was corrected from null to its default, 1.0. 
[13Jul2025 17:00:51.895] [main/WARN] [net.minecraftforge.common.ForgeConfigSpec/CORE]: Incorrect key Mobs.Minion Mobs.Corpse Minion.Death Heal Amount was corrected from null to its default, 5.0. 
[13Jul2025 17:00:51.896] [main/WARN] [net.minecraftforge.common.ForgeConfigSpec/CORE]: Incorrect key Others was corrected from null to its default, SimpleCommentedConfig:{}. 
[13Jul2025 17:00:51.896] [main/WARN] [net.minecraftforge.common.ForgeConfigSpec/CORE]: Incorrect key Others.Camera was corrected from null to its default, SimpleCommentedConfig:{}. 
[13Jul2025 17:00:51.896] [main/WARN] [net.minecraftforge.common.ForgeConfigSpec/CORE]: Incorrect key Others.Camera.Enable camera shake was corrected from null to its default, true. 
[13Jul2025 17:00:51.896] [main/WARN] [net.minecraftforge.common.ForgeConfigSpec/CORE]: Incorrect key Others.Bosses was corrected from null to its default, SimpleCommentedConfig:{}. 
[13Jul2025 17:00:51.897] [main/WARN] [net.minecraftforge.common.ForgeConfigSpec/CORE]: Incorrect key Others.Bosses.Enable bosses blood bars was corrected from null to its default, true. 
[13Jul2025 17:00:51.897] [main/WARN] [net.minecraftforge.common.ForgeConfigSpec/CORE]: Incorrect key Others.Bosses.Enable play bosses musics was corrected from null to its default, true. 
[13Jul2025 17:00:51.897] [main/WARN] [net.minecraftforge.common.ForgeConfigSpec/CORE]: Incorrect key Others.Bosses.Enable bosses breaking blocks drop items was corrected from null to its default, false. 
[13Jul2025 17:00:51.897] [main/WARN] [net.minecraftforge.common.ForgeConfigSpec/CORE]: Incorrect key Others.Misc was corrected from null to its default, SimpleCommentedConfig:{}. 
[13Jul2025 17:00:51.897] [main/WARN] [net.minecraftforge.common.ForgeConfigSpec/CORE]: Incorrect key Others.Misc.Enable allied damage protection was corrected from null to its default, true. 
[13Jul2025 17:00:51.897] [main/WARN] [net.minecraftforge.common.ForgeConfigSpec/CORE]: Incorrect key Others.Misc.Enable frenzy potion destroy block was corrected from null to its default, false. 
[13Jul2025 17:00:51.898] [main/WARN] [net.minecraftforge.common.ForgeConfigSpec/CORE]: Incorrect key Others.Misc.Enable show item cd was corrected from null to its default, false. 
[13Jul2025 17:00:51.905] [main/WARN] [net.minecraftforge.common.ForgeConfigSpec/CORE]: Configuration file /workspaces/server/servidor_minecraft/config/knightlib.toml is not correct. Correcting
[13Jul2025 17:00:51.905] [main/WARN] [net.minecraftforge.common.ForgeConfigSpec/CORE]: Incorrect key Drop Chance Configuration was corrected from null to its default, SimpleCommentedConfig:{}. 
[13Jul2025 17:00:51.905] [main/WARN] [net.minecraftforge.common.ForgeConfigSpec/CORE]: Incorrect key Drop Chance Configuration.Drop chance for small essence was corrected from null to its default, 0.25. 
[13Jul2025 17:00:51.974] [main/WARN] [net.minecraftforge.common.ForgeConfigSpec/CORE]: Configuration file /workspaces/server/servidor_minecraft/config/Obscuria/aquamirae-common.toml is not correct. Correcting
[13Jul2025 17:00:51.974] [main/WARN] [net.minecraftforge.common.ForgeConfigSpec/CORE]: Incorrect key General was corrected from null to its default, SimpleCommentedConfig:{}. 
[13Jul2025 17:00:51.974] [main/WARN] [net.minecraftforge.common.ForgeConfigSpec/CORE]: Incorrect key General.chatNotifications was corrected from null to its default, true. 
[13Jul2025 17:00:51.974] [main/WARN] [net.minecraftforge.common.ForgeConfigSpec/CORE]: Incorrect key Mobs was corrected from null to its default, SimpleCommentedConfig:{}. 
[13Jul2025 17:00:51.974] [main/WARN] [net.minecraftforge.common.ForgeConfigSpec/CORE]: Incorrect key Mobs.GhostOfCaptainCornelia was corrected from null to its default, SimpleCommentedConfig:{}. 
[13Jul2025 17:00:51.975] [main/WARN] [net.minecraftforge.common.ForgeConfigSpec/CORE]: Incorrect key Mobs.GhostOfCaptainCornelia.movementSpeed was corrected from null to its default, 0.2. 
[13Jul2025 17:00:51.975] [main/WARN] [net.minecraftforge.common.ForgeConfigSpec/CORE]: Incorrect key Mobs.GhostOfCaptainCornelia.maxHealth was corrected from null to its default, 200.0. 
[13Jul2025 17:00:51.975] [main/WARN] [net.minecraftforge.common.ForgeConfigSpec/CORE]: Incorrect key Mobs.GhostOfCaptainCornelia.armor was corrected from null to its default, 16.0. 
[13Jul2025 17:00:51.975] [main/WARN] [net.minecraftforge.common.ForgeConfigSpec/CORE]: Incorrect key Mobs.GhostOfCaptainCornelia.attackDamage was corrected from null to its default, 1.0. 
[13Jul2025 17:00:51.975] [main/WARN] [net.minecraftforge.common.ForgeConfigSpec/CORE]: Incorrect key Mobs.GhostOfCaptainCornelia.knockbackResistance was corrected from null to its default, 0.5. 
[13Jul2025 17:00:51.975] [main/WARN] [net.minecraftforge.common.ForgeConfigSpec/CORE]: Incorrect key Mobs.GhostOfCaptainCornelia.attackKnockback was corrected from null to its default, 2.0. 
[13Jul2025 17:00:51.975] [main/WARN] [net.minecraftforge.common.ForgeConfigSpec/CORE]: Incorrect key Mobs.GhostOfCaptainCornelia.followRange was corrected from null to its default, 128.0. 
[13Jul2025 17:00:51.975] [main/WARN] [net.minecraftforge.common.ForgeConfigSpec/CORE]: Incorrect key Mobs.GhostOfCaptainCornelia.pullAndSpinTargets was corrected from null to its default, true. 
[13Jul2025 17:00:51.975] [main/WARN] [net.minecraftforge.common.ForgeConfigSpec/CORE]: Incorrect key Mobs.GhostOfCaptainCornelia.regenerationSkillUses was corrected from null to its default, 2. 
[13Jul2025 17:00:51.975] [main/WARN] [net.minecraftforge.common.ForgeConfigSpec/CORE]: Incorrect key Mobs.Anglerfish was corrected from null to its default, SimpleCommentedConfig:{}. 
[13Jul2025 17:00:51.975] [main/WARN] [net.minecraftforge.common.ForgeConfigSpec/CORE]: Incorrect key Mobs.Anglerfish.swimSpeed was corrected from null to its default, 3.0. 
[13Jul2025 17:00:51.976] [main/WARN] [net.minecraftforge.common.ForgeConfigSpec/CORE]: Incorrect key Mobs.Anglerfish.maxHealth was corrected from null to its default, 40.0. 
[13Jul2025 17:00:51.976] [main/WARN] [net.minecraftforge.common.ForgeConfigSpec/CORE]: Incorrect key Mobs.Anglerfish.armor was corrected from null to its default, 2.0. 
[13Jul2025 17:00:51.976] [main/WARN] [net.minecraftforge.common.ForgeConfigSpec/CORE]: Incorrect key Mobs.Anglerfish.knockbackResistance was corrected from null to its default, 0.0. 
[13Jul2025 17:00:51.976] [main/WARN] [net.minecraftforge.common.ForgeConfigSpec/CORE]: Incorrect key Mobs.Anglerfish.attackDamage was corrected from null to its default, 6.0. 
[13Jul2025 17:00:51.976] [main/WARN] [net.minecraftforge.common.ForgeConfigSpec/CORE]: Incorrect key Mobs.Anglerfish.attackKnockback was corrected from null to its default, 1.0. 
[13Jul2025 17:00:51.976] [main/WARN] [net.minecraftforge.common.ForgeConfigSpec/CORE]: Incorrect key Mobs.Anglerfish.followRange was corrected from null to its default, 48.0. 
[13Jul2025 17:00:51.976] [main/WARN] [net.minecraftforge.common.ForgeConfigSpec/CORE]: Incorrect key Mobs.Maw was corrected from null to its default, SimpleCommentedConfig:{}. 
[13Jul2025 17:00:51.976] [main/WARN] [net.minecraftforge.common.ForgeConfigSpec/CORE]: Incorrect key Mobs.Maw.movementSpeed was corrected from null to its default, 0.2. 
[13Jul2025 17:00:51.976] [main/WARN] [net.minecraftforge.common.ForgeConfigSpec/CORE]: Incorrect key Mobs.Maw.swimSpeed was corrected from null to its default, 5.0. 
[13Jul2025 17:00:51.977] [main/WARN] [net.minecraftforge.common.ForgeConfigSpec/CORE]: Incorrect key Mobs.Maw.maxHealth was corrected from null to its default, 20.0. 
[13Jul2025 17:00:51.977] [main/WARN] [net.minecraftforge.common.ForgeConfigSpec/CORE]: Incorrect key Mobs.Maw.armor was corrected from null to its default, 0.0. 
[13Jul2025 17:00:51.977] [main/WARN] [net.minecraftforge.common.ForgeConfigSpec/CORE]: Incorrect key Mobs.Maw.knockbackResistance was corrected from null to its default, 0.0. 
[13Jul2025 17:00:51.977] [main/WARN] [net.minecraftforge.common.ForgeConfigSpec/CORE]: Incorrect key Mobs.Maw.attackDamage was corrected from null to its default, 4.0. 
[13Jul2025 17:00:51.977] [main/WARN] [net.minecraftforge.common.ForgeConfigSpec/CORE]: Incorrect key Mobs.Maw.attackKnockback was corrected from null to its default, 0.3. 
[13Jul2025 17:00:51.977] [main/WARN] [net.minecraftforge.common.ForgeConfigSpec/CORE]: Incorrect key Mobs.Maw.followRange was corrected from null to its default, 24.0. 
[13Jul2025 17:00:51.978] [main/WARN] [net.minecraftforge.common.ForgeConfigSpec/CORE]: Incorrect key Mobs.TorturedSoul was corrected from null to its default, SimpleCommentedConfig:{}. 
[13Jul2025 17:00:51.978] [main/WARN] [net.minecraftforge.common.ForgeConfigSpec/CORE]: Incorrect key Mobs.TorturedSoul.movementSpeed was corrected from null to its default, 0.2. 
[13Jul2025 17:00:51.978] [main/WARN] [net.minecraftforge.common.ForgeConfigSpec/CORE]: Incorrect key Mobs.TorturedSoul.swimSpeed was corrected from null to its default, 3.0. 
[13Jul2025 17:00:51.978] [main/WARN] [net.minecraftforge.common.ForgeConfigSpec/CORE]: Incorrect key Mobs.TorturedSoul.maxHealth was corrected from null to its default, 30.0. 
[13Jul2025 17:00:51.979] [main/WARN] [net.minecraftforge.common.ForgeConfigSpec/CORE]: Incorrect key Mobs.TorturedSoul.armor was corrected from null to its default, 4.0. 
[13Jul2025 17:00:51.979] [main/WARN] [net.minecraftforge.common.ForgeConfigSpec/CORE]: Incorrect key Mobs.TorturedSoul.knockbackResistance was corrected from null to its default, 0.0. 
[13Jul2025 17:00:51.979] [main/WARN] [net.minecraftforge.common.ForgeConfigSpec/CORE]: Incorrect key Mobs.TorturedSoul.attackDamage was corrected from null to its default, 7.0. 
[13Jul2025 17:00:51.979] [main/WARN] [net.minecraftforge.common.ForgeConfigSpec/CORE]: Incorrect key Mobs.TorturedSoul.attackKnockback was corrected from null to its default, 0.7. 
[13Jul2025 17:00:51.979] [main/WARN] [net.minecraftforge.common.ForgeConfigSpec/CORE]: Incorrect key Mobs.TorturedSoul.followRange was corrected from null to its default, 24.0. 
[13Jul2025 17:00:51.979] [main/WARN] [net.minecraftforge.common.ForgeConfigSpec/CORE]: Incorrect key Mobs.MotherOfTheMaze was corrected from null to its default, SimpleCommentedConfig:{}. 
[13Jul2025 17:00:51.979] [main/WARN] [net.minecraftforge.common.ForgeConfigSpec/CORE]: Incorrect key Mobs.MotherOfTheMaze.swimSpeed was corrected from null to its default, 3.0. 
[13Jul2025 17:00:51.980] [main/WARN] [net.minecraftforge.common.ForgeConfigSpec/CORE]: Incorrect key Mobs.MotherOfTheMaze.maxHealth was corrected from null to its default, 100.0. 
[13Jul2025 17:00:51.980] [main/WARN] [net.minecraftforge.common.ForgeConfigSpec/CORE]: Incorrect key Mobs.MotherOfTheMaze.armor was corrected from null to its default, 6.0. 
[13Jul2025 17:00:51.980] [main/WARN] [net.minecraftforge.common.ForgeConfigSpec/CORE]: Incorrect key Mobs.MotherOfTheMaze.knockbackResistance was corrected from null to its default, 0.2. 
[13Jul2025 17:00:51.980] [main/WARN] [net.minecraftforge.common.ForgeConfigSpec/CORE]: Incorrect key Mobs.MotherOfTheMaze.attackDamage was corrected from null to its default, 5.0. 
[13Jul2025 17:00:51.980] [main/WARN] [net.minecraftforge.common.ForgeConfigSpec/CORE]: Incorrect key Mobs.MotherOfTheMaze.attackKnockback was corrected from null to its default, 0.5. 
[13Jul2025 17:00:51.980] [main/WARN] [net.minecraftforge.common.ForgeConfigSpec/CORE]: Incorrect key Mobs.MotherOfTheMaze.followRange was corrected from null to its default, 128.0. 
[13Jul2025 17:00:51.981] [main/WARN] [net.minecraftforge.common.ForgeConfigSpec/CORE]: Incorrect key Mobs.Eel was corrected from null to its default, SimpleCommentedConfig:{}. 
[13Jul2025 17:00:51.981] [main/WARN] [net.minecraftforge.common.ForgeConfigSpec/CORE]: Incorrect key Mobs.Eel.maxHealth was corrected from null to its default, 180.0. 
[13Jul2025 17:00:51.981] [main/WARN] [net.minecraftforge.common.ForgeConfigSpec/CORE]: Incorrect key Mobs.Eel.armor was corrected from null to its default, 20.0. 
[13Jul2025 17:00:51.981] [main/WARN] [net.minecraftforge.common.ForgeConfigSpec/CORE]: Incorrect key Mobs.Eel.attackDamage was corrected from null to its default, 8.0. 
[13Jul2025 17:00:51.981] [main/WARN] [net.minecraftforge.common.ForgeConfigSpec/CORE]: Incorrect key Mobs.Eel.attackKnockback was corrected from null to its default, 2.0. 
[13Jul2025 17:00:51.981] [main/WARN] [net.minecraftforge.common.ForgeConfigSpec/CORE]: Incorrect key Mobs.Eel.followRange was corrected from null to its default, 32.0. 
[13Jul2025 17:00:52.321] [Forge Version Check/INFO] [net.minecraftforge.fml.VersionChecker/]: [cgm] Starting version check at https://raw.githubusercontent.com/MrCrayfish/ModUpdates/master/cgm/update.json
[13Jul2025 17:00:52.598] [Forge Version Check/INFO] [net.minecraftforge.fml.VersionChecker/]: [cgm] Found status: BETA Current: 1.3.7 Target: null
[13Jul2025 17:00:52.600] [Forge Version Check/INFO] [net.minecraftforge.fml.VersionChecker/]: [obscure_api] Starting version check at https://raw.githubusercontent.com/ObscuriaLithium/Home/main/obscure_api/versions.json
[13Jul2025 17:00:52.612] [Forge Version Check/WARN] [net.minecraftforge.fml.VersionChecker/]: Failed to process update information
com.google.gson.JsonSyntaxException: java.lang.IllegalStateException: Expected BEGIN_OBJECT but was NUMBER at line 1 column 4 path $
	at com.google.gson.Gson.fromJson(Gson.java:975) ~[gson-2.8.9.jar%2370!/:?]
	at com.google.gson.Gson.fromJson(Gson.java:928) ~[gson-2.8.9.jar%2370!/:?]
	at com.google.gson.Gson.fromJson(Gson.java:877) ~[gson-2.8.9.jar%2370!/:?]
	at com.google.gson.Gson.fromJson(Gson.java:848) ~[gson-2.8.9.jar%2370!/:?]
	at net.minecraftforge.fml.VersionChecker$1.process(VersionChecker.java:183) ~[fmlcore-1.19.2-43.4.2.jar%23172!/:?]
	at java.lang.Iterable.forEach(Iterable.java:75) [?:?]
	at net.minecraftforge.fml.VersionChecker$1.run(VersionChecker.java:114) [fmlcore-1.19.2-43.4.2.jar%23172!/:?]
Caused by: java.lang.IllegalStateException: Expected BEGIN_OBJECT but was NUMBER at line 1 column 4 path $
	at com.google.gson.stream.JsonReader.beginObject(JsonReader.java:384) ~[gson-2.8.9.jar%2370!/:?]
	at com.google.gson.internal.bind.MapTypeAdapterFactory$Adapter.read(MapTypeAdapterFactory.java:183) ~[gson-2.8.9.jar%2370!/:?]
	at com.google.gson.internal.bind.MapTypeAdapterFactory$Adapter.read(MapTypeAdapterFactory.java:145) ~[gson-2.8.9.jar%2370!/:?]
	at com.google.gson.Gson.fromJson(Gson.java:963) ~[gson-2.8.9.jar%2370!/:?]
	... 6 more
[13Jul2025 17:00:52.613] [Forge Version Check/INFO] [net.minecraftforge.fml.VersionChecker/]: [framework] Starting version check at https://mrcrayfish.com/modupdatejson?id=framework
[13Jul2025 17:00:52.648] [main/INFO] [Framework/SYNCED_ENTITY_DATA]: Registered synced data key cgm:aiming for minecraft:player
[13Jul2025 17:00:52.649] [main/INFO] [Framework/SYNCED_ENTITY_DATA]: Registered synced data key cgm:reloading for minecraft:player
[13Jul2025 17:00:52.649] [main/INFO] [Framework/SYNCED_ENTITY_DATA]: Registered synced data key cgm:shooting for minecraft:player
[13Jul2025 17:00:52.728] [modloading-worker-0/INFO] [com.eeeab.eeeabsmobs.EEEABMobs/]: Registering custom criteria trigger...
[13Jul2025 17:00:52.773] [Forge Version Check/WARN] [net.minecraftforge.fml.VersionChecker/]: Failed to process update information
com.google.gson.JsonSyntaxException: java.lang.IllegalStateException: Expected BEGIN_OBJECT but was STRING at line 1 column 1 path $
	at com.google.gson.Gson.fromJson(Gson.java:975) ~[gson-2.8.9.jar%2370!/:?]
	at com.google.gson.Gson.fromJson(Gson.java:928) ~[gson-2.8.9.jar%2370!/:?]
	at com.google.gson.Gson.fromJson(Gson.java:877) ~[gson-2.8.9.jar%2370!/:?]
	at com.google.gson.Gson.fromJson(Gson.java:848) ~[gson-2.8.9.jar%2370!/:?]
	at net.minecraftforge.fml.VersionChecker$1.process(VersionChecker.java:183) ~[fmlcore-1.19.2-43.4.2.jar%23172!/:?]
	at java.lang.Iterable.forEach(Iterable.java:75) [?:?]
	at net.minecraftforge.fml.VersionChecker$1.run(VersionChecker.java:114) [fmlcore-1.19.2-43.4.2.jar%23172!/:?]
Caused by: java.lang.IllegalStateException: Expected BEGIN_OBJECT but was STRING at line 1 column 1 path $
	at com.google.gson.stream.JsonReader.beginObject(JsonReader.java:384) ~[gson-2.8.9.jar%2370!/:?]
	at com.google.gson.internal.bind.MapTypeAdapterFactory$Adapter.read(MapTypeAdapterFactory.java:183) ~[gson-2.8.9.jar%2370!/:?]
	at com.google.gson.internal.bind.MapTypeAdapterFactory$Adapter.read(MapTypeAdapterFactory.java:145) ~[gson-2.8.9.jar%2370!/:?]
	at com.google.gson.Gson.fromJson(Gson.java:963) ~[gson-2.8.9.jar%2370!/:?]
	... 6 more
[13Jul2025 17:00:52.774] [Forge Version Check/INFO] [net.minecraftforge.fml.VersionChecker/]: [sound_physics_remastered] Starting version check at https://update.maxhenkel.de/forge/sound_physics_remastered
[13Jul2025 17:00:53.558] [Forge Version Check/INFO] [net.minecraftforge.fml.VersionChecker/]: [sound_physics_remastered] Found status: AHEAD Current: 1.19.2-1.4.5 Target: null
[13Jul2025 17:00:53.562] [Forge Version Check/INFO] [net.minecraftforge.fml.VersionChecker/]: [forge] Starting version check at https://files.minecraftforge.net/net/minecraftforge/forge/promotions_slim.json
[13Jul2025 17:00:53.783] [Forge Version Check/INFO] [net.minecraftforge.fml.VersionChecker/]: [forge] Found status: OUTDATED Current: 43.4.2 Target: 43.5.0
[13Jul2025 17:00:53.783] [Forge Version Check/INFO] [net.minecraftforge.fml.VersionChecker/]: [aquamirae] Starting version check at https://raw.githubusercontent.com/ObscuriaLithium/Home/main/aquamirae/versions.json
[13Jul2025 17:00:53.870] [main/INFO] [com.mojang.authlib.yggdrasil.YggdrasilAuthenticationService/]: Environment: authHost='https://authserver.mojang.com', accountsHost='https://api.mojang.com', sessionHost='https://sessionserver.mojang.com', servicesHost='https://api.minecraftservices.com', name='PROD'
[13Jul2025 17:00:54.019] [Forge Version Check/WARN] [net.minecraftforge.fml.VersionChecker/]: Failed to process update information
com.google.gson.JsonSyntaxException: java.lang.IllegalStateException: Expected BEGIN_OBJECT but was NUMBER at line 1 column 4 path $
	at com.google.gson.Gson.fromJson(Gson.java:975) ~[gson-2.8.9.jar%2370!/:?]
	at com.google.gson.Gson.fromJson(Gson.java:928) ~[gson-2.8.9.jar%2370!/:?]
	at com.google.gson.Gson.fromJson(Gson.java:877) ~[gson-2.8.9.jar%2370!/:?]
	at com.google.gson.Gson.fromJson(Gson.java:848) ~[gson-2.8.9.jar%2370!/:?]
	at net.minecraftforge.fml.VersionChecker$1.process(VersionChecker.java:183) ~[fmlcore-1.19.2-43.4.2.jar%23172!/:?]
	at java.lang.Iterable.forEach(Iterable.java:75) [?:?]
	at net.minecraftforge.fml.VersionChecker$1.run(VersionChecker.java:114) [fmlcore-1.19.2-43.4.2.jar%23172!/:?]
Caused by: java.lang.IllegalStateException: Expected BEGIN_OBJECT but was NUMBER at line 1 column 4 path $
	at com.google.gson.stream.JsonReader.beginObject(JsonReader.java:384) ~[gson-2.8.9.jar%2370!/:?]
	at com.google.gson.internal.bind.MapTypeAdapterFactory$Adapter.read(MapTypeAdapterFactory.java:183) ~[gson-2.8.9.jar%2370!/:?]
	at com.google.gson.internal.bind.MapTypeAdapterFactory$Adapter.read(MapTypeAdapterFactory.java:145) ~[gson-2.8.9.jar%2370!/:?]
	at com.google.gson.Gson.fromJson(Gson.java:963) ~[gson-2.8.9.jar%2370!/:?]
	... 6 more
[13Jul2025 17:00:54.023] [main/WARN] [net.minecraftforge.registries.ForgeRegistry/REGISTRIES]: Registry minecraft:block: Object did not get ID it asked for. Name: sons_of_sins:soul_steel_block Expected: 933 Got: 1053
[13Jul2025 17:00:54.023] [main/WARN] [net.minecraftforge.registries.ForgeRegistry/REGISTRIES]: Registry minecraft:block: Object did not get ID it asked for. Name: sons_of_sins:soul_steel_tiles Expected: 934 Got: 1054
[13Jul2025 17:00:54.023] [main/WARN] [net.minecraftforge.registries.ForgeRegistry/REGISTRIES]: Registry minecraft:block: Object did not get ID it asked for. Name: sons_of_sins:soul_steel_stairs Expected: 935 Got: 1055
[13Jul2025 17:00:54.024] [main/WARN] [net.minecraftforge.registries.ForgeRegistry/REGISTRIES]: Registry minecraft:block: Object did not get ID it asked for. Name: sons_of_sins:soul_steel_slab Expected: 936 Got: 1056
[13Jul2025 17:00:54.024] [main/WARN] [net.minecraftforge.registries.ForgeRegistry/REGISTRIES]: Registry minecraft:block: Object did not get ID it asked for. Name: sons_of_sins:blood Expected: 937 Got: 1057
[13Jul2025 17:00:54.024] [main/WARN] [net.minecraftforge.registries.ForgeRegistry/REGISTRIES]: Registry minecraft:block: Object did not get ID it asked for. Name: sons_of_sins:flesh_block Expected: 938 Got: 1058
[13Jul2025 17:00:54.024] [main/WARN] [net.minecraftforge.registries.ForgeRegistry/REGISTRIES]: Registry minecraft:block: Object did not get ID it asked for. Name: sons_of_sins:block_of_ribs Expected: 939 Got: 1059
[13Jul2025 17:00:54.024] [main/WARN] [net.minecraftforge.registries.ForgeRegistry/REGISTRIES]: Registry minecraft:block: Object did not get ID it asked for. Name: sons_of_sins:block_of_muscles Expected: 940 Got: 1060
[13Jul2025 17:00:54.024] [main/WARN] [net.minecraftforge.registries.ForgeRegistry/REGISTRIES]: Registry minecraft:block: Object did not get ID it asked for. Name: sons_of_sins:block_of_hearts Expected: 941 Got: 1061
[13Jul2025 17:00:54.025] [main/WARN] [net.minecraftforge.registries.ForgeRegistry/REGISTRIES]: Registry minecraft:block: Object did not get ID it asked for. Name: sons_of_sins:block_of_creeper_ribs Expected: 942 Got: 1062
[13Jul2025 17:00:54.025] [main/WARN] [net.minecraftforge.registries.ForgeRegistry/REGISTRIES]: Registry minecraft:block: Object did not get ID it asked for. Name: sons_of_sins:block_of_golem_cuirass Expected: 943 Got: 1063
[13Jul2025 17:00:54.025] [main/WARN] [net.minecraftforge.registries.ForgeRegistry/REGISTRIES]: Registry minecraft:block: Object did not get ID it asked for. Name: sons_of_sins:block_of_slime_rear Expected: 944 Got: 1064
[13Jul2025 17:00:54.025] [main/WARN] [net.minecraftforge.registries.ForgeRegistry/REGISTRIES]: Registry minecraft:block: Object did not get ID it asked for. Name: sons_of_sins:block_of_enderman_muscles Expected: 945 Got: 1065
[13Jul2025 17:00:54.025] [main/WARN] [net.minecraftforge.registries.ForgeRegistry/REGISTRIES]: Registry minecraft:block: Object did not get ID it asked for. Name: sons_of_sins:block_of_strider_muscle Expected: 946 Got: 1066
[13Jul2025 17:00:54.025] [main/WARN] [net.minecraftforge.registries.ForgeRegistry/REGISTRIES]: Registry minecraft:block: Object did not get ID it asked for. Name: sons_of_sins:block_of_ravager_muscle Expected: 947 Got: 1067
[13Jul2025 17:00:54.025] [main/WARN] [net.minecraftforge.registries.ForgeRegistry/REGISTRIES]: Registry minecraft:block: Object did not get ID it asked for. Name: sons_of_sins:block_of_blazing_hearts Expected: 948 Got: 1068
[13Jul2025 17:00:54.025] [main/WARN] [net.minecraftforge.registries.ForgeRegistry/REGISTRIES]: Registry minecraft:block: Object did not get ID it asked for. Name: sons_of_sins:block_of_spider_heart Expected: 949 Got: 1069
[13Jul2025 17:00:54.025] [main/WARN] [net.minecraftforge.registries.ForgeRegistry/REGISTRIES]: Registry minecraft:block: Object did not get ID it asked for. Name: sons_of_sins:block_of_ice_heart Expected: 950 Got: 1070
[13Jul2025 17:00:54.025] [main/WARN] [net.minecraftforge.registries.ForgeRegistry/REGISTRIES]: Registry minecraft:block: Object did not get ID it asked for. Name: sons_of_sins:urn_block Expected: 951 Got: 1071
[13Jul2025 17:00:54.026] [main/WARN] [net.minecraftforge.registries.ForgeRegistry/REGISTRIES]: Registry minecraft:block: Object did not get ID it asked for. Name: mowziesmobs:painted_acacia Expected: 961 Got: 1072
[13Jul2025 17:00:54.026] [main/WARN] [net.minecraftforge.registries.ForgeRegistry/REGISTRIES]: Registry minecraft:block: Object did not get ID it asked for. Name: mowziesmobs:painted_acacia_slab Expected: 962 Got: 1073
[13Jul2025 17:00:54.026] [main/WARN] [net.minecraftforge.registries.ForgeRegistry/REGISTRIES]: Registry minecraft:block: Object did not get ID it asked for. Name: mowziesmobs:thatch_block Expected: 963 Got: 1074
[13Jul2025 17:00:54.026] [main/WARN] [net.minecraftforge.registries.ForgeRegistry/REGISTRIES]: Registry minecraft:block: Object did not get ID it asked for. Name: mowziesmobs:gong Expected: 964 Got: 1075
[13Jul2025 17:00:54.026] [main/WARN] [net.minecraftforge.registries.ForgeRegistry/REGISTRIES]: Registry minecraft:block: Object did not get ID it asked for. Name: mowziesmobs:gong_part Expected: 965 Got: 1076
[13Jul2025 17:00:54.026] [main/WARN] [net.minecraftforge.registries.ForgeRegistry/REGISTRIES]: Registry minecraft:block: Object did not get ID it asked for. Name: mowziesmobs:raked_sand Expected: 966 Got: 1077
[13Jul2025 17:00:54.028] [main/WARN] [net.minecraftforge.registries.ForgeRegistry/REGISTRIES]: Registry minecraft:block: Object did not get ID it asked for. Name: mowziesmobs:red_raked_sand Expected: 967 Got: 1078
[13Jul2025 17:00:54.028] [main/WARN] [net.minecraftforge.registries.ForgeRegistry/REGISTRIES]: Registry minecraft:block: Object did not get ID it asked for. Name: mowziesmobs:clawed_log Expected: 968 Got: 1079
[13Jul2025 17:00:54.028] [main/WARN] [net.minecraftforge.registries.ForgeRegistry/REGISTRIES]: Registry minecraft:block: Object did not get ID it asked for. Name: eeeabsmobs:immortal_block Expected: 970 Got: 1080
[13Jul2025 17:00:54.029] [main/WARN] [net.minecraftforge.registries.ForgeRegistry/REGISTRIES]: Registry minecraft:block: Object did not get ID it asked for. Name: eeeabsmobs:ghost_steel_block Expected: 971 Got: 1081
[13Jul2025 17:00:54.029] [main/WARN] [net.minecraftforge.registries.ForgeRegistry/REGISTRIES]: Registry minecraft:block: Object did not get ID it asked for. Name: eeeabsmobs:soul_light Expected: 972 Got: 1082
[13Jul2025 17:00:54.029] [main/WARN] [net.minecraftforge.registries.ForgeRegistry/REGISTRIES]: Registry minecraft:block: Object did not get ID it asked for. Name: eeeabsmobs:tomb_gas_trap Expected: 973 Got: 1083
[13Jul2025 17:00:54.029] [main/WARN] [net.minecraftforge.registries.ForgeRegistry/REGISTRIES]: Registry minecraft:block: Object did not get ID it asked for. Name: eeeabsmobs:tomb_summon_trap Expected: 974 Got: 1084
[13Jul2025 17:00:54.029] [main/WARN] [net.minecraftforge.registries.ForgeRegistry/REGISTRIES]: Registry minecraft:block: Object did not get ID it asked for. Name: eeeabsmobs:tomb_arrows_trap Expected: 975 Got: 1085
[13Jul2025 17:00:54.029] [main/WARN] [net.minecraftforge.registries.ForgeRegistry/REGISTRIES]: Registry minecraft:block: Object did not get ID it asked for. Name: eeeabsmobs:erosion_deepslate_bricks Expected: 976 Got: 1086
[13Jul2025 17:00:54.029] [main/WARN] [net.minecraftforge.registries.ForgeRegistry/REGISTRIES]: Registry minecraft:block: Object did not get ID it asked for. Name: eeeabsmobs:erosion_portal Expected: 977 Got: 1087
[13Jul2025 17:00:54.029] [main/WARN] [net.minecraftforge.registries.ForgeRegistry/REGISTRIES]: Registry minecraft:block: Object did not get ID it asked for. Name: eeeabsmobs:tombstone Expected: 978 Got: 1088
[13Jul2025 17:00:54.029] [main/WARN] [net.minecraftforge.registries.ForgeRegistry/REGISTRIES]: Registry minecraft:block: Object did not get ID it asked for. Name: eeeabsmobs:erosion_rock_bricks Expected: 979 Got: 1089
[13Jul2025 17:00:54.030] [main/WARN] [net.minecraftforge.registries.ForgeRegistry/REGISTRIES]: Registry minecraft:block: Object did not get ID it asked for. Name: graveyard:tg_rooted_dirt Expected: 980 Got: 1090
[13Jul2025 17:00:54.030] [main/WARN] [net.minecraftforge.registries.ForgeRegistry/REGISTRIES]: Registry minecraft:block: Object did not get ID it asked for. Name: graveyard:tg_tuff Expected: 981 Got: 1091
[13Jul2025 17:00:54.030] [main/WARN] [net.minecraftforge.registries.ForgeRegistry/REGISTRIES]: Registry minecraft:block: Object did not get ID it asked for. Name: graveyard:tg_moss_block Expected: 982 Got: 1092
[13Jul2025 17:00:54.030] [main/WARN] [net.minecraftforge.registries.ForgeRegistry/REGISTRIES]: Registry minecraft:block: Object did not get ID it asked for. Name: graveyard:tg_deepslate Expected: 983 Got: 1093
[13Jul2025 17:00:54.034] [main/WARN] [net.minecraftforge.registries.ForgeRegistry/REGISTRIES]: Registry minecraft:block: Object did not get ID it asked for. Name: graveyard:tg_grass_block Expected: 984 Got: 1094
[13Jul2025 17:00:54.034] [main/WARN] [net.minecraftforge.registries.ForgeRegistry/REGISTRIES]: Registry minecraft:block: Object did not get ID it asked for. Name: graveyard:tg_dirt Expected: 985 Got: 1095
[13Jul2025 17:00:54.034] [main/WARN] [net.minecraftforge.registries.ForgeRegistry/REGISTRIES]: Registry minecraft:block: Object did not get ID it asked for. Name: graveyard:tg_coarse_dirt Expected: 986 Got: 1096
[13Jul2025 17:00:54.034] [main/WARN] [net.minecraftforge.registries.ForgeRegistry/REGISTRIES]: Registry minecraft:block: Object did not get ID it asked for. Name: graveyard:tg_andesite Expected: 987 Got: 1097
[13Jul2025 17:00:54.034] [main/WARN] [net.minecraftforge.registries.ForgeRegistry/REGISTRIES]: Registry minecraft:block: Object did not get ID it asked for. Name: graveyard:tg_granite Expected: 988 Got: 1098
[13Jul2025 17:00:54.034] [main/WARN] [net.minecraftforge.registries.ForgeRegistry/REGISTRIES]: Registry minecraft:block: Object did not get ID it asked for. Name: graveyard:tg_diorite Expected: 989 Got: 1099
[13Jul2025 17:00:54.034] [main/WARN] [net.minecraftforge.registries.ForgeRegistry/REGISTRIES]: Registry minecraft:block: Object did not get ID it asked for. Name: graveyard:tg_stone Expected: 990 Got: 1100
[13Jul2025 17:00:54.035] [main/WARN] [net.minecraftforge.registries.ForgeRegistry/REGISTRIES]: Registry minecraft:block: Object did not get ID it asked for. Name: graveyard:tg_podzol Expected: 991 Got: 1101
[13Jul2025 17:00:54.035] [main/WARN] [net.minecraftforge.registries.ForgeRegistry/REGISTRIES]: Registry minecraft:block: Object did not get ID it asked for. Name: graveyard:dark_iron_bars Expected: 992 Got: 1102
[13Jul2025 17:00:54.035] [main/WARN] [net.minecraftforge.registries.ForgeRegistry/REGISTRIES]: Registry minecraft:block: Object did not get ID it asked for. Name: graveyard:soul_fire_brazier Expected: 993 Got: 1103
[13Jul2025 17:00:54.035] [main/WARN] [net.minecraftforge.registries.ForgeRegistry/REGISTRIES]: Registry minecraft:block: Object did not get ID it asked for. Name: graveyard:fire_brazier Expected: 994 Got: 1104
[13Jul2025 17:00:54.036] [main/WARN] [net.minecraftforge.registries.ForgeRegistry/REGISTRIES]: Registry minecraft:block: Object did not get ID it asked for. Name: graveyard:pedestal Expected: 995 Got: 1105
[13Jul2025 17:00:54.036] [main/WARN] [net.minecraftforge.registries.ForgeRegistry/REGISTRIES]: Registry minecraft:block: Object did not get ID it asked for. Name: graveyard:candle_holder Expected: 996 Got: 1106
[13Jul2025 17:00:54.036] [main/WARN] [net.minecraftforge.registries.ForgeRegistry/REGISTRIES]: Registry minecraft:block: Object did not get ID it asked for. Name: graveyard:dark_iron_trapdoor Expected: 997 Got: 1107
[13Jul2025 17:00:54.037] [main/WARN] [net.minecraftforge.registries.ForgeRegistry/REGISTRIES]: Registry minecraft:block: Object did not get ID it asked for. Name: graveyard:dark_iron_door Expected: 998 Got: 1108
[13Jul2025 17:00:54.037] [main/WARN] [net.minecraftforge.registries.ForgeRegistry/REGISTRIES]: Registry minecraft:block: Object did not get ID it asked for. Name: graveyard:dark_iron_block Expected: 999 Got: 1109
[13Jul2025 17:00:54.038] [main/WARN] [net.minecraftforge.registries.ForgeRegistry/REGISTRIES]: Registry minecraft:block: Object did not get ID it asked for. Name: graveyard:skull_with_rib_cage Expected: 1000 Got: 1110
[13Jul2025 17:00:54.038] [main/WARN] [net.minecraftforge.registries.ForgeRegistry/REGISTRIES]: Registry minecraft:block: Object did not get ID it asked for. Name: graveyard:leaning_skeleton Expected: 1001 Got: 1111
[13Jul2025 17:00:54.038] [main/WARN] [net.minecraftforge.registries.ForgeRegistry/REGISTRIES]: Registry minecraft:block: Object did not get ID it asked for. Name: graveyard:skull_pile Expected: 1002 Got: 1112
[13Jul2025 17:00:54.038] [main/WARN] [net.minecraftforge.registries.ForgeRegistry/REGISTRIES]: Registry minecraft:block: Object did not get ID it asked for. Name: graveyard:lying_skeleton Expected: 1003 Got: 1113
[13Jul2025 17:00:54.038] [main/WARN] [net.minecraftforge.registries.ForgeRegistry/REGISTRIES]: Registry minecraft:block: Object did not get ID it asked for. Name: graveyard:wither_skull_with_rib_cage Expected: 1004 Got: 1114
[13Jul2025 17:00:54.038] [main/WARN] [net.minecraftforge.registries.ForgeRegistry/REGISTRIES]: Registry minecraft:block: Object did not get ID it asked for. Name: graveyard:leaning_wither_skeleton Expected: 1005 Got: 1115
[13Jul2025 17:00:54.038] [main/WARN] [net.minecraftforge.registries.ForgeRegistry/REGISTRIES]: Registry minecraft:block: Object did not get ID it asked for. Name: graveyard:wither_skull_pile Expected: 1006 Got: 1116
[13Jul2025 17:00:54.042] [main/WARN] [net.minecraftforge.registries.ForgeRegistry/REGISTRIES]: Registry minecraft:block: Object did not get ID it asked for. Name: graveyard:lying_wither_skeleton Expected: 1007 Got: 1117
[13Jul2025 17:00:54.042] [main/WARN] [net.minecraftforge.registries.ForgeRegistry/REGISTRIES]: Registry minecraft:block: Object did not get ID it asked for. Name: graveyard:creeper_skeleton Expected: 1008 Got: 1118
[13Jul2025 17:00:54.042] [main/WARN] [net.minecraftforge.registries.ForgeRegistry/REGISTRIES]: Registry minecraft:block: Object did not get ID it asked for. Name: graveyard:skeleton_hand Expected: 1009 Got: 1119
[13Jul2025 17:00:54.042] [main/WARN] [net.minecraftforge.registries.ForgeRegistry/REGISTRIES]: Registry minecraft:block: Object did not get ID it asked for. Name: graveyard:wither_skeleton_hand Expected: 1010 Got: 1120
[13Jul2025 17:00:54.045] [main/WARN] [net.minecraftforge.registries.ForgeRegistry/REGISTRIES]: Registry minecraft:block: Object did not get ID it asked for. Name: graveyard:bone_remains Expected: 1011 Got: 1121
[13Jul2025 17:00:54.045] [main/WARN] [net.minecraftforge.registries.ForgeRegistry/REGISTRIES]: Registry minecraft:block: Object did not get ID it asked for. Name: graveyard:wither_bone_remains Expected: 1012 Got: 1122
[13Jul2025 17:00:54.045] [main/WARN] [net.minecraftforge.registries.ForgeRegistry/REGISTRIES]: Registry minecraft:block: Object did not get ID it asked for. Name: graveyard:laterally_lying_skeleton Expected: 1013 Got: 1123
[13Jul2025 17:00:54.045] [main/WARN] [net.minecraftforge.registries.ForgeRegistry/REGISTRIES]: Registry minecraft:block: Object did not get ID it asked for. Name: graveyard:laterally_lying_wither_skeleton Expected: 1014 Got: 1124
[13Jul2025 17:00:54.045] [main/WARN] [net.minecraftforge.registries.ForgeRegistry/REGISTRIES]: Registry minecraft:block: Object did not get ID it asked for. Name: graveyard:skull_on_pike Expected: 1015 Got: 1125
[13Jul2025 17:00:54.045] [main/WARN] [net.minecraftforge.registries.ForgeRegistry/REGISTRIES]: Registry minecraft:block: Object did not get ID it asked for. Name: graveyard:wither_skull_on_pike Expected: 1016 Got: 1126
[13Jul2025 17:00:54.045] [main/WARN] [net.minecraftforge.registries.ForgeRegistry/REGISTRIES]: Registry minecraft:block: Object did not get ID it asked for. Name: graveyard:torso_pile Expected: 1017 Got: 1127
[13Jul2025 17:00:54.046] [main/WARN] [net.minecraftforge.registries.ForgeRegistry/REGISTRIES]: Registry minecraft:block: Object did not get ID it asked for. Name: graveyard:wither_torso_pile Expected: 1018 Got: 1128
[13Jul2025 17:00:54.046] [main/WARN] [net.minecraftforge.registries.ForgeRegistry/REGISTRIES]: Registry minecraft:block: Object did not get ID it asked for. Name: graveyard:hanged_skeleton Expected: 1019 Got: 1129
[13Jul2025 17:00:54.046] [main/WARN] [net.minecraftforge.registries.ForgeRegistry/REGISTRIES]: Registry minecraft:block: Object did not get ID it asked for. Name: graveyard:hanged_wither_skeleton Expected: 1020 Got: 1130
[13Jul2025 17:00:54.047] [main/WARN] [net.minecraftforge.registries.ForgeRegistry/REGISTRIES]: Registry minecraft:block: Object did not get ID it asked for. Name: graveyard:vase_block Expected: 1021 Got: 1131
[13Jul2025 17:00:54.047] [main/WARN] [net.minecraftforge.registries.ForgeRegistry/REGISTRIES]: Registry minecraft:block: Object did not get ID it asked for. Name: graveyard:gravestone Expected: 1022 Got: 1132
[13Jul2025 17:00:54.047] [main/WARN] [net.minecraftforge.registries.ForgeRegistry/REGISTRIES]: Registry minecraft:block: Object did not get ID it asked for. Name: graveyard:cobblestone_gravestone Expected: 1023 Got: 1133
[13Jul2025 17:00:54.047] [main/WARN] [net.minecraftforge.registries.ForgeRegistry/REGISTRIES]: Registry minecraft:block: Object did not get ID it asked for. Name: graveyard:mossy_cobblestone_gravestone Expected: 1024 Got: 1134
[13Jul2025 17:00:54.049] [main/WARN] [net.minecraftforge.registries.ForgeRegistry/REGISTRIES]: Registry minecraft:block: Object did not get ID it asked for. Name: graveyard:deepslate_gravestone Expected: 1025 Got: 1135
[13Jul2025 17:00:54.050] [main/WARN] [net.minecraftforge.registries.ForgeRegistry/REGISTRIES]: Registry minecraft:block: Object did not get ID it asked for. Name: graveyard:blackstone_gravestone Expected: 1026 Got: 1136
[13Jul2025 17:00:54.050] [main/WARN] [net.minecraftforge.registries.ForgeRegistry/REGISTRIES]: Registry minecraft:block: Object did not get ID it asked for. Name: graveyard:cracked_blackstone_gravestone Expected: 1027 Got: 1137
[13Jul2025 17:00:54.050] [main/WARN] [net.minecraftforge.registries.ForgeRegistry/REGISTRIES]: Registry minecraft:block: Object did not get ID it asked for. Name: graveyard:stone_bricks_gravestone Expected: 1028 Got: 1138
[13Jul2025 17:00:54.051] [main/WARN] [net.minecraftforge.registries.ForgeRegistry/REGISTRIES]: Registry minecraft:block: Object did not get ID it asked for. Name: graveyard:mossy_stone_bricks_gravestone Expected: 1029 Got: 1139
[13Jul2025 17:00:54.051] [main/WARN] [net.minecraftforge.registries.ForgeRegistry/REGISTRIES]: Registry minecraft:block: Object did not get ID it asked for. Name: graveyard:bricks_gravestone Expected: 1030 Got: 1140
[13Jul2025 17:00:54.051] [main/WARN] [net.minecraftforge.registries.ForgeRegistry/REGISTRIES]: Registry minecraft:block: Object did not get ID it asked for. Name: graveyard:sandstone_gravestone Expected: 1031 Got: 1141
[13Jul2025 17:00:54.051] [main/WARN] [net.minecraftforge.registries.ForgeRegistry/REGISTRIES]: Registry minecraft:block: Object did not get ID it asked for. Name: graveyard:red_sandstone_gravestone Expected: 1032 Got: 1142
[13Jul2025 17:00:54.051] [main/WARN] [net.minecraftforge.registries.ForgeRegistry/REGISTRIES]: Registry minecraft:block: Object did not get ID it asked for. Name: graveyard:gilded_blackstone_gravestone Expected: 1033 Got: 1143
[13Jul2025 17:00:54.051] [main/WARN] [net.minecraftforge.registries.ForgeRegistry/REGISTRIES]: Registry minecraft:block: Object did not get ID it asked for. Name: graveyard:quartz_bricks_gravestone Expected: 1034 Got: 1144
[13Jul2025 17:00:54.052] [main/WARN] [net.minecraftforge.registries.ForgeRegistry/REGISTRIES]: Registry minecraft:block: Object did not get ID it asked for. Name: graveyard:black_urn Expected: 1035 Got: 1145
[13Jul2025 17:00:54.052] [main/WARN] [net.minecraftforge.registries.ForgeRegistry/REGISTRIES]: Registry minecraft:block: Object did not get ID it asked for. Name: graveyard:brown_urn Expected: 1036 Got: 1146
[13Jul2025 17:00:54.052] [main/WARN] [net.minecraftforge.registries.ForgeRegistry/REGISTRIES]: Registry minecraft:block: Object did not get ID it asked for. Name: graveyard:white_urn Expected: 1037 Got: 1147
[13Jul2025 17:00:54.052] [main/WARN] [net.minecraftforge.registries.ForgeRegistry/REGISTRIES]: Registry minecraft:block: Object did not get ID it asked for. Name: graveyard:gray_urn Expected: 1038 Got: 1148
[13Jul2025 17:00:54.052] [main/WARN] [net.minecraftforge.registries.ForgeRegistry/REGISTRIES]: Registry minecraft:block: Object did not get ID it asked for. Name: graveyard:light_gray_urn Expected: 1039 Got: 1149
[13Jul2025 17:00:54.052] [main/WARN] [net.minecraftforge.registries.ForgeRegistry/REGISTRIES]: Registry minecraft:block: Object did not get ID it asked for. Name: graveyard:blue_urn Expected: 1040 Got: 1150
[13Jul2025 17:00:54.052] [main/WARN] [net.minecraftforge.registries.ForgeRegistry/REGISTRIES]: Registry minecraft:block: Object did not get ID it asked for. Name: graveyard:cyan_urn Expected: 1041 Got: 1151
[13Jul2025 17:00:54.053] [main/WARN] [net.minecraftforge.registries.ForgeRegistry/REGISTRIES]: Registry minecraft:block: Object did not get ID it asked for. Name: graveyard:light_blue_urn Expected: 1042 Got: 1152
[13Jul2025 17:00:54.053] [main/WARN] [net.minecraftforge.registries.ForgeRegistry/REGISTRIES]: Registry minecraft:block: Object did not get ID it asked for. Name: graveyard:red_urn Expected: 1043 Got: 1153
[13Jul2025 17:00:54.053] [main/WARN] [net.minecraftforge.registries.ForgeRegistry/REGISTRIES]: Registry minecraft:block: Object did not get ID it asked for. Name: graveyard:orange_urn Expected: 1044 Got: 1154
[13Jul2025 17:00:54.053] [main/WARN] [net.minecraftforge.registries.ForgeRegistry/REGISTRIES]: Registry minecraft:block: Object did not get ID it asked for. Name: graveyard:yellow_urn Expected: 1045 Got: 1155
[13Jul2025 17:00:54.053] [main/WARN] [net.minecraftforge.registries.ForgeRegistry/REGISTRIES]: Registry minecraft:block: Object did not get ID it asked for. Name: graveyard:pink_urn Expected: 1046 Got: 1156
[13Jul2025 17:00:54.053] [main/WARN] [net.minecraftforge.registries.ForgeRegistry/REGISTRIES]: Registry minecraft:block: Object did not get ID it asked for. Name: graveyard:magenta_urn Expected: 1047 Got: 1157
[13Jul2025 17:00:54.053] [main/WARN] [net.minecraftforge.registries.ForgeRegistry/REGISTRIES]: Registry minecraft:block: Object did not get ID it asked for. Name: graveyard:purple_urn Expected: 1048 Got: 1158
[13Jul2025 17:00:54.053] [main/WARN] [net.minecraftforge.registries.ForgeRegistry/REGISTRIES]: Registry minecraft:block: Object did not get ID it asked for. Name: graveyard:green_urn Expected: 1049 Got: 1159
[13Jul2025 17:00:54.054] [main/WARN] [net.minecraftforge.registries.ForgeRegistry/REGISTRIES]: Registry minecraft:block: Object did not get ID it asked for. Name: graveyard:lime_urn Expected: 1050 Got: 1160
[13Jul2025 17:00:54.054] [main/WARN] [net.minecraftforge.registries.ForgeRegistry/REGISTRIES]: Registry minecraft:block: Object did not get ID it asked for. Name: graveyard:small_black_urn Expected: 1051 Got: 1161
[13Jul2025 17:00:54.054] [main/WARN] [net.minecraftforge.registries.ForgeRegistry/REGISTRIES]: Registry minecraft:block: Object did not get ID it asked for. Name: graveyard:small_brown_urn Expected: 1052 Got: 1162
[13Jul2025 17:00:54.054] [main/WARN] [net.minecraftforge.registries.ForgeRegistry/REGISTRIES]: Registry minecraft:block: Object did not get ID it asked for. Name: graveyard:small_white_urn Expected: 1053 Got: 1163
[13Jul2025 17:00:54.054] [main/WARN] [net.minecraftforge.registries.ForgeRegistry/REGISTRIES]: Registry minecraft:block: Object did not get ID it asked for. Name: graveyard:small_gray_urn Expected: 1054 Got: 1164
[13Jul2025 17:00:54.054] [main/WARN] [net.minecraftforge.registries.ForgeRegistry/REGISTRIES]: Registry minecraft:block: Object did not get ID it asked for. Name: graveyard:small_light_gray_urn Expected: 1055 Got: 1165
[13Jul2025 17:00:54.054] [main/WARN] [net.minecraftforge.registries.ForgeRegistry/REGISTRIES]: Registry minecraft:block: Object did not get ID it asked for. Name: graveyard:small_blue_urn Expected: 1056 Got: 1166
[13Jul2025 17:00:54.054] [main/WARN] [net.minecraftforge.registries.ForgeRegistry/REGISTRIES]: Registry minecraft:block: Object did not get ID it asked for. Name: graveyard:small_cyan_urn Expected: 1057 Got: 1167
[13Jul2025 17:00:54.055] [main/WARN] [net.minecraftforge.registries.ForgeRegistry/REGISTRIES]: Registry minecraft:block: Object did not get ID it asked for. Name: graveyard:small_light_blue_urn Expected: 1058 Got: 1168
[13Jul2025 17:00:54.055] [main/WARN] [net.minecraftforge.registries.ForgeRegistry/REGISTRIES]: Registry minecraft:block: Object did not get ID it asked for. Name: graveyard:small_red_urn Expected: 1059 Got: 1169
[13Jul2025 17:00:54.055] [main/WARN] [net.minecraftforge.registries.ForgeRegistry/REGISTRIES]: Registry minecraft:block: Object did not get ID it asked for. Name: graveyard:small_orange_urn Expected: 1060 Got: 1170
[13Jul2025 17:00:54.055] [main/WARN] [net.minecraftforge.registries.ForgeRegistry/REGISTRIES]: Registry minecraft:block: Object did not get ID it asked for. Name: graveyard:small_yellow_urn Expected: 1061 Got: 1171
[13Jul2025 17:00:54.055] [main/WARN] [net.minecraftforge.registries.ForgeRegistry/REGISTRIES]: Registry minecraft:block: Object did not get ID it asked for. Name: graveyard:small_pink_urn Expected: 1062 Got: 1172
[13Jul2025 17:00:54.055] [main/WARN] [net.minecraftforge.registries.ForgeRegistry/REGISTRIES]: Registry minecraft:block: Object did not get ID it asked for. Name: graveyard:small_magenta_urn Expected: 1063 Got: 1173
[13Jul2025 17:00:54.055] [main/WARN] [net.minecraftforge.registries.ForgeRegistry/REGISTRIES]: Registry minecraft:block: Object did not get ID it asked for. Name: graveyard:small_purple_urn Expected: 1064 Got: 1174
[13Jul2025 17:00:54.055] [main/WARN] [net.minecraftforge.registries.ForgeRegistry/REGISTRIES]: Registry minecraft:block: Object did not get ID it asked for. Name: graveyard:small_green_urn Expected: 1065 Got: 1175
[13Jul2025 17:00:54.056] [main/WARN] [net.minecraftforge.registries.ForgeRegistry/REGISTRIES]: Registry minecraft:block: Object did not get ID it asked for. Name: graveyard:small_lime_urn Expected: 1066 Got: 1176
[13Jul2025 17:00:54.056] [main/WARN] [net.minecraftforge.registries.ForgeRegistry/REGISTRIES]: Registry minecraft:block: Object did not get ID it asked for. Name: graveyard:sarcophagus Expected: 1067 Got: 1177
[13Jul2025 17:00:54.056] [main/WARN] [net.minecraftforge.registries.ForgeRegistry/REGISTRIES]: Registry minecraft:block: Object did not get ID it asked for. Name: graveyard:oak_coffin Expected: 1068 Got: 1178
[13Jul2025 17:00:54.057] [main/WARN] [net.minecraftforge.registries.ForgeRegistry/REGISTRIES]: Registry minecraft:block: Object did not get ID it asked for. Name: graveyard:spruce_coffin Expected: 1069 Got: 1179
[13Jul2025 17:00:54.058] [main/WARN] [net.minecraftforge.registries.ForgeRegistry/REGISTRIES]: Registry minecraft:block: Object did not get ID it asked for. Name: graveyard:birch_coffin Expected: 1070 Got: 1180
[13Jul2025 17:00:54.058] [main/WARN] [net.minecraftforge.registries.ForgeRegistry/REGISTRIES]: Registry minecraft:block: Object did not get ID it asked for. Name: graveyard:dark_oak_coffin Expected: 1071 Got: 1181
[13Jul2025 17:00:54.058] [main/WARN] [net.minecraftforge.registries.ForgeRegistry/REGISTRIES]: Registry minecraft:block: Object did not get ID it asked for. Name: graveyard:jungle_coffin Expected: 1072 Got: 1182
[13Jul2025 17:00:54.058] [main/WARN] [net.minecraftforge.registries.ForgeRegistry/REGISTRIES]: Registry minecraft:block: Object did not get ID it asked for. Name: graveyard:acacia_coffin Expected: 1073 Got: 1183
[13Jul2025 17:00:54.058] [main/WARN] [net.minecraftforge.registries.ForgeRegistry/REGISTRIES]: Registry minecraft:block: Object did not get ID it asked for. Name: graveyard:warped_coffin Expected: 1074 Got: 1184
[13Jul2025 17:00:54.058] [main/WARN] [net.minecraftforge.registries.ForgeRegistry/REGISTRIES]: Registry minecraft:block: Object did not get ID it asked for. Name: graveyard:crimson_coffin Expected: 1075 Got: 1185
[13Jul2025 17:00:54.058] [main/WARN] [net.minecraftforge.registries.ForgeRegistry/REGISTRIES]: Registry minecraft:block: Object did not get ID it asked for. Name: graveyard:mangrove_coffin Expected: 1076 Got: 1186
[13Jul2025 17:00:54.058] [main/WARN] [net.minecraftforge.registries.ForgeRegistry/REGISTRIES]: Registry minecraft:block: Object did not get ID it asked for. Name: graveyard:altar Expected: 1077 Got: 1187
[13Jul2025 17:00:54.059] [main/WARN] [net.minecraftforge.registries.ForgeRegistry/REGISTRIES]: Registry minecraft:block: Object did not get ID it asked for. Name: graveyard:altar_side Expected: 1078 Got: 1188
[13Jul2025 17:00:54.059] [main/WARN] [net.minecraftforge.registries.ForgeRegistry/REGISTRIES]: Registry minecraft:block: Object did not get ID it asked for. Name: graveyard:altar_corner Expected: 1079 Got: 1189
[13Jul2025 17:00:54.059] [main/WARN] [net.minecraftforge.registries.ForgeRegistry/REGISTRIES]: Registry minecraft:block: Object did not get ID it asked for. Name: graveyard:altar_center Expected: 1080 Got: 1190
[13Jul2025 17:00:54.059] [main/WARN] [net.minecraftforge.registries.ForgeRegistry/REGISTRIES]: Registry minecraft:block: Object did not get ID it asked for. Name: graveyard:lower_bone_staff Expected: 1081 Got: 1191
[13Jul2025 17:00:54.060] [main/WARN] [net.minecraftforge.registries.ForgeRegistry/REGISTRIES]: Registry minecraft:block: Object did not get ID it asked for. Name: graveyard:middle_bone_staff Expected: 1082 Got: 1192
[13Jul2025 17:00:54.061] [main/WARN] [net.minecraftforge.registries.ForgeRegistry/REGISTRIES]: Registry minecraft:block: Object did not get ID it asked for. Name: graveyard:upper_bone_staff Expected: 1083 Got: 1193
[13Jul2025 17:00:54.061] [main/WARN] [net.minecraftforge.registries.ForgeRegistry/REGISTRIES]: Registry minecraft:block: Object did not get ID it asked for. Name: graveyard:ossuary Expected: 1084 Got: 1194
[13Jul2025 17:00:54.064] [main/WARN] [net.minecraftforge.registries.ForgeRegistry/REGISTRIES]: Registry minecraft:item: Object did not get ID it asked for. Name: sons_of_sins:soul_steel_block Expected: 1152 Got: 1742
[13Jul2025 17:00:54.064] [main/WARN] [net.minecraftforge.registries.ForgeRegistry/REGISTRIES]: Registry minecraft:item: Object did not get ID it asked for. Name: sons_of_sins:soul_steel_tiles Expected: 1153 Got: 1743
[13Jul2025 17:00:54.064] [main/WARN] [net.minecraftforge.registries.ForgeRegistry/REGISTRIES]: Registry minecraft:item: Object did not get ID it asked for. Name: sons_of_sins:soul_steel_stairs Expected: 1154 Got: 1744
[13Jul2025 17:00:54.064] [main/WARN] [net.minecraftforge.registries.ForgeRegistry/REGISTRIES]: Registry minecraft:item: Object did not get ID it asked for. Name: sons_of_sins:soul_steel_slab Expected: 1155 Got: 1745
[13Jul2025 17:00:54.065] [main/WARN] [net.minecraftforge.registries.ForgeRegistry/REGISTRIES]: Registry minecraft:item: Object did not get ID it asked for. Name: sons_of_sins:sickle_of_struggle Expected: 1156 Got: 1746
[13Jul2025 17:00:54.065] [main/WARN] [net.minecraftforge.registries.ForgeRegistry/REGISTRIES]: Registry minecraft:item: Object did not get ID it asked for. Name: sons_of_sins:remnant_helmet Expected: 1157 Got: 1747
[13Jul2025 17:00:54.065] [main/WARN] [net.minecraftforge.registries.ForgeRegistry/REGISTRIES]: Registry minecraft:item: Object did not get ID it asked for. Name: sons_of_sins:remnant_chestplate Expected: 1158 Got: 1748
[13Jul2025 17:00:54.065] [main/WARN] [net.minecraftforge.registries.ForgeRegistry/REGISTRIES]: Registry minecraft:item: Object did not get ID it asked for. Name: sons_of_sins:remnant_leggings Expected: 1159 Got: 1749
[13Jul2025 17:00:54.065] [main/WARN] [net.minecraftforge.registries.ForgeRegistry/REGISTRIES]: Registry minecraft:item: Object did not get ID it asked for. Name: sons_of_sins:remnant_boots Expected: 1160 Got: 1750
[13Jul2025 17:00:54.065] [main/WARN] [net.minecraftforge.registries.ForgeRegistry/REGISTRIES]: Registry minecraft:item: Object did not get ID it asked for. Name: sons_of_sins:osseous_pickaxe Expected: 1161 Got: 1751
[13Jul2025 17:00:54.065] [main/WARN] [net.minecraftforge.registries.ForgeRegistry/REGISTRIES]: Registry minecraft:item: Object did not get ID it asked for. Name: sons_of_sins:osseous_axe Expected: 1162 Got: 1752
[13Jul2025 17:00:54.065] [main/WARN] [net.minecraftforge.registries.ForgeRegistry/REGISTRIES]: Registry minecraft:item: Object did not get ID it asked for. Name: sons_of_sins:osseous_sword Expected: 1163 Got: 1753
[13Jul2025 17:00:54.065] [main/WARN] [net.minecraftforge.registries.ForgeRegistry/REGISTRIES]: Registry minecraft:item: Object did not get ID it asked for. Name: sons_of_sins:osseous_shovel Expected: 1164 Got: 1754
[13Jul2025 17:00:54.065] [main/WARN] [net.minecraftforge.registries.ForgeRegistry/REGISTRIES]: Registry minecraft:item: Object did not get ID it asked for. Name: sons_of_sins:osseous_hoe Expected: 1165 Got: 1755
[13Jul2025 17:00:54.066] [main/WARN] [net.minecraftforge.registries.ForgeRegistry/REGISTRIES]: Registry minecraft:item: Object did not get ID it asked for. Name: sons_of_sins:ether_ashes Expected: 1166 Got: 1756
[13Jul2025 17:00:54.066] [main/WARN] [net.minecraftforge.registries.ForgeRegistry/REGISTRIES]: Registry minecraft:item: Object did not get ID it asked for. Name: sons_of_sins:soul_steel Expected: 1167 Got: 1757
[13Jul2025 17:00:54.066] [main/WARN] [net.minecraftforge.registries.ForgeRegistry/REGISTRIES]: Registry minecraft:item: Object did not get ID it asked for. Name: sons_of_sins:bottle_of_blood Expected: 1168 Got: 1758
[13Jul2025 17:00:54.066] [main/WARN] [net.minecraftforge.registries.ForgeRegistry/REGISTRIES]: Registry minecraft:item: Object did not get ID it asked for. Name: sons_of_sins:blood_bucket Expected: 1169 Got: 1759
[13Jul2025 17:00:54.066] [main/WARN] [net.minecraftforge.registries.ForgeRegistry/REGISTRIES]: Registry minecraft:item: Object did not get ID it asked for. Name: sons_of_sins:urn Expected: 1170 Got: 1760
[13Jul2025 17:00:54.066] [main/WARN] [net.minecraftforge.registries.ForgeRegistry/REGISTRIES]: Registry minecraft:item: Object did not get ID it asked for. Name: sons_of_sins:ether_sword Expected: 1171 Got: 1761
[13Jul2025 17:00:54.068] [main/WARN] [net.minecraftforge.registries.ForgeRegistry/REGISTRIES]: Registry minecraft:item: Object did not get ID it asked for. Name: sons_of_sins:shape_shifting_tool Expected: 1172 Got: 1762
[13Jul2025 17:00:54.068] [main/WARN] [net.minecraftforge.registries.ForgeRegistry/REGISTRIES]: Registry minecraft:item: Object did not get ID it asked for. Name: sons_of_sins:crystallized_ether Expected: 1173 Got: 1763
[13Jul2025 17:00:54.068] [main/WARN] [net.minecraftforge.registries.ForgeRegistry/REGISTRIES]: Registry minecraft:item: Object did not get ID it asked for. Name: sons_of_sins:gulber_spawn_egg Expected: 1174 Got: 1764
[13Jul2025 17:00:54.068] [main/WARN] [net.minecraftforge.registries.ForgeRegistry/REGISTRIES]: Registry minecraft:item: Object did not get ID it asked for. Name: sons_of_sins:devourer_spawn_egg Expected: 1175 Got: 1765
[13Jul2025 17:00:54.068] [main/WARN] [net.minecraftforge.registries.ForgeRegistry/REGISTRIES]: Registry minecraft:item: Object did not get ID it asked for. Name: sons_of_sins:grub_spawn_egg Expected: 1176 Got: 1766
[13Jul2025 17:00:54.068] [main/WARN] [net.minecraftforge.registries.ForgeRegistry/REGISTRIES]: Registry minecraft:item: Object did not get ID it asked for. Name: sons_of_sins:guzzler_spawn_egg Expected: 1177 Got: 1767
[13Jul2025 17:00:54.069] [main/WARN] [net.minecraftforge.registries.ForgeRegistry/REGISTRIES]: Registry minecraft:item: Object did not get ID it asked for. Name: sons_of_sins:nibbler_spawn_egg Expected: 1178 Got: 1768
[13Jul2025 17:00:54.069] [main/WARN] [net.minecraftforge.registries.ForgeRegistry/REGISTRIES]: Registry minecraft:item: Object did not get ID it asked for. Name: sons_of_sins:flesh_carcass Expected: 1179 Got: 1769
[13Jul2025 17:00:54.069] [main/WARN] [net.minecraftforge.registries.ForgeRegistry/REGISTRIES]: Registry minecraft:item: Object did not get ID it asked for. Name: sons_of_sins:flesh_of_demise Expected: 1180 Got: 1770
[13Jul2025 17:00:54.069] [main/WARN] [net.minecraftforge.registries.ForgeRegistry/REGISTRIES]: Registry minecraft:item: Object did not get ID it asked for. Name: sons_of_sins:ribs Expected: 1181 Got: 1771
[13Jul2025 17:00:54.069] [main/WARN] [net.minecraftforge.registries.ForgeRegistry/REGISTRIES]: Registry minecraft:item: Object did not get ID it asked for. Name: sons_of_sins:muscle Expected: 1182 Got: 1772
[13Jul2025 17:00:54.069] [main/WARN] [net.minecraftforge.registries.ForgeRegistry/REGISTRIES]: Registry minecraft:item: Object did not get ID it asked for. Name: sons_of_sins:heart Expected: 1183 Got: 1773
[13Jul2025 17:00:54.069] [main/WARN] [net.minecraftforge.registries.ForgeRegistry/REGISTRIES]: Registry minecraft:item: Object did not get ID it asked for. Name: sons_of_sins:flesh_block Expected: 1184 Got: 1774
[13Jul2025 17:00:54.069] [main/WARN] [net.minecraftforge.registries.ForgeRegistry/REGISTRIES]: Registry minecraft:item: Object did not get ID it asked for. Name: sons_of_sins:block_of_ribs Expected: 1185 Got: 1775
[13Jul2025 17:00:54.069] [main/WARN] [net.minecraftforge.registries.ForgeRegistry/REGISTRIES]: Registry minecraft:item: Object did not get ID it asked for. Name: sons_of_sins:block_of_muscles Expected: 1186 Got: 1776
[13Jul2025 17:00:54.070] [main/WARN] [net.minecraftforge.registries.ForgeRegistry/REGISTRIES]: Registry minecraft:item: Object did not get ID it asked for. Name: sons_of_sins:block_of_hearts Expected: 1187 Got: 1777
[13Jul2025 17:00:54.070] [main/WARN] [net.minecraftforge.registries.ForgeRegistry/REGISTRIES]: Registry minecraft:item: Object did not get ID it asked for. Name: sons_of_sins:creeper_ribs Expected: 1188 Got: 1778
[13Jul2025 17:00:54.070] [main/WARN] [net.minecraftforge.registries.ForgeRegistry/REGISTRIES]: Registry minecraft:item: Object did not get ID it asked for. Name: sons_of_sins:golem_cuirass Expected: 1189 Got: 1779
[13Jul2025 17:00:54.070] [main/WARN] [net.minecraftforge.registries.ForgeRegistry/REGISTRIES]: Registry minecraft:item: Object did not get ID it asked for. Name: sons_of_sins:slime_rear Expected: 1190 Got: 1780
[13Jul2025 17:00:54.070] [main/WARN] [net.minecraftforge.registries.ForgeRegistry/REGISTRIES]: Registry minecraft:item: Object did not get ID it asked for. Name: sons_of_sins:enderman_muscle Expected: 1191 Got: 1781
[13Jul2025 17:00:54.070] [main/WARN] [net.minecraftforge.registries.ForgeRegistry/REGISTRIES]: Registry minecraft:item: Object did not get ID it asked for. Name: sons_of_sins:strider_muscle Expected: 1192 Got: 1782
[13Jul2025 17:00:54.070] [main/WARN] [net.minecraftforge.registries.ForgeRegistry/REGISTRIES]: Registry minecraft:item: Object did not get ID it asked for. Name: sons_of_sins:ravager_muscle Expected: 1193 Got: 1783
[13Jul2025 17:00:54.070] [main/WARN] [net.minecraftforge.registries.ForgeRegistry/REGISTRIES]: Registry minecraft:item: Object did not get ID it asked for. Name: sons_of_sins:blazing_heart Expected: 1194 Got: 1784
[13Jul2025 17:00:54.071] [main/WARN] [net.minecraftforge.registries.ForgeRegistry/REGISTRIES]: Registry minecraft:item: Object did not get ID it asked for. Name: sons_of_sins:spider_heart Expected: 1195 Got: 1785
[13Jul2025 17:00:54.071] [main/WARN] [net.minecraftforge.registries.ForgeRegistry/REGISTRIES]: Registry minecraft:item: Object did not get ID it asked for. Name: sons_of_sins:ice_heart Expected: 1196 Got: 1786
[13Jul2025 17:00:54.072] [main/WARN] [net.minecraftforge.registries.ForgeRegistry/REGISTRIES]: Registry minecraft:item: Object did not get ID it asked for. Name: sons_of_sins:block_of_creeper_ribs Expected: 1197 Got: 1787
[13Jul2025 17:00:54.072] [main/WARN] [net.minecraftforge.registries.ForgeRegistry/REGISTRIES]: Registry minecraft:item: Object did not get ID it asked for. Name: sons_of_sins:block_of_golem_cuirass Expected: 1198 Got: 1788
[13Jul2025 17:00:54.072] [main/WARN] [net.minecraftforge.registries.ForgeRegistry/REGISTRIES]: Registry minecraft:item: Object did not get ID it asked for. Name: sons_of_sins:block_of_slime_rear Expected: 1199 Got: 1789
[13Jul2025 17:00:54.072] [main/WARN] [net.minecraftforge.registries.ForgeRegistry/REGISTRIES]: Registry minecraft:item: Object did not get ID it asked for. Name: sons_of_sins:block_of_enderman_muscles Expected: 1200 Got: 1790
[13Jul2025 17:00:54.072] [main/WARN] [net.minecraftforge.registries.ForgeRegistry/REGISTRIES]: Registry minecraft:item: Object did not get ID it asked for. Name: sons_of_sins:block_of_strider_muscle Expected: 1201 Got: 1791
[13Jul2025 17:00:54.072] [main/WARN] [net.minecraftforge.registries.ForgeRegistry/REGISTRIES]: Registry minecraft:item: Object did not get ID it asked for. Name: sons_of_sins:block_of_ravager_muscle Expected: 1202 Got: 1792
[13Jul2025 17:00:54.072] [main/WARN] [net.minecraftforge.registries.ForgeRegistry/REGISTRIES]: Registry minecraft:item: Object did not get ID it asked for. Name: sons_of_sins:block_of_blazing_hearts Expected: 1203 Got: 1793
[13Jul2025 17:00:54.072] [main/WARN] [net.minecraftforge.registries.ForgeRegistry/REGISTRIES]: Registry minecraft:item: Object did not get ID it asked for. Name: sons_of_sins:block_of_spider_heart Expected: 1204 Got: 1794
[13Jul2025 17:00:54.073] [main/WARN] [net.minecraftforge.registries.ForgeRegistry/REGISTRIES]: Registry minecraft:item: Object did not get ID it asked for. Name: sons_of_sins:block_of_ice_heart Expected: 1205 Got: 1795
[13Jul2025 17:00:54.073] [main/WARN] [net.minecraftforge.registries.ForgeRegistry/REGISTRIES]: Registry minecraft:item: Object did not get ID it asked for. Name: sons_of_sins:wistiver_spawn_egg Expected: 1206 Got: 1796
[13Jul2025 17:00:54.073] [main/WARN] [net.minecraftforge.registries.ForgeRegistry/REGISTRIES]: Registry minecraft:item: Object did not get ID it asked for. Name: sons_of_sins:walking_bed_spawn_egg Expected: 1207 Got: 1797
[13Jul2025 17:00:54.073] [main/WARN] [net.minecraftforge.registries.ForgeRegistry/REGISTRIES]: Registry minecraft:item: Object did not get ID it asked for. Name: sons_of_sins:prowler_spawn_egg Expected: 1208 Got: 1798
[13Jul2025 17:00:54.073] [main/WARN] [net.minecraftforge.registries.ForgeRegistry/REGISTRIES]: Registry minecraft:item: Object did not get ID it asked for. Name: sons_of_sins:kelvin_spawn_egg Expected: 1209 Got: 1799
[13Jul2025 17:00:54.073] [main/WARN] [net.minecraftforge.registries.ForgeRegistry/REGISTRIES]: Registry minecraft:item: Object did not get ID it asked for. Name: sons_of_sins:curse_spawn_egg Expected: 1210 Got: 1800
[13Jul2025 17:00:54.073] [main/WARN] [net.minecraftforge.registries.ForgeRegistry/REGISTRIES]: Registry minecraft:item: Object did not get ID it asked for. Name: sons_of_sins:blud_spawn_egg Expected: 1211 Got: 1801
[13Jul2025 17:00:54.074] [main/WARN] [net.minecraftforge.registries.ForgeRegistry/REGISTRIES]: Registry minecraft:item: Object did not get ID it asked for. Name: sons_of_sins:butcher_spawn_egg Expected: 1212 Got: 1802
[13Jul2025 17:00:54.074] [main/WARN] [net.minecraftforge.registries.ForgeRegistry/REGISTRIES]: Registry minecraft:item: Object did not get ID it asked for. Name: sons_of_sins:bloody_bone Expected: 1213 Got: 1803
[13Jul2025 17:00:54.074] [main/WARN] [net.minecraftforge.registries.ForgeRegistry/REGISTRIES]: Registry minecraft:item: Object did not get ID it asked for. Name: sons_of_sins:sins_music_disc Expected: 1214 Got: 1804
[13Jul2025 17:00:54.074] [main/WARN] [net.minecraftforge.registries.ForgeRegistry/REGISTRIES]: Registry minecraft:item: Object did not get ID it asked for. Name: sons_of_sins:wistivers_jaws Expected: 1215 Got: 1805
[13Jul2025 17:00:54.074] [main/WARN] [net.minecraftforge.registries.ForgeRegistry/REGISTRIES]: Registry minecraft:item: Object did not get ID it asked for. Name: sons_of_sins:puppet_of_strife Expected: 1216 Got: 1806
[13Jul2025 17:00:54.074] [main/WARN] [net.minecraftforge.registries.ForgeRegistry/REGISTRIES]: Registry minecraft:item: Object did not get ID it asked for. Name: sons_of_sins:hand_of_riot Expected: 1217 Got: 1807
[13Jul2025 17:00:54.074] [main/WARN] [net.minecraftforge.registries.ForgeRegistry/REGISTRIES]: Registry minecraft:item: Object did not get ID it asked for. Name: sons_of_sins:ether_engine Expected: 1218 Got: 1808
[13Jul2025 17:00:54.075] [main/WARN] [net.minecraftforge.registries.ForgeRegistry/REGISTRIES]: Registry minecraft:item: Object did not get ID it asked for. Name: sons_of_sins:cursed_head Expected: 1219 Got: 1809
[13Jul2025 17:00:54.075] [main/WARN] [net.minecraftforge.registries.ForgeRegistry/REGISTRIES]: Registry minecraft:item: Object did not get ID it asked for. Name: sons_of_sins:touch_of_greed Expected: 1220 Got: 1810
[13Jul2025 17:00:54.075] [main/WARN] [net.minecraftforge.registries.ForgeRegistry/REGISTRIES]: Registry minecraft:item: Object did not get ID it asked for. Name: sons_of_sins:butcher_cleaver Expected: 1221 Got: 1811
[13Jul2025 17:00:54.075] [main/WARN] [net.minecraftforge.registries.ForgeRegistry/REGISTRIES]: Registry minecraft:item: Object did not get ID it asked for. Name: sons_of_sins:sinful_pickaxe Expected: 1222 Got: 1812
[13Jul2025 17:00:54.075] [main/WARN] [net.minecraftforge.registries.ForgeRegistry/REGISTRIES]: Registry minecraft:item: Object did not get ID it asked for. Name: sons_of_sins:sinful_axe Expected: 1223 Got: 1813
[13Jul2025 17:00:54.075] [main/WARN] [net.minecraftforge.registries.ForgeRegistry/REGISTRIES]: Registry minecraft:item: Object did not get ID it asked for. Name: sons_of_sins:sinful_sword Expected: 1224 Got: 1814
[13Jul2025 17:00:54.075] [main/WARN] [net.minecraftforge.registries.ForgeRegistry/REGISTRIES]: Registry minecraft:item: Object did not get ID it asked for. Name: sons_of_sins:sinful_shovel Expected: 1225 Got: 1815
[13Jul2025 17:00:54.075] [main/WARN] [net.minecraftforge.registries.ForgeRegistry/REGISTRIES]: Registry minecraft:item: Object did not get ID it asked for. Name: sons_of_sins:sinful_hoe Expected: 1226 Got: 1816
[13Jul2025 17:00:54.076] [main/WARN] [net.minecraftforge.registries.ForgeRegistry/REGISTRIES]: Registry minecraft:item: Object did not get ID it asked for. Name: sons_of_sins:betrayed_guzzler_spawn_egg Expected: 1227 Got: 1817
[13Jul2025 17:00:54.076] [main/WARN] [net.minecraftforge.registries.ForgeRegistry/REGISTRIES]: Registry minecraft:item: Object did not get ID it asked for. Name: sons_of_sins:blood_ball Expected: 1228 Got: 1818
[13Jul2025 17:00:54.076] [main/WARN] [net.minecraftforge.registries.ForgeRegistry/REGISTRIES]: Registry minecraft:item: Object did not get ID it asked for. Name: sons_of_sins:ditched_spawn_egg Expected: 1229 Got: 1819
[13Jul2025 17:00:54.076] [main/WARN] [net.minecraftforge.registries.ForgeRegistry/REGISTRIES]: Registry minecraft:item: Object did not get ID it asked for. Name: sons_of_sins:iron_and_ether Expected: 1230 Got: 1820
[13Jul2025 17:00:54.076] [main/WARN] [net.minecraftforge.registries.ForgeRegistry/REGISTRIES]: Registry minecraft:item: Object did not get ID it asked for. Name: sons_of_sins:flesh_pickaxe Expected: 1231 Got: 1821
[13Jul2025 17:00:54.076] [main/WARN] [net.minecraftforge.registries.ForgeRegistry/REGISTRIES]: Registry minecraft:item: Object did not get ID it asked for. Name: sons_of_sins:flesh_axe Expected: 1232 Got: 1822
[13Jul2025 17:00:54.076] [main/WARN] [net.minecraftforge.registries.ForgeRegistry/REGISTRIES]: Registry minecraft:item: Object did not get ID it asked for. Name: sons_of_sins:flesh_sword Expected: 1233 Got: 1823
[13Jul2025 17:00:54.076] [main/WARN] [net.minecraftforge.registries.ForgeRegistry/REGISTRIES]: Registry minecraft:item: Object did not get ID it asked for. Name: sons_of_sins:flesh_shovel Expected: 1234 Got: 1824
[13Jul2025 17:00:54.076] [main/WARN] [net.minecraftforge.registries.ForgeRegistry/REGISTRIES]: Registry minecraft:item: Object did not get ID it asked for. Name: sons_of_sins:flesh_hoe Expected: 1235 Got: 1825
[13Jul2025 17:00:54.077] [main/WARN] [net.minecraftforge.registries.ForgeRegistry/REGISTRIES]: Registry minecraft:item: Object did not get ID it asked for. Name: sons_of_sins:charged_creeper_ribs Expected: 1236 Got: 1826
[13Jul2025 17:00:54.077] [main/WARN] [net.minecraftforge.registries.ForgeRegistry/REGISTRIES]: Registry minecraft:item: Object did not get ID it asked for. Name: sons_of_sins:urn_block Expected: 1237 Got: 1827
[13Jul2025 17:00:54.077] [main/WARN] [net.minecraftforge.registries.ForgeRegistry/REGISTRIES]: Registry minecraft:item: Object did not get ID it asked for. Name: mowziesmobs:foliaath_seed Expected: 1273 Got: 1828
[13Jul2025 17:00:54.077] [main/WARN] [net.minecraftforge.registries.ForgeRegistry/REGISTRIES]: Registry minecraft:item: Object did not get ID it asked for. Name: mowziesmobs:mob_remover Expected: 1274 Got: 1829
[13Jul2025 17:00:54.077] [main/WARN] [net.minecraftforge.registries.ForgeRegistry/REGISTRIES]: Registry minecraft:item: Object did not get ID it asked for. Name: mowziesmobs:wrought_axe Expected: 1275 Got: 1830
[13Jul2025 17:00:54.077] [main/WARN] [net.minecraftforge.registries.ForgeRegistry/REGISTRIES]: Registry minecraft:item: Object did not get ID it asked for. Name: mowziesmobs:wrought_helmet Expected: 1276 Got: 1831
[13Jul2025 17:00:54.077] [main/WARN] [net.minecraftforge.registries.ForgeRegistry/REGISTRIES]: Registry minecraft:item: Object did not get ID it asked for. Name: mowziesmobs:umvuthana_mask_fury Expected: 1277 Got: 1832
[13Jul2025 17:00:54.078] [main/WARN] [net.minecraftforge.registries.ForgeRegistry/REGISTRIES]: Registry minecraft:item: Object did not get ID it asked for. Name: mowziesmobs:umvuthana_mask_fear Expected: 1278 Got: 1833
[13Jul2025 17:00:54.078] [main/WARN] [net.minecraftforge.registries.ForgeRegistry/REGISTRIES]: Registry minecraft:item: Object did not get ID it asked for. Name: mowziesmobs:umvuthana_mask_rage Expected: 1279 Got: 1834
[13Jul2025 17:00:54.078] [main/WARN] [net.minecraftforge.registries.ForgeRegistry/REGISTRIES]: Registry minecraft:item: Object did not get ID it asked for. Name: mowziesmobs:umvuthana_mask_bliss Expected: 1280 Got: 1835
[13Jul2025 17:00:54.078] [main/WARN] [net.minecraftforge.registries.ForgeRegistry/REGISTRIES]: Registry minecraft:item: Object did not get ID it asked for. Name: mowziesmobs:umvuthana_mask_misery Expected: 1281 Got: 1836
[13Jul2025 17:00:54.078] [main/WARN] [net.minecraftforge.registries.ForgeRegistry/REGISTRIES]: Registry minecraft:item: Object did not get ID it asked for. Name: mowziesmobs:umvuthana_mask_faith Expected: 1282 Got: 1837
[13Jul2025 17:00:54.078] [main/WARN] [net.minecraftforge.registries.ForgeRegistry/REGISTRIES]: Registry minecraft:item: Object did not get ID it asked for. Name: mowziesmobs:sol_visage Expected: 1283 Got: 1838
[13Jul2025 17:00:54.078] [main/WARN] [net.minecraftforge.registries.ForgeRegistry/REGISTRIES]: Registry minecraft:item: Object did not get ID it asked for. Name: mowziesmobs:dart Expected: 1284 Got: 1839
[13Jul2025 17:00:54.079] [main/WARN] [net.minecraftforge.registries.ForgeRegistry/REGISTRIES]: Registry minecraft:item: Object did not get ID it asked for. Name: mowziesmobs:spear Expected: 1285 Got: 1840
[13Jul2025 17:00:54.079] [main/WARN] [net.minecraftforge.registries.ForgeRegistry/REGISTRIES]: Registry minecraft:item: Object did not get ID it asked for. Name: mowziesmobs:blowgun Expected: 1286 Got: 1841
[13Jul2025 17:00:54.079] [main/WARN] [net.minecraftforge.registries.ForgeRegistry/REGISTRIES]: Registry minecraft:item: Object did not get ID it asked for. Name: mowziesmobs:grant_suns_blessing Expected: 1287 Got: 1842
[13Jul2025 17:00:54.079] [main/WARN] [net.minecraftforge.registries.ForgeRegistry/REGISTRIES]: Registry minecraft:item: Object did not get ID it asked for. Name: mowziesmobs:ice_crystal Expected: 1288 Got: 1843
[13Jul2025 17:00:54.079] [main/WARN] [net.minecraftforge.registries.ForgeRegistry/REGISTRIES]: Registry minecraft:item: Object did not get ID it asked for. Name: mowziesmobs:earth_talisman Expected: 1289 Got: 1844
[13Jul2025 17:00:54.079] [main/WARN] [net.minecraftforge.registries.ForgeRegistry/REGISTRIES]: Registry minecraft:item: Object did not get ID it asked for. Name: mowziesmobs:captured_grottol Expected: 1290 Got: 1845
[13Jul2025 17:00:54.079] [main/WARN] [net.minecraftforge.registries.ForgeRegistry/REGISTRIES]: Registry minecraft:item: Object did not get ID it asked for. Name: mowziesmobs:glowing_jelly Expected: 1291 Got: 1846
[13Jul2025 17:00:54.079] [main/WARN] [net.minecraftforge.registries.ForgeRegistry/REGISTRIES]: Registry minecraft:item: Object did not get ID it asked for. Name: mowziesmobs:naga_fang Expected: 1292 Got: 1847
[13Jul2025 17:00:54.079] [main/WARN] [net.minecraftforge.registries.ForgeRegistry/REGISTRIES]: Registry minecraft:item: Object did not get ID it asked for. Name: mowziesmobs:naga_fang_dagger Expected: 1293 Got: 1848
[13Jul2025 17:00:54.080] [main/WARN] [net.minecraftforge.registries.ForgeRegistry/REGISTRIES]: Registry minecraft:item: Object did not get ID it asked for. Name: mowziesmobs:earthbore_gauntlet Expected: 1294 Got: 1849
[13Jul2025 17:00:54.080] [main/WARN] [net.minecraftforge.registries.ForgeRegistry/REGISTRIES]: Registry minecraft:item: Object did not get ID it asked for. Name: mowziesmobs:logo Expected: 1295 Got: 1850
[13Jul2025 17:00:54.080] [main/WARN] [net.minecraftforge.registries.ForgeRegistry/REGISTRIES]: Registry minecraft:item: Object did not get ID it asked for. Name: mowziesmobs:music_disc_petiole Expected: 1296 Got: 1851
[13Jul2025 17:00:54.080] [main/WARN] [net.minecraftforge.registries.ForgeRegistry/REGISTRIES]: Registry minecraft:item: Object did not get ID it asked for. Name: mowziesmobs:foliaath_spawn_egg Expected: 1297 Got: 1852
[13Jul2025 17:00:54.080] [main/WARN] [net.minecraftforge.registries.ForgeRegistry/REGISTRIES]: Registry minecraft:item: Object did not get ID it asked for. Name: mowziesmobs:wroughtnaut_spawn_egg Expected: 1298 Got: 1853
[13Jul2025 17:00:54.080] [main/WARN] [net.minecraftforge.registries.ForgeRegistry/REGISTRIES]: Registry minecraft:item: Object did not get ID it asked for. Name: mowziesmobs:umvuthana_spawn_egg Expected: 1299 Got: 1854
[13Jul2025 17:00:54.080] [main/WARN] [net.minecraftforge.registries.ForgeRegistry/REGISTRIES]: Registry minecraft:item: Object did not get ID it asked for. Name: mowziesmobs:umvuthana_raptor_spawn_egg Expected: 1300 Got: 1855
[13Jul2025 17:00:54.080] [main/WARN] [net.minecraftforge.registries.ForgeRegistry/REGISTRIES]: Registry minecraft:item: Object did not get ID it asked for. Name: mowziesmobs:umvuthana_crane_spawn_egg Expected: 1301 Got: 1856
[13Jul2025 17:00:54.081] [main/WARN] [net.minecraftforge.registries.ForgeRegistry/REGISTRIES]: Registry minecraft:item: Object did not get ID it asked for. Name: mowziesmobs:umvuthi_spawn_egg Expected: 1302 Got: 1857
[13Jul2025 17:00:54.081] [main/WARN] [net.minecraftforge.registries.ForgeRegistry/REGISTRIES]: Registry minecraft:item: Object did not get ID it asked for. Name: mowziesmobs:frostmaw_spawn_egg Expected: 1303 Got: 1858
[13Jul2025 17:00:54.081] [main/WARN] [net.minecraftforge.registries.ForgeRegistry/REGISTRIES]: Registry minecraft:item: Object did not get ID it asked for. Name: mowziesmobs:grottol_spawn_egg Expected: 1304 Got: 1859
[13Jul2025 17:00:54.081] [main/WARN] [net.minecraftforge.registries.ForgeRegistry/REGISTRIES]: Registry minecraft:item: Object did not get ID it asked for. Name: mowziesmobs:lantern_spawn_egg Expected: 1305 Got: 1860
[13Jul2025 17:00:54.081] [main/WARN] [net.minecraftforge.registries.ForgeRegistry/REGISTRIES]: Registry minecraft:item: Object did not get ID it asked for. Name: mowziesmobs:naga_spawn_egg Expected: 1306 Got: 1861
[13Jul2025 17:00:54.081] [main/WARN] [net.minecraftforge.registries.ForgeRegistry/REGISTRIES]: Registry minecraft:item: Object did not get ID it asked for. Name: mowziesmobs:painted_acacia Expected: 1307 Got: 1862
[13Jul2025 17:00:54.081] [main/WARN] [net.minecraftforge.registries.ForgeRegistry/REGISTRIES]: Registry minecraft:item: Object did not get ID it asked for. Name: mowziesmobs:painted_acacia_slab Expected: 1308 Got: 1863
[13Jul2025 17:00:54.081] [main/WARN] [net.minecraftforge.registries.ForgeRegistry/REGISTRIES]: Registry minecraft:item: Object did not get ID it asked for. Name: mowziesmobs:thatch_block Expected: 1309 Got: 1864
[13Jul2025 17:00:54.082] [main/WARN] [net.minecraftforge.registries.ForgeRegistry/REGISTRIES]: Registry minecraft:item: Object did not get ID it asked for. Name: mowziesmobs:clawed_log Expected: 1310 Got: 1865
[13Jul2025 17:00:54.082] [main/WARN] [net.minecraftforge.registries.ForgeRegistry/REGISTRIES]: Registry minecraft:item: Object did not get ID it asked for. Name: knightquest:radiant_essence Expected: 1336 Got: 1866
[13Jul2025 17:00:54.082] [main/WARN] [net.minecraftforge.registries.ForgeRegistry/REGISTRIES]: Registry minecraft:item: Object did not get ID it asked for. Name: knightquest:chaotic_essence Expected: 1337 Got: 1867
[13Jul2025 17:00:54.082] [main/WARN] [net.minecraftforge.registries.ForgeRegistry/REGISTRIES]: Registry minecraft:item: Object did not get ID it asked for. Name: knightquest:empty_goblet Expected: 1338 Got: 1868
[13Jul2025 17:00:54.082] [main/WARN] [net.minecraftforge.registries.ForgeRegistry/REGISTRIES]: Registry minecraft:item: Object did not get ID it asked for. Name: knightquest:filled_goblet Expected: 1339 Got: 1869
[13Jul2025 17:00:54.082] [main/WARN] [net.minecraftforge.registries.ForgeRegistry/REGISTRIES]: Registry minecraft:item: Object did not get ID it asked for. Name: knightquest:ratman_eye Expected: 1340 Got: 1870
[13Jul2025 17:00:54.082] [main/WARN] [net.minecraftforge.registries.ForgeRegistry/REGISTRIES]: Registry minecraft:item: Object did not get ID it asked for. Name: knightquest:lizzy_scale Expected: 1341 Got: 1871
[13Jul2025 17:00:54.082] [main/WARN] [net.minecraftforge.registries.ForgeRegistry/REGISTRIES]: Registry minecraft:item: Object did not get ID it asked for. Name: knightquest:water_sword Expected: 1342 Got: 1872
[13Jul2025 17:00:54.082] [main/WARN] [net.minecraftforge.registries.ForgeRegistry/REGISTRIES]: Registry minecraft:item: Object did not get ID it asked for. Name: knightquest:steel_sword Expected: 1343 Got: 1873
[13Jul2025 17:00:54.083] [main/WARN] [net.minecraftforge.registries.ForgeRegistry/REGISTRIES]: Registry minecraft:item: Object did not get ID it asked for. Name: knightquest:water_axe Expected: 1344 Got: 1874
[13Jul2025 17:00:54.083] [main/WARN] [net.minecraftforge.registries.ForgeRegistry/REGISTRIES]: Registry minecraft:item: Object did not get ID it asked for. Name: knightquest:steel_axe Expected: 1345 Got: 1875
[13Jul2025 17:00:54.083] [main/WARN] [net.minecraftforge.registries.ForgeRegistry/REGISTRIES]: Registry minecraft:item: Object did not get ID it asked for. Name: knightquest:apple_helmet Expected: 1346 Got: 1876
[13Jul2025 17:00:54.083] [main/WARN] [net.minecraftforge.registries.ForgeRegistry/REGISTRIES]: Registry minecraft:item: Object did not get ID it asked for. Name: knightquest:apple_chestplate Expected: 1347 Got: 1877
[13Jul2025 17:00:54.083] [main/WARN] [net.minecraftforge.registries.ForgeRegistry/REGISTRIES]: Registry minecraft:item: Object did not get ID it asked for. Name: knightquest:apple_leggings Expected: 1348 Got: 1878
[13Jul2025 17:00:54.083] [main/WARN] [net.minecraftforge.registries.ForgeRegistry/REGISTRIES]: Registry minecraft:item: Object did not get ID it asked for. Name: knightquest:apple_boots Expected: 1349 Got: 1879
[13Jul2025 17:00:54.083] [main/WARN] [net.minecraftforge.registries.ForgeRegistry/REGISTRIES]: Registry minecraft:item: Object did not get ID it asked for. Name: knightquest:bamboo_blue_helmet Expected: 1350 Got: 1880
[13Jul2025 17:00:54.083] [main/WARN] [net.minecraftforge.registries.ForgeRegistry/REGISTRIES]: Registry minecraft:item: Object did not get ID it asked for. Name: knightquest:bamboo_blue_chestplate Expected: 1351 Got: 1881
[13Jul2025 17:00:54.084] [main/WARN] [net.minecraftforge.registries.ForgeRegistry/REGISTRIES]: Registry minecraft:item: Object did not get ID it asked for. Name: knightquest:bamboo_blue_leggings Expected: 1352 Got: 1882
[13Jul2025 17:00:54.084] [main/WARN] [net.minecraftforge.registries.ForgeRegistry/REGISTRIES]: Registry minecraft:item: Object did not get ID it asked for. Name: knightquest:bamboo_blue_boots Expected: 1353 Got: 1883
[13Jul2025 17:00:54.084] [main/WARN] [net.minecraftforge.registries.ForgeRegistry/REGISTRIES]: Registry minecraft:item: Object did not get ID it asked for. Name: knightquest:bamboo_green_helmet Expected: 1354 Got: 1884
[13Jul2025 17:00:54.084] [main/WARN] [net.minecraftforge.registries.ForgeRegistry/REGISTRIES]: Registry minecraft:item: Object did not get ID it asked for. Name: knightquest:bamboo_green_chestplate Expected: 1355 Got: 1885
[13Jul2025 17:00:54.084] [main/WARN] [net.minecraftforge.registries.ForgeRegistry/REGISTRIES]: Registry minecraft:item: Object did not get ID it asked for. Name: knightquest:bamboo_green_leggings Expected: 1356 Got: 1886
[13Jul2025 17:00:54.084] [main/WARN] [net.minecraftforge.registries.ForgeRegistry/REGISTRIES]: Registry minecraft:item: Object did not get ID it asked for. Name: knightquest:bamboo_green_boots Expected: 1357 Got: 1887
[13Jul2025 17:00:54.084] [main/WARN] [net.minecraftforge.registries.ForgeRegistry/REGISTRIES]: Registry minecraft:item: Object did not get ID it asked for. Name: knightquest:tengu_helmet Expected: 1358 Got: 1888
[13Jul2025 17:00:54.084] [main/WARN] [net.minecraftforge.registries.ForgeRegistry/REGISTRIES]: Registry minecraft:item: Object did not get ID it asked for. Name: knightquest:bamboo_helmet Expected: 1359 Got: 1889
[13Jul2025 17:00:54.084] [main/WARN] [net.minecraftforge.registries.ForgeRegistry/REGISTRIES]: Registry minecraft:item: Object did not get ID it asked for. Name: knightquest:bamboo_chestplate Expected: 1360 Got: 1890
[13Jul2025 17:00:54.085] [main/WARN] [net.minecraftforge.registries.ForgeRegistry/REGISTRIES]: Registry minecraft:item: Object did not get ID it asked for. Name: knightquest:bamboo_leggings Expected: 1361 Got: 1891
[13Jul2025 17:00:54.085] [main/WARN] [net.minecraftforge.registries.ForgeRegistry/REGISTRIES]: Registry minecraft:item: Object did not get ID it asked for. Name: knightquest:bamboo_boots Expected: 1362 Got: 1892
[13Jul2025 17:00:54.085] [main/WARN] [net.minecraftforge.registries.ForgeRegistry/REGISTRIES]: Registry minecraft:item: Object did not get ID it asked for. Name: knightquest:bat_helmet Expected: 1363 Got: 1893
[13Jul2025 17:00:54.085] [main/WARN] [net.minecraftforge.registries.ForgeRegistry/REGISTRIES]: Registry minecraft:item: Object did not get ID it asked for. Name: knightquest:bat_chestplate Expected: 1364 Got: 1894
[13Jul2025 17:00:54.085] [main/WARN] [net.minecraftforge.registries.ForgeRegistry/REGISTRIES]: Registry minecraft:item: Object did not get ID it asked for. Name: knightquest:bat_leggings Expected: 1365 Got: 1895
[13Jul2025 17:00:54.085] [main/WARN] [net.minecraftforge.registries.ForgeRegistry/REGISTRIES]: Registry minecraft:item: Object did not get ID it asked for. Name: knightquest:bat_boots Expected: 1366 Got: 1896
[13Jul2025 17:00:54.085] [main/WARN] [net.minecraftforge.registries.ForgeRegistry/REGISTRIES]: Registry minecraft:item: Object did not get ID it asked for. Name: knightquest:blaze_helmet Expected: 1367 Got: 1897
[13Jul2025 17:00:54.085] [main/WARN] [net.minecraftforge.registries.ForgeRegistry/REGISTRIES]: Registry minecraft:item: Object did not get ID it asked for. Name: knightquest:blaze_chestplate Expected: 1368 Got: 1898
[13Jul2025 17:00:54.085] [main/WARN] [net.minecraftforge.registries.ForgeRegistry/REGISTRIES]: Registry minecraft:item: Object did not get ID it asked for. Name: knightquest:blaze_leggings Expected: 1369 Got: 1899
[13Jul2025 17:00:54.086] [main/WARN] [net.minecraftforge.registries.ForgeRegistry/REGISTRIES]: Registry minecraft:item: Object did not get ID it asked for. Name: knightquest:blaze_boots Expected: 1370 Got: 1900
[13Jul2025 17:00:54.086] [main/WARN] [net.minecraftforge.registries.ForgeRegistry/REGISTRIES]: Registry minecraft:item: Object did not get ID it asked for. Name: knightquest:bow_helmet Expected: 1371 Got: 1901
[13Jul2025 17:00:54.086] [main/WARN] [net.minecraftforge.registries.ForgeRegistry/REGISTRIES]: Registry minecraft:item: Object did not get ID it asked for. Name: knightquest:bow_chestplate Expected: 1372 Got: 1902
[13Jul2025 17:00:54.086] [main/WARN] [net.minecraftforge.registries.ForgeRegistry/REGISTRIES]: Registry minecraft:item: Object did not get ID it asked for. Name: knightquest:bow_leggings Expected: 1373 Got: 1903
[13Jul2025 17:00:54.086] [main/WARN] [net.minecraftforge.registries.ForgeRegistry/REGISTRIES]: Registry minecraft:item: Object did not get ID it asked for. Name: knightquest:bow_boots Expected: 1374 Got: 1904
[13Jul2025 17:00:54.086] [main/WARN] [net.minecraftforge.registries.ForgeRegistry/REGISTRIES]: Registry minecraft:item: Object did not get ID it asked for. Name: knightquest:horn_helmet Expected: 1375 Got: 1905
[13Jul2025 17:00:54.086] [main/WARN] [net.minecraftforge.registries.ForgeRegistry/REGISTRIES]: Registry minecraft:item: Object did not get ID it asked for. Name: knightquest:horn_chestplate Expected: 1376 Got: 1906
[13Jul2025 17:00:54.087] [main/WARN] [net.minecraftforge.registries.ForgeRegistry/REGISTRIES]: Registry minecraft:item: Object did not get ID it asked for. Name: knightquest:horn_leggings Expected: 1377 Got: 1907
[13Jul2025 17:00:54.087] [main/WARN] [net.minecraftforge.registries.ForgeRegistry/REGISTRIES]: Registry minecraft:item: Object did not get ID it asked for. Name: knightquest:horn_boots Expected: 1378 Got: 1908
[13Jul2025 17:00:54.087] [main/WARN] [net.minecraftforge.registries.ForgeRegistry/REGISTRIES]: Registry minecraft:item: Object did not get ID it asked for. Name: knightquest:creeper_helmet Expected: 1379 Got: 1909
[13Jul2025 17:00:54.087] [main/WARN] [net.minecraftforge.registries.ForgeRegistry/REGISTRIES]: Registry minecraft:item: Object did not get ID it asked for. Name: knightquest:creeper_chestplate Expected: 1380 Got: 1910
[13Jul2025 17:00:54.087] [main/WARN] [net.minecraftforge.registries.ForgeRegistry/REGISTRIES]: Registry minecraft:item: Object did not get ID it asked for. Name: knightquest:creeper_leggings Expected: 1381 Got: 1911
[13Jul2025 17:00:54.087] [main/WARN] [net.minecraftforge.registries.ForgeRegistry/REGISTRIES]: Registry minecraft:item: Object did not get ID it asked for. Name: knightquest:creeper_boots Expected: 1382 Got: 1912
[13Jul2025 17:00:54.087] [main/WARN] [net.minecraftforge.registries.ForgeRegistry/REGISTRIES]: Registry minecraft:item: Object did not get ID it asked for. Name: knightquest:deepslate_helmet Expected: 1383 Got: 1913
[13Jul2025 17:00:54.088] [main/WARN] [net.minecraftforge.registries.ForgeRegistry/REGISTRIES]: Registry minecraft:item: Object did not get ID it asked for. Name: knightquest:deepslate_chestplate Expected: 1384 Got: 1914
[13Jul2025 17:00:54.088] [main/WARN] [net.minecraftforge.registries.ForgeRegistry/REGISTRIES]: Registry minecraft:item: Object did not get ID it asked for. Name: knightquest:deepslate_leggings Expected: 1385 Got: 1915
[13Jul2025 17:00:54.088] [main/WARN] [net.minecraftforge.registries.ForgeRegistry/REGISTRIES]: Registry minecraft:item: Object did not get ID it asked for. Name: knightquest:deepslate_boots Expected: 1386 Got: 1916
[13Jul2025 17:00:54.088] [main/WARN] [net.minecraftforge.registries.ForgeRegistry/REGISTRIES]: Registry minecraft:item: Object did not get ID it asked for. Name: knightquest:dragon_helmet Expected: 1387 Got: 1917
[13Jul2025 17:00:54.088] [main/WARN] [net.minecraftforge.registries.ForgeRegistry/REGISTRIES]: Registry minecraft:item: Object did not get ID it asked for. Name: knightquest:dragon_chestplate Expected: 1388 Got: 1918
[13Jul2025 17:00:54.088] [main/WARN] [net.minecraftforge.registries.ForgeRegistry/REGISTRIES]: Registry minecraft:item: Object did not get ID it asked for. Name: knightquest:dragon_leggings Expected: 1389 Got: 1919
[13Jul2025 17:00:54.088] [main/WARN] [net.minecraftforge.registries.ForgeRegistry/REGISTRIES]: Registry minecraft:item: Object did not get ID it asked for. Name: knightquest:dragon_boots Expected: 1390 Got: 1920
[13Jul2025 17:00:54.089] [main/WARN] [net.minecraftforge.registries.ForgeRegistry/REGISTRIES]: Registry minecraft:item: Object did not get ID it asked for. Name: knightquest:enderman_helmet Expected: 1391 Got: 1921
[13Jul2025 17:00:54.089] [main/WARN] [net.minecraftforge.registries.ForgeRegistry/REGISTRIES]: Registry minecraft:item: Object did not get ID it asked for. Name: knightquest:enderman_chestplate Expected: 1392 Got: 1922
[13Jul2025 17:00:54.089] [main/WARN] [net.minecraftforge.registries.ForgeRegistry/REGISTRIES]: Registry minecraft:item: Object did not get ID it asked for. Name: knightquest:enderman_leggings Expected: 1393 Got: 1923
[13Jul2025 17:00:54.089] [main/WARN] [net.minecraftforge.registries.ForgeRegistry/REGISTRIES]: Registry minecraft:item: Object did not get ID it asked for. Name: knightquest:enderman_boots Expected: 1394 Got: 1924
[13Jul2025 17:00:54.089] [main/WARN] [net.minecraftforge.registries.ForgeRegistry/REGISTRIES]: Registry minecraft:item: Object did not get ID it asked for. Name: knightquest:evoker_helmet Expected: 1395 Got: 1925
[13Jul2025 17:00:54.089] [main/WARN] [net.minecraftforge.registries.ForgeRegistry/REGISTRIES]: Registry minecraft:item: Object did not get ID it asked for. Name: knightquest:evoker_chestplate Expected: 1396 Got: 1926
[13Jul2025 17:00:54.089] [main/WARN] [net.minecraftforge.registries.ForgeRegistry/REGISTRIES]: Registry minecraft:item: Object did not get ID it asked for. Name: knightquest:evoker_leggings Expected: 1397 Got: 1927
[13Jul2025 17:00:54.089] [main/WARN] [net.minecraftforge.registries.ForgeRegistry/REGISTRIES]: Registry minecraft:item: Object did not get ID it asked for. Name: knightquest:evoker_boots Expected: 1398 Got: 1928
[13Jul2025 17:00:54.090] [main/WARN] [net.minecraftforge.registries.ForgeRegistry/REGISTRIES]: Registry minecraft:item: Object did not get ID it asked for. Name: knightquest:forze_helmet Expected: 1399 Got: 1929
[13Jul2025 17:00:54.090] [main/WARN] [net.minecraftforge.registries.ForgeRegistry/REGISTRIES]: Registry minecraft:item: Object did not get ID it asked for. Name: knightquest:forze_chestplate Expected: 1400 Got: 1930
[13Jul2025 17:00:54.090] [main/WARN] [net.minecraftforge.registries.ForgeRegistry/REGISTRIES]: Registry minecraft:item: Object did not get ID it asked for. Name: knightquest:forze_leggings Expected: 1401 Got: 1931
[13Jul2025 17:00:54.090] [main/WARN] [net.minecraftforge.registries.ForgeRegistry/REGISTRIES]: Registry minecraft:item: Object did not get ID it asked for. Name: knightquest:forze_boots Expected: 1402 Got: 1932
[13Jul2025 17:00:54.090] [main/WARN] [net.minecraftforge.registries.ForgeRegistry/REGISTRIES]: Registry minecraft:item: Object did not get ID it asked for. Name: knightquest:hollow_helmet Expected: 1403 Got: 1933
[13Jul2025 17:00:54.090] [main/WARN] [net.minecraftforge.registries.ForgeRegistry/REGISTRIES]: Registry minecraft:item: Object did not get ID it asked for. Name: knightquest:hollow_chestplate Expected: 1404 Got: 1934
[13Jul2025 17:00:54.090] [main/WARN] [net.minecraftforge.registries.ForgeRegistry/REGISTRIES]: Registry minecraft:item: Object did not get ID it asked for. Name: knightquest:hollow_leggings Expected: 1405 Got: 1935
[13Jul2025 17:00:54.090] [main/WARN] [net.minecraftforge.registries.ForgeRegistry/REGISTRIES]: Registry minecraft:item: Object did not get ID it asked for. Name: knightquest:hollow_boots Expected: 1406 Got: 1936
[13Jul2025 17:00:54.091] [main/WARN] [net.minecraftforge.registries.ForgeRegistry/REGISTRIES]: Registry minecraft:item: Object did not get ID it asked for. Name: knightquest:nether_helmet Expected: 1407 Got: 1937
[13Jul2025 17:00:54.091] [main/WARN] [net.minecraftforge.registries.ForgeRegistry/REGISTRIES]: Registry minecraft:item: Object did not get ID it asked for. Name: knightquest:nether_chestplate Expected: 1408 Got: 1938
[13Jul2025 17:00:54.091] [main/WARN] [net.minecraftforge.registries.ForgeRegistry/REGISTRIES]: Registry minecraft:item: Object did not get ID it asked for. Name: knightquest:nether_leggings Expected: 1409 Got: 1939
[13Jul2025 17:00:54.091] [main/WARN] [net.minecraftforge.registries.ForgeRegistry/REGISTRIES]: Registry minecraft:item: Object did not get ID it asked for. Name: knightquest:nether_boots Expected: 1410 Got: 1940
[13Jul2025 17:00:54.091] [main/WARN] [net.minecraftforge.registries.ForgeRegistry/REGISTRIES]: Registry minecraft:item: Object did not get ID it asked for. Name: knightquest:veteran_helmet Expected: 1411 Got: 1941
[13Jul2025 17:00:54.091] [main/WARN] [net.minecraftforge.registries.ForgeRegistry/REGISTRIES]: Registry minecraft:item: Object did not get ID it asked for. Name: knightquest:veteran_chestplate Expected: 1412 Got: 1942
[13Jul2025 17:00:54.091] [main/WARN] [net.minecraftforge.registries.ForgeRegistry/REGISTRIES]: Registry minecraft:item: Object did not get ID it asked for. Name: knightquest:veteran_leggings Expected: 1413 Got: 1943
[13Jul2025 17:00:54.091] [main/WARN] [net.minecraftforge.registries.ForgeRegistry/REGISTRIES]: Registry minecraft:item: Object did not get ID it asked for. Name: knightquest:veteran_boots Expected: 1414 Got: 1944
[13Jul2025 17:00:54.092] [main/WARN] [net.minecraftforge.registries.ForgeRegistry/REGISTRIES]: Registry minecraft:item: Object did not get ID it asked for. Name: knightquest:path_helmet Expected: 1415 Got: 1945
[13Jul2025 17:00:54.092] [main/WARN] [net.minecraftforge.registries.ForgeRegistry/REGISTRIES]: Registry minecraft:item: Object did not get ID it asked for. Name: knightquest:path_chestplate Expected: 1416 Got: 1946
[13Jul2025 17:00:54.092] [main/WARN] [net.minecraftforge.registries.ForgeRegistry/REGISTRIES]: Registry minecraft:item: Object did not get ID it asked for. Name: knightquest:path_leggings Expected: 1417 Got: 1947
[13Jul2025 17:00:54.092] [main/WARN] [net.minecraftforge.registries.ForgeRegistry/REGISTRIES]: Registry minecraft:item: Object did not get ID it asked for. Name: knightquest:path_boots Expected: 1418 Got: 1948
[13Jul2025 17:00:54.092] [main/WARN] [net.minecraftforge.registries.ForgeRegistry/REGISTRIES]: Registry minecraft:item: Object did not get ID it asked for. Name: knightquest:phantom_helmet Expected: 1419 Got: 1949
[13Jul2025 17:00:54.092] [main/WARN] [net.minecraftforge.registries.ForgeRegistry/REGISTRIES]: Registry minecraft:item: Object did not get ID it asked for. Name: knightquest:phantom_chestplate Expected: 1420 Got: 1950
[13Jul2025 17:00:54.092] [main/WARN] [net.minecraftforge.registries.ForgeRegistry/REGISTRIES]: Registry minecraft:item: Object did not get ID it asked for. Name: knightquest:phantom_leggings Expected: 1421 Got: 1951
[13Jul2025 17:00:54.092] [main/WARN] [net.minecraftforge.registries.ForgeRegistry/REGISTRIES]: Registry minecraft:item: Object did not get ID it asked for. Name: knightquest:phantom_boots Expected: 1422 Got: 1952
[13Jul2025 17:00:54.092] [main/WARN] [net.minecraftforge.registries.ForgeRegistry/REGISTRIES]: Registry minecraft:item: Object did not get ID it asked for. Name: knightquest:sea_helmet Expected: 1423 Got: 1953
[13Jul2025 17:00:54.092] [main/WARN] [net.minecraftforge.registries.ForgeRegistry/REGISTRIES]: Registry minecraft:item: Object did not get ID it asked for. Name: knightquest:sea_chestplate Expected: 1424 Got: 1954
[13Jul2025 17:00:54.093] [main/WARN] [net.minecraftforge.registries.ForgeRegistry/REGISTRIES]: Registry minecraft:item: Object did not get ID it asked for. Name: knightquest:sea_leggings Expected: 1425 Got: 1955
[13Jul2025 17:00:54.093] [main/WARN] [net.minecraftforge.registries.ForgeRegistry/REGISTRIES]: Registry minecraft:item: Object did not get ID it asked for. Name: knightquest:sea_boots Expected: 1426 Got: 1956
[13Jul2025 17:00:54.093] [main/WARN] [net.minecraftforge.registries.ForgeRegistry/REGISTRIES]: Registry minecraft:item: Object did not get ID it asked for. Name: knightquest:shield_helmet Expected: 1427 Got: 1957
[13Jul2025 17:00:54.093] [main/WARN] [net.minecraftforge.registries.ForgeRegistry/REGISTRIES]: Registry minecraft:item: Object did not get ID it asked for. Name: knightquest:shield_chestplate Expected: 1428 Got: 1958
[13Jul2025 17:00:54.093] [main/WARN] [net.minecraftforge.registries.ForgeRegistry/REGISTRIES]: Registry minecraft:item: Object did not get ID it asked for. Name: knightquest:shield_leggings Expected: 1429 Got: 1959
[13Jul2025 17:00:54.093] [main/WARN] [net.minecraftforge.registries.ForgeRegistry/REGISTRIES]: Registry minecraft:item: Object did not get ID it asked for. Name: knightquest:shield_boots Expected: 1430 Got: 1960
[13Jul2025 17:00:54.093] [main/WARN] [net.minecraftforge.registries.ForgeRegistry/REGISTRIES]: Registry minecraft:item: Object did not get ID it asked for. Name: knightquest:silver_helmet Expected: 1431 Got: 1961
[13Jul2025 17:00:54.093] [main/WARN] [net.minecraftforge.registries.ForgeRegistry/REGISTRIES]: Registry minecraft:item: Object did not get ID it asked for. Name: knightquest:silver_chestplate Expected: 1432 Got: 1962
[13Jul2025 17:00:54.094] [main/WARN] [net.minecraftforge.registries.ForgeRegistry/REGISTRIES]: Registry minecraft:item: Object did not get ID it asked for. Name: knightquest:silver_leggings Expected: 1433 Got: 1963
[13Jul2025 17:00:54.094] [main/WARN] [net.minecraftforge.registries.ForgeRegistry/REGISTRIES]: Registry minecraft:item: Object did not get ID it asked for. Name: knightquest:silver_boots Expected: 1434 Got: 1964
[13Jul2025 17:00:54.094] [main/WARN] [net.minecraftforge.registries.ForgeRegistry/REGISTRIES]: Registry minecraft:item: Object did not get ID it asked for. Name: knightquest:silverfish_helmet Expected: 1435 Got: 1965
[13Jul2025 17:00:54.094] [main/WARN] [net.minecraftforge.registries.ForgeRegistry/REGISTRIES]: Registry minecraft:item: Object did not get ID it asked for. Name: knightquest:silverfish_chestplate Expected: 1436 Got: 1966
[13Jul2025 17:00:54.094] [main/WARN] [net.minecraftforge.registries.ForgeRegistry/REGISTRIES]: Registry minecraft:item: Object did not get ID it asked for. Name: knightquest:silverfish_leggings Expected: 1437 Got: 1967
[13Jul2025 17:00:54.094] [main/WARN] [net.minecraftforge.registries.ForgeRegistry/REGISTRIES]: Registry minecraft:item: Object did not get ID it asked for. Name: knightquest:silverfish_boots Expected: 1438 Got: 1968
[13Jul2025 17:00:54.094] [main/WARN] [net.minecraftforge.registries.ForgeRegistry/REGISTRIES]: Registry minecraft:item: Object did not get ID it asked for. Name: knightquest:skeleton_helmet Expected: 1439 Got: 1969
[13Jul2025 17:00:54.094] [main/WARN] [net.minecraftforge.registries.ForgeRegistry/REGISTRIES]: Registry minecraft:item: Object did not get ID it asked for. Name: knightquest:skeleton_chestplate Expected: 1440 Got: 1970
[13Jul2025 17:00:54.094] [main/WARN] [net.minecraftforge.registries.ForgeRegistry/REGISTRIES]: Registry minecraft:item: Object did not get ID it asked for. Name: knightquest:skeleton_leggings Expected: 1441 Got: 1971
[13Jul2025 17:00:54.095] [main/WARN] [net.minecraftforge.registries.ForgeRegistry/REGISTRIES]: Registry minecraft:item: Object did not get ID it asked for. Name: knightquest:skeleton_boots Expected: 1442 Got: 1972
[13Jul2025 17:00:54.095] [main/WARN] [net.minecraftforge.registries.ForgeRegistry/REGISTRIES]: Registry minecraft:item: Object did not get ID it asked for. Name: knightquest:spider_helmet Expected: 1443 Got: 1973
[13Jul2025 17:00:54.095] [main/WARN] [net.minecraftforge.registries.ForgeRegistry/REGISTRIES]: Registry minecraft:item: Object did not get ID it asked for. Name: knightquest:spider_chestplate Expected: 1444 Got: 1974
[13Jul2025 17:00:54.095] [main/WARN] [net.minecraftforge.registries.ForgeRegistry/REGISTRIES]: Registry minecraft:item: Object did not get ID it asked for. Name: knightquest:spider_leggings Expected: 1445 Got: 1975
[13Jul2025 17:00:54.095] [main/WARN] [net.minecraftforge.registries.ForgeRegistry/REGISTRIES]: Registry minecraft:item: Object did not get ID it asked for. Name: knightquest:spider_boots Expected: 1446 Got: 1976
[13Jul2025 17:00:54.095] [main/WARN] [net.minecraftforge.registries.ForgeRegistry/REGISTRIES]: Registry minecraft:item: Object did not get ID it asked for. Name: knightquest:warlord_helmet Expected: 1447 Got: 1977
[13Jul2025 17:00:54.095] [main/WARN] [net.minecraftforge.registries.ForgeRegistry/REGISTRIES]: Registry minecraft:item: Object did not get ID it asked for. Name: knightquest:warlord_chestplate Expected: 1448 Got: 1978
[13Jul2025 17:00:54.095] [main/WARN] [net.minecraftforge.registries.ForgeRegistry/REGISTRIES]: Registry minecraft:item: Object did not get ID it asked for. Name: knightquest:warlord_leggings Expected: 1449 Got: 1979
[13Jul2025 17:00:54.095] [main/WARN] [net.minecraftforge.registries.ForgeRegistry/REGISTRIES]: Registry minecraft:item: Object did not get ID it asked for. Name: knightquest:warlord_boots Expected: 1450 Got: 1980
[13Jul2025 17:00:54.096] [main/WARN] [net.minecraftforge.registries.ForgeRegistry/REGISTRIES]: Registry minecraft:item: Object did not get ID it asked for. Name: knightquest:strawhat_helmet Expected: 1451 Got: 1981
[13Jul2025 17:00:54.096] [main/WARN] [net.minecraftforge.registries.ForgeRegistry/REGISTRIES]: Registry minecraft:item: Object did not get ID it asked for. Name: knightquest:strawhat_chestplate Expected: 1452 Got: 1982
[13Jul2025 17:00:54.096] [main/WARN] [net.minecraftforge.registries.ForgeRegistry/REGISTRIES]: Registry minecraft:item: Object did not get ID it asked for. Name: knightquest:strawhat_leggings Expected: 1453 Got: 1983
[13Jul2025 17:00:54.096] [main/WARN] [net.minecraftforge.registries.ForgeRegistry/REGISTRIES]: Registry minecraft:item: Object did not get ID it asked for. Name: knightquest:strawhat_boots Expected: 1454 Got: 1984
[13Jul2025 17:00:54.096] [main/WARN] [net.minecraftforge.registries.ForgeRegistry/REGISTRIES]: Registry minecraft:item: Object did not get ID it asked for. Name: knightquest:pirate_helmet Expected: 1455 Got: 1985
[13Jul2025 17:00:54.096] [main/WARN] [net.minecraftforge.registries.ForgeRegistry/REGISTRIES]: Registry minecraft:item: Object did not get ID it asked for. Name: knightquest:pirate2_helmet Expected: 1456 Got: 1986
[13Jul2025 17:00:54.096] [main/WARN] [net.minecraftforge.registries.ForgeRegistry/REGISTRIES]: Registry minecraft:item: Object did not get ID it asked for. Name: knightquest:pirate3_helmet Expected: 1457 Got: 1987
[13Jul2025 17:00:54.097] [main/WARN] [net.minecraftforge.registries.ForgeRegistry/REGISTRIES]: Registry minecraft:item: Object did not get ID it asked for. Name: knightquest:pirate_chestplate Expected: 1458 Got: 1988
[13Jul2025 17:00:54.097] [main/WARN] [net.minecraftforge.registries.ForgeRegistry/REGISTRIES]: Registry minecraft:item: Object did not get ID it asked for. Name: knightquest:pirate_leggings Expected: 1459 Got: 1989
[13Jul2025 17:00:54.097] [main/WARN] [net.minecraftforge.registries.ForgeRegistry/REGISTRIES]: Registry minecraft:item: Object did not get ID it asked for. Name: knightquest:pirate_boots Expected: 1460 Got: 1990
[13Jul2025 17:00:54.097] [main/WARN] [net.minecraftforge.registries.ForgeRegistry/REGISTRIES]: Registry minecraft:item: Object did not get ID it asked for. Name: knightquest:conquistador_helmet Expected: 1461 Got: 1991
[13Jul2025 17:00:54.097] [main/WARN] [net.minecraftforge.registries.ForgeRegistry/REGISTRIES]: Registry minecraft:item: Object did not get ID it asked for. Name: knightquest:conquistador2_helmet Expected: 1462 Got: 1992
[13Jul2025 17:00:54.097] [main/WARN] [net.minecraftforge.registries.ForgeRegistry/REGISTRIES]: Registry minecraft:item: Object did not get ID it asked for. Name: knightquest:conquistador3_helmet Expected: 1463 Got: 1993
[13Jul2025 17:00:54.097] [main/WARN] [net.minecraftforge.registries.ForgeRegistry/REGISTRIES]: Registry minecraft:item: Object did not get ID it asked for. Name: knightquest:conquistador_chestplate Expected: 1464 Got: 1994
[13Jul2025 17:00:54.097] [main/WARN] [net.minecraftforge.registries.ForgeRegistry/REGISTRIES]: Registry minecraft:item: Object did not get ID it asked for. Name: knightquest:conquistador_leggings Expected: 1465 Got: 1995
[13Jul2025 17:00:54.098] [main/WARN] [net.minecraftforge.registries.ForgeRegistry/REGISTRIES]: Registry minecraft:item: Object did not get ID it asked for. Name: knightquest:conquistador_boots Expected: 1466 Got: 1996
[13Jul2025 17:00:54.098] [main/WARN] [net.minecraftforge.registries.ForgeRegistry/REGISTRIES]: Registry minecraft:item: Object did not get ID it asked for. Name: knightquest:zombie_helmet Expected: 1467 Got: 1997
[13Jul2025 17:00:54.098] [main/WARN] [net.minecraftforge.registries.ForgeRegistry/REGISTRIES]: Registry minecraft:item: Object did not get ID it asked for. Name: knightquest:zombie_helmet2 Expected: 1468 Got: 1998
[13Jul2025 17:00:54.098] [main/WARN] [net.minecraftforge.registries.ForgeRegistry/REGISTRIES]: Registry minecraft:item: Object did not get ID it asked for. Name: knightquest:zombie_chestplate Expected: 1469 Got: 1999
[13Jul2025 17:00:54.098] [main/WARN] [net.minecraftforge.registries.ForgeRegistry/REGISTRIES]: Registry minecraft:item: Object did not get ID it asked for. Name: knightquest:zombie_leggings Expected: 1470 Got: 2000
[13Jul2025 17:00:54.098] [main/WARN] [net.minecraftforge.registries.ForgeRegistry/REGISTRIES]: Registry minecraft:item: Object did not get ID it asked for. Name: knightquest:zombie_boots Expected: 1471 Got: 2001
[13Jul2025 17:00:54.098] [main/WARN] [net.minecraftforge.registries.ForgeRegistry/REGISTRIES]: Registry minecraft:item: Object did not get ID it asked for. Name: knightquest:husk_helmet Expected: 1472 Got: 2002
[13Jul2025 17:00:54.098] [main/WARN] [net.minecraftforge.registries.ForgeRegistry/REGISTRIES]: Registry minecraft:item: Object did not get ID it asked for. Name: knightquest:husk_helmet2 Expected: 1473 Got: 2003
[13Jul2025 17:00:54.098] [main/WARN] [net.minecraftforge.registries.ForgeRegistry/REGISTRIES]: Registry minecraft:item: Object did not get ID it asked for. Name: knightquest:husk_helmet3 Expected: 1474 Got: 2004
[13Jul2025 17:00:54.099] [main/WARN] [net.minecraftforge.registries.ForgeRegistry/REGISTRIES]: Registry minecraft:item: Object did not get ID it asked for. Name: knightquest:husk_chestplate Expected: 1475 Got: 2005
[13Jul2025 17:00:54.099] [main/WARN] [net.minecraftforge.registries.ForgeRegistry/REGISTRIES]: Registry minecraft:item: Object did not get ID it asked for. Name: knightquest:husk_leggings Expected: 1476 Got: 2006
[13Jul2025 17:00:54.099] [main/WARN] [net.minecraftforge.registries.ForgeRegistry/REGISTRIES]: Registry minecraft:item: Object did not get ID it asked for. Name: knightquest:husk_boots Expected: 1477 Got: 2007
[13Jul2025 17:00:54.099] [main/WARN] [net.minecraftforge.registries.ForgeRegistry/REGISTRIES]: Registry minecraft:item: Object did not get ID it asked for. Name: knightquest:wither_helmet Expected: 1478 Got: 2008
[13Jul2025 17:00:54.099] [main/WARN] [net.minecraftforge.registries.ForgeRegistry/REGISTRIES]: Registry minecraft:item: Object did not get ID it asked for. Name: knightquest:wither_chestplate Expected: 1479 Got: 2009
[13Jul2025 17:00:54.099] [main/WARN] [net.minecraftforge.registries.ForgeRegistry/REGISTRIES]: Registry minecraft:item: Object did not get ID it asked for. Name: knightquest:wither_leggings Expected: 1480 Got: 2010
[13Jul2025 17:00:54.099] [main/WARN] [net.minecraftforge.registries.ForgeRegistry/REGISTRIES]: Registry minecraft:item: Object did not get ID it asked for. Name: knightquest:wither_boots Expected: 1481 Got: 2011
[13Jul2025 17:00:54.099] [main/WARN] [net.minecraftforge.registries.ForgeRegistry/REGISTRIES]: Registry minecraft:item: Object did not get ID it asked for. Name: knightquest:squire_helmet Expected: 1482 Got: 2012
[13Jul2025 17:00:54.100] [main/WARN] [net.minecraftforge.registries.ForgeRegistry/REGISTRIES]: Registry minecraft:item: Object did not get ID it asked for. Name: knightquest:squire_chestplate Expected: 1483 Got: 2013
[13Jul2025 17:00:54.100] [main/WARN] [net.minecraftforge.registries.ForgeRegistry/REGISTRIES]: Registry minecraft:item: Object did not get ID it asked for. Name: knightquest:squire_leggings Expected: 1484 Got: 2014
[13Jul2025 17:00:54.100] [main/WARN] [net.minecraftforge.registries.ForgeRegistry/REGISTRIES]: Registry minecraft:item: Object did not get ID it asked for. Name: knightquest:squire_boots Expected: 1485 Got: 2015
[13Jul2025 17:00:54.100] [main/WARN] [net.minecraftforge.registries.ForgeRegistry/REGISTRIES]: Registry minecraft:item: Object did not get ID it asked for. Name: knightquest:chainmail_helmet Expected: 1486 Got: 2016
[13Jul2025 17:00:54.100] [main/WARN] [net.minecraftforge.registries.ForgeRegistry/REGISTRIES]: Registry minecraft:item: Object did not get ID it asked for. Name: knightquest:chainmail_helmet2 Expected: 1487 Got: 2017
[13Jul2025 17:00:54.100] [main/WARN] [net.minecraftforge.registries.ForgeRegistry/REGISTRIES]: Registry minecraft:item: Object did not get ID it asked for. Name: knightquest:tunic_blue_leggings Expected: 1488 Got: 2018
[13Jul2025 17:00:54.101] [main/WARN] [net.minecraftforge.registries.ForgeRegistry/REGISTRIES]: Registry minecraft:item: Object did not get ID it asked for. Name: knightquest:tunic_green_leggings Expected: 1489 Got: 2019
[13Jul2025 17:00:54.101] [main/WARN] [net.minecraftforge.registries.ForgeRegistry/REGISTRIES]: Registry minecraft:item: Object did not get ID it asked for. Name: knightquest:tunic_yellow_leggings Expected: 1490 Got: 2020
[13Jul2025 17:00:54.101] [main/WARN] [net.minecraftforge.registries.ForgeRegistry/REGISTRIES]: Registry minecraft:item: Object did not get ID it asked for. Name: knightquest:tunic_red_leggings Expected: 1491 Got: 2021
[13Jul2025 17:00:54.101] [main/WARN] [net.minecraftforge.registries.ForgeRegistry/REGISTRIES]: Registry minecraft:item: Object did not get ID it asked for. Name: knightquest:tunic_sea_leggings Expected: 1492 Got: 2022
[13Jul2025 17:00:54.101] [main/WARN] [net.minecraftforge.registries.ForgeRegistry/REGISTRIES]: Registry minecraft:item: Object did not get ID it asked for. Name: knightquest:witch_helmet Expected: 1493 Got: 2023
[13Jul2025 17:00:54.101] [main/WARN] [net.minecraftforge.registries.ForgeRegistry/REGISTRIES]: Registry minecraft:item: Object did not get ID it asked for. Name: knightquest:witch_chestplate Expected: 1494 Got: 2024
[13Jul2025 17:00:54.101] [main/WARN] [net.minecraftforge.registries.ForgeRegistry/REGISTRIES]: Registry minecraft:item: Object did not get ID it asked for. Name: knightquest:witch_leggings Expected: 1495 Got: 2025
[13Jul2025 17:00:54.102] [main/WARN] [net.minecraftforge.registries.ForgeRegistry/REGISTRIES]: Registry minecraft:item: Object did not get ID it asked for. Name: knightquest:witch_boots Expected: 1496 Got: 2026
[13Jul2025 17:00:54.102] [main/WARN] [net.minecraftforge.registries.ForgeRegistry/REGISTRIES]: Registry minecraft:item: Object did not get ID it asked for. Name: knightquest:polar_helmet Expected: 1497 Got: 2027
[13Jul2025 17:00:54.102] [main/WARN] [net.minecraftforge.registries.ForgeRegistry/REGISTRIES]: Registry minecraft:item: Object did not get ID it asked for. Name: knightquest:polar_chestplate Expected: 1498 Got: 2028
[13Jul2025 17:00:54.102] [main/WARN] [net.minecraftforge.registries.ForgeRegistry/REGISTRIES]: Registry minecraft:item: Object did not get ID it asked for. Name: knightquest:polar_leggings Expected: 1499 Got: 2029
[13Jul2025 17:00:54.102] [main/WARN] [net.minecraftforge.registries.ForgeRegistry/REGISTRIES]: Registry minecraft:item: Object did not get ID it asked for. Name: knightquest:polar_boots Expected: 1500 Got: 2030
[13Jul2025 17:00:54.102] [main/WARN] [net.minecraftforge.registries.ForgeRegistry/REGISTRIES]: Registry minecraft:item: Object did not get ID it asked for. Name: knightquest:shinobi_helmet Expected: 1501 Got: 2031
[13Jul2025 17:00:54.102] [main/WARN] [net.minecraftforge.registries.ForgeRegistry/REGISTRIES]: Registry minecraft:item: Object did not get ID it asked for. Name: knightquest:shinobi_chestplate Expected: 1502 Got: 2032
[13Jul2025 17:00:54.102] [main/WARN] [net.minecraftforge.registries.ForgeRegistry/REGISTRIES]: Registry minecraft:item: Object did not get ID it asked for. Name: knightquest:shinobi_leggings Expected: 1503 Got: 2033
[13Jul2025 17:00:54.102] [main/WARN] [net.minecraftforge.registries.ForgeRegistry/REGISTRIES]: Registry minecraft:item: Object did not get ID it asked for. Name: knightquest:shinobi_boots Expected: 1504 Got: 2034
[13Jul2025 17:00:54.103] [main/WARN] [net.minecraftforge.registries.ForgeRegistry/REGISTRIES]: Registry minecraft:item: Object did not get ID it asked for. Name: knightquest:skulk_helmet Expected: 1505 Got: 2035
[13Jul2025 17:00:54.103] [main/WARN] [net.minecraftforge.registries.ForgeRegistry/REGISTRIES]: Registry minecraft:item: Object did not get ID it asked for. Name: knightquest:skulk2_helmet Expected: 1506 Got: 2036
[13Jul2025 17:00:54.103] [main/WARN] [net.minecraftforge.registries.ForgeRegistry/REGISTRIES]: Registry minecraft:item: Object did not get ID it asked for. Name: knightquest:skulk3_helmet Expected: 1507 Got: 2037
[13Jul2025 17:00:54.103] [main/WARN] [net.minecraftforge.registries.ForgeRegistry/REGISTRIES]: Registry minecraft:item: Object did not get ID it asked for. Name: knightquest:skulk4_helmet Expected: 1508 Got: 2038
[13Jul2025 17:00:54.103] [main/WARN] [net.minecraftforge.registries.ForgeRegistry/REGISTRIES]: Registry minecraft:item: Object did not get ID it asked for. Name: knightquest:skulk_chestplate Expected: 1509 Got: 2039
[13Jul2025 17:00:54.103] [main/WARN] [net.minecraftforge.registries.ForgeRegistry/REGISTRIES]: Registry minecraft:item: Object did not get ID it asked for. Name: knightquest:skulk_leggings Expected: 1510 Got: 2040
[13Jul2025 17:00:54.103] [main/WARN] [net.minecraftforge.registries.ForgeRegistry/REGISTRIES]: Registry minecraft:item: Object did not get ID it asked for. Name: knightquest:skulk_boots Expected: 1511 Got: 2041
[13Jul2025 17:00:54.103] [main/WARN] [net.minecraftforge.registries.ForgeRegistry/REGISTRIES]: Registry minecraft:item: Object did not get ID it asked for. Name: knightquest:gremlin_spawn_egg Expected: 1512 Got: 2042
[13Jul2025 17:00:54.104] [main/WARN] [net.minecraftforge.registries.ForgeRegistry/REGISTRIES]: Registry minecraft:item: Object did not get ID it asked for. Name: knightquest:eldbomb_spawn_egg Expected: 1513 Got: 2043
[13Jul2025 17:00:54.104] [main/WARN] [net.minecraftforge.registries.ForgeRegistry/REGISTRIES]: Registry minecraft:item: Object did not get ID it asked for. Name: knightquest:eldknight_spawn_egg Expected: 1514 Got: 2044
[13Jul2025 17:00:54.104] [main/WARN] [net.minecraftforge.registries.ForgeRegistry/REGISTRIES]: Registry minecraft:item: Object did not get ID it asked for. Name: knightquest:ratman_spawn_egg Expected: 1515 Got: 2045
[13Jul2025 17:00:54.104] [main/WARN] [net.minecraftforge.registries.ForgeRegistry/REGISTRIES]: Registry minecraft:item: Object did not get ID it asked for. Name: knightquest:samhain_spawn_egg Expected: 1516 Got: 2046
[13Jul2025 17:00:54.104] [main/WARN] [net.minecraftforge.registries.ForgeRegistry/REGISTRIES]: Registry minecraft:item: Object did not get ID it asked for. Name: knightquest:swampman_spawn_egg Expected: 1517 Got: 2047
[13Jul2025 17:00:54.105] [main/WARN] [net.minecraftforge.registries.ForgeRegistry/REGISTRIES]: Registry minecraft:item: Object did not get ID it asked for. Name: knightquest:lizzy_spawn_egg Expected: 1518 Got: 2048
[13Jul2025 17:00:54.105] [main/WARN] [net.minecraftforge.registries.ForgeRegistry/REGISTRIES]: Registry minecraft:item: Object did not get ID it asked for. Name: knightquest:bad_patch_spawn_egg Expected: 1519 Got: 2049
[13Jul2025 17:00:54.105] [main/WARN] [net.minecraftforge.registries.ForgeRegistry/REGISTRIES]: Registry minecraft:item: Object did not get ID it asked for. Name: knightquest:ghosty_spawn_egg Expected: 1520 Got: 2050
[13Jul2025 17:00:54.105] [main/WARN] [net.minecraftforge.registries.ForgeRegistry/REGISTRIES]: Registry minecraft:item: Object did not get ID it asked for. Name: knightquest:netherman_spawn_egg Expected: 1521 Got: 2051
[13Jul2025 17:00:54.105] [main/WARN] [net.minecraftforge.registries.ForgeRegistry/REGISTRIES]: Registry minecraft:item: Object did not get ID it asked for. Name: knightquest:paladin_sword Expected: 1522 Got: 2052
[13Jul2025 17:00:54.106] [main/WARN] [net.minecraftforge.registries.ForgeRegistry/REGISTRIES]: Registry minecraft:item: Object did not get ID it asked for. Name: knightquest:nail_glaive Expected: 1523 Got: 2053
[13Jul2025 17:00:54.106] [main/WARN] [net.minecraftforge.registries.ForgeRegistry/REGISTRIES]: Registry minecraft:item: Object did not get ID it asked for. Name: knightquest:uchigatana_katana Expected: 1524 Got: 2054
[13Jul2025 17:00:54.106] [main/WARN] [net.minecraftforge.registries.ForgeRegistry/REGISTRIES]: Registry minecraft:item: Object did not get ID it asked for. Name: knightquest:kukri_dagger Expected: 1525 Got: 2055
[13Jul2025 17:00:54.106] [main/WARN] [net.minecraftforge.registries.ForgeRegistry/REGISTRIES]: Registry minecraft:item: Object did not get ID it asked for. Name: knightquest:khopesh_claymore Expected: 1526 Got: 2056
[13Jul2025 17:00:54.106] [main/WARN] [net.minecraftforge.registries.ForgeRegistry/REGISTRIES]: Registry minecraft:item: Object did not get ID it asked for. Name: knightquest:cleaver Expected: 1527 Got: 2057
[13Jul2025 17:00:54.106] [main/WARN] [net.minecraftforge.registries.ForgeRegistry/REGISTRIES]: Registry minecraft:item: Object did not get ID it asked for. Name: eeeabsmobs:logo_item Expected: 1528 Got: 2058
[13Jul2025 17:00:54.106] [main/WARN] [net.minecraftforge.registries.ForgeRegistry/REGISTRIES]: Registry minecraft:item: Object did not get ID it asked for. Name: eeeabsmobs:remove_mob Expected: 1529 Got: 2059
[13Jul2025 17:00:54.106] [main/WARN] [net.minecraftforge.registries.ForgeRegistry/REGISTRIES]: Registry minecraft:item: Object did not get ID it asked for. Name: eeeabsmobs:animation_controller Expected: 1530 Got: 2060
[13Jul2025 17:00:54.106] [main/WARN] [net.minecraftforge.registries.ForgeRegistry/REGISTRIES]: Registry minecraft:item: Object did not get ID it asked for. Name: eeeabsmobs:heart_of_pagan Expected: 1531 Got: 2061
[13Jul2025 17:00:54.106] [main/WARN] [net.minecraftforge.registries.ForgeRegistry/REGISTRIES]: Registry minecraft:item: Object did not get ID it asked for. Name: eeeabsmobs:ancient_drive_crystal Expected: 1532 Got: 2062
[13Jul2025 17:00:54.106] [main/WARN] [net.minecraftforge.registries.ForgeRegistry/REGISTRIES]: Registry minecraft:item: Object did not get ID it asked for. Name: eeeabsmobs:immortal_bone Expected: 1533 Got: 2063
[13Jul2025 17:00:54.107] [main/WARN] [net.minecraftforge.registries.ForgeRegistry/REGISTRIES]: Registry minecraft:item: Object did not get ID it asked for. Name: eeeabsmobs:immortal_debris Expected: 1534 Got: 2064
[13Jul2025 17:00:54.107] [main/WARN] [net.minecraftforge.registries.ForgeRegistry/REGISTRIES]: Registry minecraft:item: Object did not get ID it asked for. Name: eeeabsmobs:immortal_ingot Expected: 1535 Got: 2065
[13Jul2025 17:00:54.107] [main/WARN] [net.minecraftforge.registries.ForgeRegistry/REGISTRIES]: Registry minecraft:item: Object did not get ID it asked for. Name: eeeabsmobs:ghost_steel_ingot Expected: 1536 Got: 2066
[13Jul2025 17:00:54.107] [main/WARN] [net.minecraftforge.registries.ForgeRegistry/REGISTRIES]: Registry minecraft:item: Object did not get ID it asked for. Name: eeeabsmobs:bloody_altar_eye Expected: 1537 Got: 2067
[13Jul2025 17:00:54.107] [main/WARN] [net.minecraftforge.registries.ForgeRegistry/REGISTRIES]: Registry minecraft:item: Object did not get ID it asked for. Name: eeeabsmobs:guling_eye Expected: 1538 Got: 2068
[13Jul2025 17:00:54.107] [main/WARN] [net.minecraftforge.registries.ForgeRegistry/REGISTRIES]: Registry minecraft:item: Object did not get ID it asked for. Name: eeeabsmobs:soul_summoning_necklace Expected: 1539 Got: 2069
[13Jul2025 17:00:54.107] [main/WARN] [net.minecraftforge.registries.ForgeRegistry/REGISTRIES]: Registry minecraft:item: Object did not get ID it asked for. Name: eeeabsmobs:demolisher Expected: 1540 Got: 2070
[13Jul2025 17:00:54.107] [main/WARN] [net.minecraftforge.registries.ForgeRegistry/REGISTRIES]: Registry minecraft:item: Object did not get ID it asked for. Name: eeeabsmobs:guardian_core Expected: 1541 Got: 2071
[13Jul2025 17:00:54.107] [main/WARN] [net.minecraftforge.registries.ForgeRegistry/REGISTRIES]: Registry minecraft:item: Object did not get ID it asked for. Name: eeeabsmobs:guardian_axe Expected: 1542 Got: 2072
[13Jul2025 17:00:54.107] [main/WARN] [net.minecraftforge.registries.ForgeRegistry/REGISTRIES]: Registry minecraft:item: Object did not get ID it asked for. Name: eeeabsmobs:immortal_axe Expected: 1543 Got: 2073
[13Jul2025 17:00:54.107] [main/WARN] [net.minecraftforge.registries.ForgeRegistry/REGISTRIES]: Registry minecraft:item: Object did not get ID it asked for. Name: eeeabsmobs:immortal_sword Expected: 1544 Got: 2074
[13Jul2025 17:00:54.108] [main/WARN] [net.minecraftforge.registries.ForgeRegistry/REGISTRIES]: Registry minecraft:item: Object did not get ID it asked for. Name: eeeabsmobs:immortal_staff Expected: 1545 Got: 2075
[13Jul2025 17:00:54.108] [main/WARN] [net.minecraftforge.registries.ForgeRegistry/REGISTRIES]: Registry minecraft:item: Object did not get ID it asked for. Name: eeeabsmobs:netherworld_katana Expected: 1546 Got: 2076
[13Jul2025 17:00:54.108] [main/WARN] [net.minecraftforge.registries.ForgeRegistry/REGISTRIES]: Registry minecraft:item: Object did not get ID it asked for. Name: eeeabsmobs:ghost_warrior_helmet Expected: 1547 Got: 2077
[13Jul2025 17:00:54.108] [main/WARN] [net.minecraftforge.registries.ForgeRegistry/REGISTRIES]: Registry minecraft:item: Object did not get ID it asked for. Name: eeeabsmobs:ghost_warrior_chestplate Expected: 1548 Got: 2078
[13Jul2025 17:00:54.108] [main/WARN] [net.minecraftforge.registries.ForgeRegistry/REGISTRIES]: Registry minecraft:item: Object did not get ID it asked for. Name: eeeabsmobs:ghost_warrior_leggings Expected: 1549 Got: 2079
[13Jul2025 17:00:54.108] [main/WARN] [net.minecraftforge.registries.ForgeRegistry/REGISTRIES]: Registry minecraft:item: Object did not get ID it asked for. Name: eeeabsmobs:ghost_warrior_boots Expected: 1550 Got: 2080
[13Jul2025 17:00:54.108] [main/WARN] [net.minecraftforge.registries.ForgeRegistry/REGISTRIES]: Registry minecraft:item: Object did not get ID it asked for. Name: eeeabsmobs:guardians_music_disc Expected: 1551 Got: 2081
[13Jul2025 17:00:54.108] [main/WARN] [net.minecraftforge.registries.ForgeRegistry/REGISTRIES]: Registry minecraft:item: Object did not get ID it asked for. Name: eeeabsmobs:the_army_of_minotaur_music_disc Expected: 1552 Got: 2082
[13Jul2025 17:00:54.109] [main/WARN] [net.minecraftforge.registries.ForgeRegistry/REGISTRIES]: Registry minecraft:item: Object did not get ID it asked for. Name: eeeabsmobs:tester_egg Expected: 1553 Got: 2083
[13Jul2025 17:00:54.109] [main/WARN] [net.minecraftforge.registries.ForgeRegistry/REGISTRIES]: Registry minecraft:item: Object did not get ID it asked for. Name: eeeabsmobs:corpse_egg Expected: 1554 Got: 2084
[13Jul2025 17:00:54.109] [main/WARN] [net.minecraftforge.registries.ForgeRegistry/REGISTRIES]: Registry minecraft:item: Object did not get ID it asked for. Name: eeeabsmobs:corpse_villager_egg Expected: 1555 Got: 2085
[13Jul2025 17:00:54.109] [main/WARN] [net.minecraftforge.registries.ForgeRegistry/REGISTRIES]: Registry minecraft:item: Object did not get ID it asked for. Name: eeeabsmobs:corpse_warlock_egg Expected: 1556 Got: 2086
[13Jul2025 17:00:54.109] [main/WARN] [net.minecraftforge.registries.ForgeRegistry/REGISTRIES]: Registry minecraft:item: Object did not get ID it asked for. Name: eeeabsmobs:nameless_guardian_egg Expected: 1557 Got: 2087
[13Jul2025 17:00:54.109] [main/WARN] [net.minecraftforge.registries.ForgeRegistry/REGISTRIES]: Registry minecraft:item: Object did not get ID it asked for. Name: eeeabsmobs:guling_sentinel_egg Expected: 1558 Got: 2088
[13Jul2025 17:00:54.109] [main/WARN] [net.minecraftforge.registries.ForgeRegistry/REGISTRIES]: Registry minecraft:item: Object did not get ID it asked for. Name: eeeabsmobs:guling_sentinel_heavy_egg Expected: 1559 Got: 2089
[13Jul2025 17:00:54.109] [main/WARN] [net.minecraftforge.registries.ForgeRegistry/REGISTRIES]: Registry minecraft:item: Object did not get ID it asked for. Name: eeeabsmobs:immortal_skeleton_egg Expected: 1560 Got: 2090
[13Jul2025 17:00:54.110] [main/WARN] [net.minecraftforge.registries.ForgeRegistry/REGISTRIES]: Registry minecraft:item: Object did not get ID it asked for. Name: eeeabsmobs:immortal_knight_egg Expected: 1561 Got: 2091
[13Jul2025 17:00:54.110] [main/WARN] [net.minecraftforge.registries.ForgeRegistry/REGISTRIES]: Registry minecraft:item: Object did not get ID it asked for. Name: eeeabsmobs:immortal_shaman_egg Expected: 1562 Got: 2092
[13Jul2025 17:00:54.110] [main/WARN] [net.minecraftforge.registries.ForgeRegistry/REGISTRIES]: Registry minecraft:item: Object did not get ID it asked for. Name: eeeabsmobs:immortal_golem_egg Expected: 1563 Got: 2093
[13Jul2025 17:00:54.110] [main/WARN] [net.minecraftforge.registries.ForgeRegistry/REGISTRIES]: Registry minecraft:item: Object did not get ID it asked for. Name: eeeabsmobs:immortal_executioner_egg Expected: 1564 Got: 2094
[13Jul2025 17:00:54.110] [main/WARN] [net.minecraftforge.registries.ForgeRegistry/REGISTRIES]: Registry minecraft:item: Object did not get ID it asked for. Name: eeeabsmobs:immortal_boss_egg Expected: 1565 Got: 2095
[13Jul2025 17:00:54.110] [main/WARN] [net.minecraftforge.registries.ForgeRegistry/REGISTRIES]: Registry minecraft:item: Object did not get ID it asked for. Name: eeeabsmobs:immortal_block Expected: 1566 Got: 2096
[13Jul2025 17:00:54.110] [main/WARN] [net.minecraftforge.registries.ForgeRegistry/REGISTRIES]: Registry minecraft:item: Object did not get ID it asked for. Name: eeeabsmobs:ghost_steel_block Expected: 1567 Got: 2097
[13Jul2025 17:00:54.111] [main/WARN] [net.minecraftforge.registries.ForgeRegistry/REGISTRIES]: Registry minecraft:item: Object did not get ID it asked for. Name: eeeabsmobs:soul_light Expected: 1568 Got: 2098
[13Jul2025 17:00:54.111] [main/WARN] [net.minecraftforge.registries.ForgeRegistry/REGISTRIES]: Registry minecraft:item: Object did not get ID it asked for. Name: eeeabsmobs:tomb_gas_trap Expected: 1569 Got: 2099
[13Jul2025 17:00:54.111] [main/WARN] [net.minecraftforge.registries.ForgeRegistry/REGISTRIES]: Registry minecraft:item: Object did not get ID it asked for. Name: eeeabsmobs:tomb_summon_trap Expected: 1570 Got: 2100
[13Jul2025 17:00:54.111] [main/WARN] [net.minecraftforge.registries.ForgeRegistry/REGISTRIES]: Registry minecraft:item: Object did not get ID it asked for. Name: eeeabsmobs:tomb_arrows_trap Expected: 1571 Got: 2101
[13Jul2025 17:00:54.111] [main/WARN] [net.minecraftforge.registries.ForgeRegistry/REGISTRIES]: Registry minecraft:item: Object did not get ID it asked for. Name: eeeabsmobs:erosion_deepslate_bricks Expected: 1572 Got: 2102
[13Jul2025 17:00:54.111] [main/WARN] [net.minecraftforge.registries.ForgeRegistry/REGISTRIES]: Registry minecraft:item: Object did not get ID it asked for. Name: eeeabsmobs:erosion_portal Expected: 1573 Got: 2103
[13Jul2025 17:00:54.111] [main/WARN] [net.minecraftforge.registries.ForgeRegistry/REGISTRIES]: Registry minecraft:item: Object did not get ID it asked for. Name: eeeabsmobs:tombstone Expected: 1574 Got: 2104
[13Jul2025 17:00:54.111] [main/WARN] [net.minecraftforge.registries.ForgeRegistry/REGISTRIES]: Registry minecraft:item: Object did not get ID it asked for. Name: eeeabsmobs:erosion_rock_bricks Expected: 1575 Got: 2105
[13Jul2025 17:00:54.112] [main/WARN] [net.minecraftforge.registries.ForgeRegistry/REGISTRIES]: Registry minecraft:item: Object did not get ID it asked for. Name: graveyard:ossuary Expected: 1576 Got: 2106
[13Jul2025 17:00:54.112] [main/WARN] [net.minecraftforge.registries.ForgeRegistry/REGISTRIES]: Registry minecraft:item: Object did not get ID it asked for. Name: graveyard:incarnated_evil_music_disc Expected: 1577 Got: 2107
[13Jul2025 17:00:54.112] [main/WARN] [net.minecraftforge.registries.ForgeRegistry/REGISTRIES]: Registry minecraft:item: Object did not get ID it asked for. Name: graveyard:skeleton_creeper_spawn_egg Expected: 1578 Got: 2108
[13Jul2025 17:00:54.112] [main/WARN] [net.minecraftforge.registries.ForgeRegistry/REGISTRIES]: Registry minecraft:item: Object did not get ID it asked for. Name: graveyard:acolyte_spawn_egg Expected: 1579 Got: 2109
[13Jul2025 17:00:54.112] [main/WARN] [net.minecraftforge.registries.ForgeRegistry/REGISTRIES]: Registry minecraft:item: Object did not get ID it asked for. Name: graveyard:ghoul_spawn_egg Expected: 1580 Got: 2110
[13Jul2025 17:00:54.112] [main/WARN] [net.minecraftforge.registries.ForgeRegistry/REGISTRIES]: Registry minecraft:item: Object did not get ID it asked for. Name: graveyard:reaper_spawn_egg Expected: 1581 Got: 2111
[13Jul2025 17:00:54.112] [main/WARN] [net.minecraftforge.registries.ForgeRegistry/REGISTRIES]: Registry minecraft:item: Object did not get ID it asked for. Name: graveyard:revenant_spawn_egg Expected: 1582 Got: 2112
[13Jul2025 17:00:54.113] [main/WARN] [net.minecraftforge.registries.ForgeRegistry/REGISTRIES]: Registry minecraft:item: Object did not get ID it asked for. Name: graveyard:nightmare_spawn_egg Expected: 1583 Got: 2113
[13Jul2025 17:00:54.113] [main/WARN] [net.minecraftforge.registries.ForgeRegistry/REGISTRIES]: Registry minecraft:item: Object did not get ID it asked for. Name: graveyard:lich_spawn_egg Expected: 1584 Got: 2114
[13Jul2025 17:00:54.113] [main/WARN] [net.minecraftforge.registries.ForgeRegistry/REGISTRIES]: Registry minecraft:item: Object did not get ID it asked for. Name: graveyard:nameless_hanged_spawn_egg Expected: 1585 Got: 2115
[13Jul2025 17:00:54.113] [main/WARN] [net.minecraftforge.registries.ForgeRegistry/REGISTRIES]: Registry minecraft:item: Object did not get ID it asked for. Name: graveyard:wraith_spawn_egg Expected: 1586 Got: 2116
[13Jul2025 17:00:54.113] [main/WARN] [net.minecraftforge.registries.ForgeRegistry/REGISTRIES]: Registry minecraft:item: Object did not get ID it asked for. Name: graveyard:corrupted_pillager_spawn_egg Expected: 1587 Got: 2117
[13Jul2025 17:00:54.113] [main/WARN] [net.minecraftforge.registries.ForgeRegistry/REGISTRIES]: Registry minecraft:item: Object did not get ID it asked for. Name: graveyard:corrupted_vindicator_spawn_egg Expected: 1588 Got: 2118
[13Jul2025 17:00:54.113] [main/WARN] [net.minecraftforge.registries.ForgeRegistry/REGISTRIES]: Registry minecraft:item: Object did not get ID it asked for. Name: graveyard:bone_dagger Expected: 1589 Got: 2119
[13Jul2025 17:00:54.113] [main/WARN] [net.minecraftforge.registries.ForgeRegistry/REGISTRIES]: Registry minecraft:item: Object did not get ID it asked for. Name: graveyard:dark_iron_ingot Expected: 1590 Got: 2120
[13Jul2025 17:00:54.113] [main/WARN] [net.minecraftforge.registries.ForgeRegistry/REGISTRIES]: Registry minecraft:item: Object did not get ID it asked for. Name: graveyard:corruption Expected: 1591 Got: 2121
[13Jul2025 17:00:54.114] [main/WARN] [net.minecraftforge.registries.ForgeRegistry/REGISTRIES]: Registry minecraft:item: Object did not get ID it asked for. Name: graveyard:tg_rooted_dirt Expected: 1592 Got: 2122
[13Jul2025 17:00:54.114] [main/WARN] [net.minecraftforge.registries.ForgeRegistry/REGISTRIES]: Registry minecraft:item: Object did not get ID it asked for. Name: graveyard:tg_tuff Expected: 1593 Got: 2123
[13Jul2025 17:00:54.114] [main/WARN] [net.minecraftforge.registries.ForgeRegistry/REGISTRIES]: Registry minecraft:item: Object did not get ID it asked for. Name: graveyard:tg_moss_block Expected: 1594 Got: 2124
[13Jul2025 17:00:54.114] [main/WARN] [net.minecraftforge.registries.ForgeRegistry/REGISTRIES]: Registry minecraft:item: Object did not get ID it asked for. Name: graveyard:tg_deepslate Expected: 1595 Got: 2125
[13Jul2025 17:00:54.114] [main/WARN] [net.minecraftforge.registries.ForgeRegistry/REGISTRIES]: Registry minecraft:item: Object did not get ID it asked for. Name: graveyard:tg_grass_block Expected: 1596 Got: 2126
[13Jul2025 17:00:54.114] [main/WARN] [net.minecraftforge.registries.ForgeRegistry/REGISTRIES]: Registry minecraft:item: Object did not get ID it asked for. Name: graveyard:tg_dirt Expected: 1597 Got: 2127
[13Jul2025 17:00:54.114] [main/WARN] [net.minecraftforge.registries.ForgeRegistry/REGISTRIES]: Registry minecraft:item: Object did not get ID it asked for. Name: graveyard:tg_coarse_dirt Expected: 1598 Got: 2128
[13Jul2025 17:00:54.114] [main/WARN] [net.minecraftforge.registries.ForgeRegistry/REGISTRIES]: Registry minecraft:item: Object did not get ID it asked for. Name: graveyard:tg_andesite Expected: 1599 Got: 2129
[13Jul2025 17:00:54.115] [main/WARN] [net.minecraftforge.registries.ForgeRegistry/REGISTRIES]: Registry minecraft:item: Object did not get ID it asked for. Name: graveyard:tg_granite Expected: 1600 Got: 2130
[13Jul2025 17:00:54.115] [main/WARN] [net.minecraftforge.registries.ForgeRegistry/REGISTRIES]: Registry minecraft:item: Object did not get ID it asked for. Name: graveyard:tg_diorite Expected: 1601 Got: 2131
[13Jul2025 17:00:54.115] [main/WARN] [net.minecraftforge.registries.ForgeRegistry/REGISTRIES]: Registry minecraft:item: Object did not get ID it asked for. Name: graveyard:tg_stone Expected: 1602 Got: 2132
[13Jul2025 17:00:54.115] [main/WARN] [net.minecraftforge.registries.ForgeRegistry/REGISTRIES]: Registry minecraft:item: Object did not get ID it asked for. Name: graveyard:tg_podzol Expected: 1603 Got: 2133
[13Jul2025 17:00:54.116] [main/WARN] [net.minecraftforge.registries.ForgeRegistry/REGISTRIES]: Registry minecraft:item: Object did not get ID it asked for. Name: graveyard:dark_iron_bars Expected: 1604 Got: 2134
[13Jul2025 17:00:54.116] [main/WARN] [net.minecraftforge.registries.ForgeRegistry/REGISTRIES]: Registry minecraft:item: Object did not get ID it asked for. Name: graveyard:soul_fire_brazier Expected: 1605 Got: 2135
[13Jul2025 17:00:54.116] [main/WARN] [net.minecraftforge.registries.ForgeRegistry/REGISTRIES]: Registry minecraft:item: Object did not get ID it asked for. Name: graveyard:fire_brazier Expected: 1606 Got: 2136
[13Jul2025 17:00:54.116] [main/WARN] [net.minecraftforge.registries.ForgeRegistry/REGISTRIES]: Registry minecraft:item: Object did not get ID it asked for. Name: graveyard:pedestal Expected: 1607 Got: 2137
[13Jul2025 17:00:54.116] [main/WARN] [net.minecraftforge.registries.ForgeRegistry/REGISTRIES]: Registry minecraft:item: Object did not get ID it asked for. Name: graveyard:candle_holder Expected: 1608 Got: 2138
[13Jul2025 17:00:54.116] [main/WARN] [net.minecraftforge.registries.ForgeRegistry/REGISTRIES]: Registry minecraft:item: Object did not get ID it asked for. Name: graveyard:dark_iron_trapdoor Expected: 1609 Got: 2139
[13Jul2025 17:00:54.117] [main/WARN] [net.minecraftforge.registries.ForgeRegistry/REGISTRIES]: Registry minecraft:item: Object did not get ID it asked for. Name: graveyard:dark_iron_door Expected: 1610 Got: 2140
[13Jul2025 17:00:54.117] [main/WARN] [net.minecraftforge.registries.ForgeRegistry/REGISTRIES]: Registry minecraft:item: Object did not get ID it asked for. Name: graveyard:dark_iron_block Expected: 1611 Got: 2141
[13Jul2025 17:00:54.117] [main/WARN] [net.minecraftforge.registries.ForgeRegistry/REGISTRIES]: Registry minecraft:item: Object did not get ID it asked for. Name: graveyard:skull_with_rib_cage Expected: 1612 Got: 2142
[13Jul2025 17:00:54.117] [main/WARN] [net.minecraftforge.registries.ForgeRegistry/REGISTRIES]: Registry minecraft:item: Object did not get ID it asked for. Name: graveyard:leaning_skeleton Expected: 1613 Got: 2143
[13Jul2025 17:00:54.117] [main/WARN] [net.minecraftforge.registries.ForgeRegistry/REGISTRIES]: Registry minecraft:item: Object did not get ID it asked for. Name: graveyard:skull_pile Expected: 1614 Got: 2144
[13Jul2025 17:00:54.117] [main/WARN] [net.minecraftforge.registries.ForgeRegistry/REGISTRIES]: Registry minecraft:item: Object did not get ID it asked for. Name: graveyard:lying_skeleton Expected: 1615 Got: 2145
[13Jul2025 17:00:54.117] [main/WARN] [net.minecraftforge.registries.ForgeRegistry/REGISTRIES]: Registry minecraft:item: Object did not get ID it asked for. Name: graveyard:wither_skull_with_rib_cage Expected: 1616 Got: 2146
[13Jul2025 17:00:54.117] [main/WARN] [net.minecraftforge.registries.ForgeRegistry/REGISTRIES]: Registry minecraft:item: Object did not get ID it asked for. Name: graveyard:leaning_wither_skeleton Expected: 1617 Got: 2147
[13Jul2025 17:00:54.117] [main/WARN] [net.minecraftforge.registries.ForgeRegistry/REGISTRIES]: Registry minecraft:item: Object did not get ID it asked for. Name: graveyard:wither_skull_pile Expected: 1618 Got: 2148
[13Jul2025 17:00:54.117] [main/WARN] [net.minecraftforge.registries.ForgeRegistry/REGISTRIES]: Registry minecraft:item: Object did not get ID it asked for. Name: graveyard:lying_wither_skeleton Expected: 1619 Got: 2149
[13Jul2025 17:00:54.118] [main/WARN] [net.minecraftforge.registries.ForgeRegistry/REGISTRIES]: Registry minecraft:item: Object did not get ID it asked for. Name: graveyard:creeper_skeleton Expected: 1620 Got: 2150
[13Jul2025 17:00:54.118] [main/WARN] [net.minecraftforge.registries.ForgeRegistry/REGISTRIES]: Registry minecraft:item: Object did not get ID it asked for. Name: graveyard:skeleton_hand Expected: 1621 Got: 2151
[13Jul2025 17:00:54.118] [main/WARN] [net.minecraftforge.registries.ForgeRegistry/REGISTRIES]: Registry minecraft:item: Object did not get ID it asked for. Name: graveyard:wither_skeleton_hand Expected: 1622 Got: 2152
[13Jul2025 17:00:54.118] [main/WARN] [net.minecraftforge.registries.ForgeRegistry/REGISTRIES]: Registry minecraft:item: Object did not get ID it asked for. Name: graveyard:hanged_skeleton Expected: 1623 Got: 2153
[13Jul2025 17:00:54.118] [main/WARN] [net.minecraftforge.registries.ForgeRegistry/REGISTRIES]: Registry minecraft:item: Object did not get ID it asked for. Name: graveyard:hanged_wither_skeleton Expected: 1624 Got: 2154
[13Jul2025 17:00:54.118] [main/WARN] [net.minecraftforge.registries.ForgeRegistry/REGISTRIES]: Registry minecraft:item: Object did not get ID it asked for. Name: graveyard:vase_block Expected: 1625 Got: 2155
[13Jul2025 17:00:54.118] [main/WARN] [net.minecraftforge.registries.ForgeRegistry/REGISTRIES]: Registry minecraft:item: Object did not get ID it asked for. Name: graveyard:gravestone Expected: 1626 Got: 2156
[13Jul2025 17:00:54.118] [main/WARN] [net.minecraftforge.registries.ForgeRegistry/REGISTRIES]: Registry minecraft:item: Object did not get ID it asked for. Name: graveyard:cobblestone_gravestone Expected: 1627 Got: 2157
[13Jul2025 17:00:54.118] [main/WARN] [net.minecraftforge.registries.ForgeRegistry/REGISTRIES]: Registry minecraft:item: Object did not get ID it asked for. Name: graveyard:mossy_cobblestone_gravestone Expected: 1628 Got: 2158
[13Jul2025 17:00:54.119] [main/WARN] [net.minecraftforge.registries.ForgeRegistry/REGISTRIES]: Registry minecraft:item: Object did not get ID it asked for. Name: graveyard:deepslate_gravestone Expected: 1629 Got: 2159
[13Jul2025 17:00:54.119] [main/WARN] [net.minecraftforge.registries.ForgeRegistry/REGISTRIES]: Registry minecraft:item: Object did not get ID it asked for. Name: graveyard:blackstone_gravestone Expected: 1630 Got: 2160
[13Jul2025 17:00:54.119] [main/WARN] [net.minecraftforge.registries.ForgeRegistry/REGISTRIES]: Registry minecraft:item: Object did not get ID it asked for. Name: graveyard:cracked_blackstone_gravestone Expected: 1631 Got: 2161
[13Jul2025 17:00:54.119] [main/WARN] [net.minecraftforge.registries.ForgeRegistry/REGISTRIES]: Registry minecraft:item: Object did not get ID it asked for. Name: graveyard:stone_bricks_gravestone Expected: 1632 Got: 2162
[13Jul2025 17:00:54.119] [main/WARN] [net.minecraftforge.registries.ForgeRegistry/REGISTRIES]: Registry minecraft:item: Object did not get ID it asked for. Name: graveyard:mossy_stone_bricks_gravestone Expected: 1633 Got: 2163
[13Jul2025 17:00:54.119] [main/WARN] [net.minecraftforge.registries.ForgeRegistry/REGISTRIES]: Registry minecraft:item: Object did not get ID it asked for. Name: graveyard:bricks_gravestone Expected: 1634 Got: 2164
[13Jul2025 17:00:54.120] [main/WARN] [net.minecraftforge.registries.ForgeRegistry/REGISTRIES]: Registry minecraft:item: Object did not get ID it asked for. Name: graveyard:gilded_blackstone_gravestone Expected: 1635 Got: 2165
[13Jul2025 17:00:54.120] [main/WARN] [net.minecraftforge.registries.ForgeRegistry/REGISTRIES]: Registry minecraft:item: Object did not get ID it asked for. Name: graveyard:sandstone_gravestone Expected: 1636 Got: 2166
[13Jul2025 17:00:54.120] [main/WARN] [net.minecraftforge.registries.ForgeRegistry/REGISTRIES]: Registry minecraft:item: Object did not get ID it asked for. Name: graveyard:red_sandstone_gravestone Expected: 1637 Got: 2167
[13Jul2025 17:00:54.120] [main/WARN] [net.minecraftforge.registries.ForgeRegistry/REGISTRIES]: Registry minecraft:item: Object did not get ID it asked for. Name: graveyard:quartz_bricks_gravestone Expected: 1638 Got: 2168
[13Jul2025 17:00:54.120] [main/WARN] [net.minecraftforge.registries.ForgeRegistry/REGISTRIES]: Registry minecraft:item: Object did not get ID it asked for. Name: graveyard:black_urn Expected: 1639 Got: 2169
[13Jul2025 17:00:54.120] [main/WARN] [net.minecraftforge.registries.ForgeRegistry/REGISTRIES]: Registry minecraft:item: Object did not get ID it asked for. Name: graveyard:brown_urn Expected: 1640 Got: 2170
[13Jul2025 17:00:54.121] [main/WARN] [net.minecraftforge.registries.ForgeRegistry/REGISTRIES]: Registry minecraft:item: Object did not get ID it asked for. Name: graveyard:white_urn Expected: 1641 Got: 2171
[13Jul2025 17:00:54.121] [main/WARN] [net.minecraftforge.registries.ForgeRegistry/REGISTRIES]: Registry minecraft:item: Object did not get ID it asked for. Name: graveyard:gray_urn Expected: 1642 Got: 2172
[13Jul2025 17:00:54.121] [main/WARN] [net.minecraftforge.registries.ForgeRegistry/REGISTRIES]: Registry minecraft:item: Object did not get ID it asked for. Name: graveyard:light_gray_urn Expected: 1643 Got: 2173
[13Jul2025 17:00:54.121] [main/WARN] [net.minecraftforge.registries.ForgeRegistry/REGISTRIES]: Registry minecraft:item: Object did not get ID it asked for. Name: graveyard:blue_urn Expected: 1644 Got: 2174
[13Jul2025 17:00:54.121] [main/WARN] [net.minecraftforge.registries.ForgeRegistry/REGISTRIES]: Registry minecraft:item: Object did not get ID it asked for. Name: graveyard:cyan_urn Expected: 1645 Got: 2175
[13Jul2025 17:00:54.122] [main/WARN] [net.minecraftforge.registries.ForgeRegistry/REGISTRIES]: Registry minecraft:item: Object did not get ID it asked for. Name: graveyard:light_blue_urn Expected: 1646 Got: 2176
[13Jul2025 17:00:54.122] [main/WARN] [net.minecraftforge.registries.ForgeRegistry/REGISTRIES]: Registry minecraft:item: Object did not get ID it asked for. Name: graveyard:red_urn Expected: 1647 Got: 2177
[13Jul2025 17:00:54.122] [main/WARN] [net.minecraftforge.registries.ForgeRegistry/REGISTRIES]: Registry minecraft:item: Object did not get ID it asked for. Name: graveyard:orange_urn Expected: 1648 Got: 2178
[13Jul2025 17:00:54.122] [main/WARN] [net.minecraftforge.registries.ForgeRegistry/REGISTRIES]: Registry minecraft:item: Object did not get ID it asked for. Name: graveyard:yellow_urn Expected: 1649 Got: 2179
[13Jul2025 17:00:54.122] [main/WARN] [net.minecraftforge.registries.ForgeRegistry/REGISTRIES]: Registry minecraft:item: Object did not get ID it asked for. Name: graveyard:pink_urn Expected: 1650 Got: 2180
[13Jul2025 17:00:54.122] [main/WARN] [net.minecraftforge.registries.ForgeRegistry/REGISTRIES]: Registry minecraft:item: Object did not get ID it asked for. Name: graveyard:magenta_urn Expected: 1651 Got: 2181
[13Jul2025 17:00:54.122] [main/WARN] [net.minecraftforge.registries.ForgeRegistry/REGISTRIES]: Registry minecraft:item: Object did not get ID it asked for. Name: graveyard:purple_urn Expected: 1652 Got: 2182
[13Jul2025 17:00:54.123] [main/WARN] [net.minecraftforge.registries.ForgeRegistry/REGISTRIES]: Registry minecraft:item: Object did not get ID it asked for. Name: graveyard:green_urn Expected: 1653 Got: 2183
[13Jul2025 17:00:54.123] [main/WARN] [net.minecraftforge.registries.ForgeRegistry/REGISTRIES]: Registry minecraft:item: Object did not get ID it asked for. Name: graveyard:lime_urn Expected: 1654 Got: 2184
[13Jul2025 17:00:54.123] [main/WARN] [net.minecraftforge.registries.ForgeRegistry/REGISTRIES]: Registry minecraft:item: Object did not get ID it asked for. Name: graveyard:small_black_urn Expected: 1655 Got: 2185
[13Jul2025 17:00:54.123] [main/WARN] [net.minecraftforge.registries.ForgeRegistry/REGISTRIES]: Registry minecraft:item: Object did not get ID it asked for. Name: graveyard:small_brown_urn Expected: 1656 Got: 2186
[13Jul2025 17:00:54.123] [main/WARN] [net.minecraftforge.registries.ForgeRegistry/REGISTRIES]: Registry minecraft:item: Object did not get ID it asked for. Name: graveyard:small_white_urn Expected: 1657 Got: 2187
[13Jul2025 17:00:54.123] [main/WARN] [net.minecraftforge.registries.ForgeRegistry/REGISTRIES]: Registry minecraft:item: Object did not get ID it asked for. Name: graveyard:small_gray_urn Expected: 1658 Got: 2188
[13Jul2025 17:00:54.128] [main/WARN] [net.minecraftforge.registries.ForgeRegistry/REGISTRIES]: Registry minecraft:item: Object did not get ID it asked for. Name: graveyard:small_light_gray_urn Expected: 1659 Got: 2189
[13Jul2025 17:00:54.128] [main/WARN] [net.minecraftforge.registries.ForgeRegistry/REGISTRIES]: Registry minecraft:item: Object did not get ID it asked for. Name: graveyard:small_blue_urn Expected: 1660 Got: 2190
[13Jul2025 17:00:54.128] [main/WARN] [net.minecraftforge.registries.ForgeRegistry/REGISTRIES]: Registry minecraft:item: Object did not get ID it asked for. Name: graveyard:small_cyan_urn Expected: 1661 Got: 2191
[13Jul2025 17:00:54.129] [main/WARN] [net.minecraftforge.registries.ForgeRegistry/REGISTRIES]: Registry minecraft:item: Object did not get ID it asked for. Name: graveyard:small_light_blue_urn Expected: 1662 Got: 2192
[13Jul2025 17:00:54.129] [main/WARN] [net.minecraftforge.registries.ForgeRegistry/REGISTRIES]: Registry minecraft:item: Object did not get ID it asked for. Name: graveyard:small_red_urn Expected: 1663 Got: 2193
[13Jul2025 17:00:54.129] [main/WARN] [net.minecraftforge.registries.ForgeRegistry/REGISTRIES]: Registry minecraft:item: Object did not get ID it asked for. Name: graveyard:small_orange_urn Expected: 1664 Got: 2194
[13Jul2025 17:00:54.129] [main/WARN] [net.minecraftforge.registries.ForgeRegistry/REGISTRIES]: Registry minecraft:item: Object did not get ID it asked for. Name: graveyard:small_yellow_urn Expected: 1665 Got: 2195
[13Jul2025 17:00:54.129] [main/WARN] [net.minecraftforge.registries.ForgeRegistry/REGISTRIES]: Registry minecraft:item: Object did not get ID it asked for. Name: graveyard:small_pink_urn Expected: 1666 Got: 2196
[13Jul2025 17:00:54.129] [main/WARN] [net.minecraftforge.registries.ForgeRegistry/REGISTRIES]: Registry minecraft:item: Object did not get ID it asked for. Name: graveyard:small_magenta_urn Expected: 1667 Got: 2197
[13Jul2025 17:00:54.129] [main/WARN] [net.minecraftforge.registries.ForgeRegistry/REGISTRIES]: Registry minecraft:item: Object did not get ID it asked for. Name: graveyard:small_purple_urn Expected: 1668 Got: 2198
[13Jul2025 17:00:54.129] [main/WARN] [net.minecraftforge.registries.ForgeRegistry/REGISTRIES]: Registry minecraft:item: Object did not get ID it asked for. Name: graveyard:small_green_urn Expected: 1669 Got: 2199
[13Jul2025 17:00:54.129] [main/WARN] [net.minecraftforge.registries.ForgeRegistry/REGISTRIES]: Registry minecraft:item: Object did not get ID it asked for. Name: graveyard:small_lime_urn Expected: 1670 Got: 2200
[13Jul2025 17:00:54.130] [main/WARN] [net.minecraftforge.registries.ForgeRegistry/REGISTRIES]: Registry minecraft:item: Object did not get ID it asked for. Name: graveyard:sarcophagus Expected: 1671 Got: 2201
[13Jul2025 17:00:54.130] [main/WARN] [net.minecraftforge.registries.ForgeRegistry/REGISTRIES]: Registry minecraft:item: Object did not get ID it asked for. Name: graveyard:oak_coffin Expected: 1672 Got: 2202
[13Jul2025 17:00:54.130] [main/WARN] [net.minecraftforge.registries.ForgeRegistry/REGISTRIES]: Registry minecraft:item: Object did not get ID it asked for. Name: graveyard:spruce_coffin Expected: 1673 Got: 2203
[13Jul2025 17:00:54.130] [main/WARN] [net.minecraftforge.registries.ForgeRegistry/REGISTRIES]: Registry minecraft:item: Object did not get ID it asked for. Name: graveyard:birch_coffin Expected: 1674 Got: 2204
[13Jul2025 17:00:54.283] [main/WARN] [net.minecraftforge.registries.ForgeRegistry/REGISTRIES]: Registry minecraft:item: Object did not get ID it asked for. Name: graveyard:dark_oak_coffin Expected: 1675 Got: 2205
[13Jul2025 17:00:54.283] [main/WARN] [net.minecraftforge.registries.ForgeRegistry/REGISTRIES]: Registry minecraft:item: Object did not get ID it asked for. Name: graveyard:jungle_coffin Expected: 1676 Got: 2206
[13Jul2025 17:00:54.283] [main/WARN] [net.minecraftforge.registries.ForgeRegistry/REGISTRIES]: Registry minecraft:item: Object did not get ID it asked for. Name: graveyard:acacia_coffin Expected: 1677 Got: 2207
[13Jul2025 17:00:54.284] [main/WARN] [net.minecraftforge.registries.ForgeRegistry/REGISTRIES]: Registry minecraft:item: Object did not get ID it asked for. Name: graveyard:warped_coffin Expected: 1678 Got: 2208
[13Jul2025 17:00:54.284] [main/WARN] [net.minecraftforge.registries.ForgeRegistry/REGISTRIES]: Registry minecraft:item: Object did not get ID it asked for. Name: graveyard:crimson_coffin Expected: 1679 Got: 2209
[13Jul2025 17:00:54.284] [main/WARN] [net.minecraftforge.registries.ForgeRegistry/REGISTRIES]: Registry minecraft:item: Object did not get ID it asked for. Name: graveyard:mangrove_coffin Expected: 1680 Got: 2210
[13Jul2025 17:00:54.284] [main/WARN] [net.minecraftforge.registries.ForgeRegistry/REGISTRIES]: Registry minecraft:item: Object did not get ID it asked for. Name: graveyard:sarcophagus_lid Expected: 1681 Got: 2211
[13Jul2025 17:00:54.284] [main/WARN] [net.minecraftforge.registries.ForgeRegistry/REGISTRIES]: Registry minecraft:item: Object did not get ID it asked for. Name: graveyard:sarcophagus_base Expected: 1682 Got: 2212
[13Jul2025 17:00:54.284] [main/WARN] [net.minecraftforge.registries.ForgeRegistry/REGISTRIES]: Registry minecraft:item: Object did not get ID it asked for. Name: graveyard:dark_oak_coffin_lid Expected: 1683 Got: 2213
[13Jul2025 17:00:54.284] [main/WARN] [net.minecraftforge.registries.ForgeRegistry/REGISTRIES]: Registry minecraft:item: Object did not get ID it asked for. Name: graveyard:dark_oak_coffin_base Expected: 1684 Got: 2214
[13Jul2025 17:00:54.284] [main/WARN] [net.minecraftforge.registries.ForgeRegistry/REGISTRIES]: Registry minecraft:item: Object did not get ID it asked for. Name: graveyard:oak_coffin_lid Expected: 1685 Got: 2215
[13Jul2025 17:00:54.284] [main/WARN] [net.minecraftforge.registries.ForgeRegistry/REGISTRIES]: Registry minecraft:item: Object did not get ID it asked for. Name: graveyard:oak_coffin_base Expected: 1686 Got: 2216
[13Jul2025 17:00:54.284] [main/WARN] [net.minecraftforge.registries.ForgeRegistry/REGISTRIES]: Registry minecraft:item: Object did not get ID it asked for. Name: graveyard:birch_coffin_lid Expected: 1687 Got: 2217
[13Jul2025 17:00:54.284] [main/WARN] [net.minecraftforge.registries.ForgeRegistry/REGISTRIES]: Registry minecraft:item: Object did not get ID it asked for. Name: graveyard:birch_coffin_base Expected: 1688 Got: 2218
[13Jul2025 17:00:54.284] [main/WARN] [net.minecraftforge.registries.ForgeRegistry/REGISTRIES]: Registry minecraft:item: Object did not get ID it asked for. Name: graveyard:jungle_coffin_lid Expected: 1689 Got: 2219
[13Jul2025 17:00:54.284] [main/WARN] [net.minecraftforge.registries.ForgeRegistry/REGISTRIES]: Registry minecraft:item: Object did not get ID it asked for. Name: graveyard:jungle_coffin_base Expected: 1690 Got: 2220
[13Jul2025 17:00:54.285] [main/WARN] [net.minecraftforge.registries.ForgeRegistry/REGISTRIES]: Registry minecraft:item: Object did not get ID it asked for. Name: graveyard:acacia_coffin_lid Expected: 1691 Got: 2221
[13Jul2025 17:00:54.285] [main/WARN] [net.minecraftforge.registries.ForgeRegistry/REGISTRIES]: Registry minecraft:item: Object did not get ID it asked for. Name: graveyard:acacia_coffin_base Expected: 1692 Got: 2222
[13Jul2025 17:00:54.285] [main/WARN] [net.minecraftforge.registries.ForgeRegistry/REGISTRIES]: Registry minecraft:item: Object did not get ID it asked for. Name: graveyard:spruce_coffin_lid Expected: 1693 Got: 2223
[13Jul2025 17:00:54.285] [main/WARN] [net.minecraftforge.registries.ForgeRegistry/REGISTRIES]: Registry minecraft:item: Object did not get ID it asked for. Name: graveyard:spruce_coffin_base Expected: 1694 Got: 2224
[13Jul2025 17:00:54.285] [main/WARN] [net.minecraftforge.registries.ForgeRegistry/REGISTRIES]: Registry minecraft:item: Object did not get ID it asked for. Name: graveyard:warped_coffin_lid Expected: 1695 Got: 2225
[13Jul2025 17:00:54.285] [main/WARN] [net.minecraftforge.registries.ForgeRegistry/REGISTRIES]: Registry minecraft:item: Object did not get ID it asked for. Name: graveyard:warped_coffin_base Expected: 1696 Got: 2226
[13Jul2025 17:00:54.285] [main/WARN] [net.minecraftforge.registries.ForgeRegistry/REGISTRIES]: Registry minecraft:item: Object did not get ID it asked for. Name: graveyard:crimson_coffin_lid Expected: 1697 Got: 2227
[13Jul2025 17:00:54.285] [main/WARN] [net.minecraftforge.registries.ForgeRegistry/REGISTRIES]: Registry minecraft:item: Object did not get ID it asked for. Name: graveyard:crimson_coffin_base Expected: 1698 Got: 2228
[13Jul2025 17:00:54.285] [main/WARN] [net.minecraftforge.registries.ForgeRegistry/REGISTRIES]: Registry minecraft:item: Object did not get ID it asked for. Name: graveyard:mangrove_coffin_lid Expected: 1699 Got: 2229
[13Jul2025 17:00:54.285] [main/WARN] [net.minecraftforge.registries.ForgeRegistry/REGISTRIES]: Registry minecraft:item: Object did not get ID it asked for. Name: graveyard:mangrove_coffin_base Expected: 1700 Got: 2230
[13Jul2025 17:00:54.285] [main/WARN] [net.minecraftforge.registries.ForgeRegistry/REGISTRIES]: Registry minecraft:item: Object did not get ID it asked for. Name: graveyard:vial_of_blood Expected: 1701 Got: 2231
[13Jul2025 17:00:54.285] [main/WARN] [net.minecraftforge.registries.ForgeRegistry/REGISTRIES]: Registry minecraft:item: Object did not get ID it asked for. Name: graveyard:torso_pile Expected: 1702 Got: 2232
[13Jul2025 17:00:54.285] [main/WARN] [net.minecraftforge.registries.ForgeRegistry/REGISTRIES]: Registry minecraft:item: Object did not get ID it asked for. Name: graveyard:wither_torso_pile Expected: 1703 Got: 2233
[13Jul2025 17:00:54.286] [main/WARN] [net.minecraftforge.registries.ForgeRegistry/REGISTRIES]: Registry minecraft:item: Object did not get ID it asked for. Name: graveyard:skull_on_pike Expected: 1704 Got: 2234
[13Jul2025 17:00:54.286] [main/WARN] [net.minecraftforge.registries.ForgeRegistry/REGISTRIES]: Registry minecraft:item: Object did not get ID it asked for. Name: graveyard:wither_skull_on_pike Expected: 1705 Got: 2235
[13Jul2025 17:00:54.286] [main/WARN] [net.minecraftforge.registries.ForgeRegistry/REGISTRIES]: Registry minecraft:item: Object did not get ID it asked for. Name: graveyard:bone_remains Expected: 1706 Got: 2236
[13Jul2025 17:00:54.286] [main/WARN] [net.minecraftforge.registries.ForgeRegistry/REGISTRIES]: Registry minecraft:item: Object did not get ID it asked for. Name: graveyard:wither_bone_remains Expected: 1707 Got: 2237
[13Jul2025 17:00:54.286] [main/WARN] [net.minecraftforge.registries.ForgeRegistry/REGISTRIES]: Registry minecraft:item: Object did not get ID it asked for. Name: graveyard:laterally_lying_skeleton Expected: 1708 Got: 2238
[13Jul2025 17:00:54.286] [main/WARN] [net.minecraftforge.registries.ForgeRegistry/REGISTRIES]: Registry minecraft:item: Object did not get ID it asked for. Name: graveyard:laterally_lying_wither_skeleton Expected: 1709 Got: 2239
[13Jul2025 17:00:54.286] [main/WARN] [net.minecraftforge.registries.ForgeRegistry/REGISTRIES]: Registry minecraft:item: Object did not get ID it asked for. Name: graveyard:white_bone_staff Expected: 1710 Got: 2240
[13Jul2025 17:00:54.286] [main/WARN] [net.minecraftforge.registries.ForgeRegistry/REGISTRIES]: Registry minecraft:item: Object did not get ID it asked for. Name: graveyard:black_bone_staff Expected: 1711 Got: 2241
[13Jul2025 17:00:54.286] [main/WARN] [net.minecraftforge.registries.ForgeRegistry/REGISTRIES]: Registry minecraft:item: Object did not get ID it asked for. Name: graveyard:red_bone_staff Expected: 1712 Got: 2242
[13Jul2025 17:00:54.286] [main/WARN] [net.minecraftforge.registries.ForgeRegistry/REGISTRIES]: Registry minecraft:item: Object did not get ID it asked for. Name: graveyard:cyan_bone_staff Expected: 1713 Got: 2243
[13Jul2025 17:00:54.286] [main/WARN] [net.minecraftforge.registries.ForgeRegistry/REGISTRIES]: Registry minecraft:item: Object did not get ID it asked for. Name: graveyard:purple_bone_staff Expected: 1714 Got: 2244
[13Jul2025 17:00:54.286] [main/WARN] [net.minecraftforge.registries.ForgeRegistry/REGISTRIES]: Registry minecraft:item: Object did not get ID it asked for. Name: graveyard:altar Expected: 1715 Got: 2245
[13Jul2025 17:00:54.286] [main/WARN] [net.minecraftforge.registries.ForgeRegistry/REGISTRIES]: Registry minecraft:item: Object did not get ID it asked for. Name: graveyard:altar_side Expected: 1716 Got: 2246
[13Jul2025 17:00:54.287] [main/WARN] [net.minecraftforge.registries.ForgeRegistry/REGISTRIES]: Registry minecraft:item: Object did not get ID it asked for. Name: graveyard:altar_corner Expected: 1717 Got: 2247
[13Jul2025 17:00:54.287] [main/WARN] [net.minecraftforge.registries.ForgeRegistry/REGISTRIES]: Registry minecraft:item: Object did not get ID it asked for. Name: graveyard:altar_center Expected: 1718 Got: 2248
[13Jul2025 17:00:54.287] [main/WARN] [net.minecraftforge.registries.ForgeRegistry/REGISTRIES]: Registry minecraft:item: Object did not get ID it asked for. Name: graveyard:upper_bone_staff Expected: 1719 Got: 2249
[13Jul2025 17:00:54.287] [main/WARN] [net.minecraftforge.registries.ForgeRegistry/REGISTRIES]: Registry minecraft:item: Object did not get ID it asked for. Name: graveyard:middle_bone_staff Expected: 1720 Got: 2250
[13Jul2025 17:00:54.287] [main/WARN] [net.minecraftforge.registries.ForgeRegistry/REGISTRIES]: Registry minecraft:item: Object did not get ID it asked for. Name: graveyard:lower_bone_staff Expected: 1721 Got: 2251
[13Jul2025 17:00:54.287] [main/WARN] [net.minecraftforge.registries.ForgeRegistry/REGISTRIES]: Registry minecraft:item: Object did not get ID it asked for. Name: obscure_api:astral_dust Expected: 1964 Got: 2252
[13Jul2025 17:00:54.287] [main/WARN] [net.minecraftforge.registries.ForgeRegistry/REGISTRIES]: Registry minecraft:item: Object did not get ID it asked for. Name: obscure_api:vial_of_knowledge Expected: 1965 Got: 2253
[13Jul2025 17:00:54.287] [main/WARN] [net.minecraftforge.registries.ForgeRegistry/REGISTRIES]: Registry minecraft:item: Object did not get ID it asked for. Name: the_cuckoo_clock:chuckoo_clock_jumpscare_spawn_egg Expected: 1966 Got: 2254
[13Jul2025 17:00:54.287] [main/WARN] [net.minecraftforge.registries.ForgeRegistry/REGISTRIES]: Registry minecraft:item: Object did not get ID it asked for. Name: the_cuckoo_clock:old_folk_book Expected: 1967 Got: 2255
[13Jul2025 17:00:54.287] [main/WARN] [net.minecraftforge.registries.ForgeRegistry/REGISTRIES]: Registry minecraft:item: Object did not get ID it asked for. Name: legendary_monsters:chorus_blade Expected: 2252 Got: 2256
[13Jul2025 17:00:54.287] [main/WARN] [net.minecraftforge.registries.ForgeRegistry/REGISTRIES]: Registry minecraft:item: Object did not get ID it asked for. Name: legendary_monsters:dinosaur_bone Expected: 2253 Got: 2257
[13Jul2025 17:00:54.287] [main/WARN] [net.minecraftforge.registries.ForgeRegistry/REGISTRIES]: Registry minecraft:item: Object did not get ID it asked for. Name: legendary_monsters:withered_bone Expected: 2254 Got: 2258
[13Jul2025 17:00:54.288] [main/WARN] [net.minecraftforge.registries.ForgeRegistry/REGISTRIES]: Registry minecraft:item: Object did not get ID it asked for. Name: legendary_monsters:infected_chorus_fruit Expected: 2255 Got: 2259
[13Jul2025 17:00:54.288] [main/WARN] [net.minecraftforge.registries.ForgeRegistry/REGISTRIES]: Registry minecraft:item: Object did not get ID it asked for. Name: legendary_monsters:chorus_bomb_projectile Expected: 2256 Got: 2260
[13Jul2025 17:00:54.288] [main/WARN] [net.minecraftforge.registries.ForgeRegistry/REGISTRIES]: Registry minecraft:item: Object did not get ID it asked for. Name: legendary_monsters:chorus_crystal Expected: 2257 Got: 2261
[13Jul2025 17:00:54.288] [main/WARN] [net.minecraftforge.registries.ForgeRegistry/REGISTRIES]: Registry minecraft:item: Object did not get ID it asked for. Name: legendary_monsters:frozen_rune Expected: 2258 Got: 2262
[13Jul2025 17:00:54.288] [main/WARN] [net.minecraftforge.registries.ForgeRegistry/REGISTRIES]: Registry minecraft:item: Object did not get ID it asked for. Name: legendary_monsters:the_great_frost Expected: 2259 Got: 2263
[13Jul2025 17:00:54.288] [main/WARN] [net.minecraftforge.registries.ForgeRegistry/REGISTRIES]: Registry minecraft:item: Object did not get ID it asked for. Name: legendary_monsters:large_shulker_shell Expected: 2260 Got: 2264
[13Jul2025 17:00:54.288] [main/WARN] [net.minecraftforge.registries.ForgeRegistry/REGISTRIES]: Registry minecraft:item: Object did not get ID it asked for. Name: legendary_monsters:lava_eaters_skin Expected: 2261 Got: 2265
[13Jul2025 17:00:54.288] [main/WARN] [net.minecraftforge.registries.ForgeRegistry/REGISTRIES]: Registry minecraft:item: Object did not get ID it asked for. Name: legendary_monsters:entity_warper Expected: 2262 Got: 2266
[13Jul2025 17:00:54.288] [main/WARN] [net.minecraftforge.registries.ForgeRegistry/REGISTRIES]: Registry minecraft:item: Object did not get ID it asked for. Name: legendary_monsters:void_entity_warper Expected: 2263 Got: 2267
[13Jul2025 17:00:54.288] [main/WARN] [net.minecraftforge.registries.ForgeRegistry/REGISTRIES]: Registry minecraft:item: Object did not get ID it asked for. Name: legendary_monsters:nature_crystal Expected: 2264 Got: 2268
[13Jul2025 17:00:54.288] [main/WARN] [net.minecraftforge.registries.ForgeRegistry/REGISTRIES]: Registry minecraft:item: Object did not get ID it asked for. Name: legendary_monsters:void_gem Expected: 2265 Got: 2269
[13Jul2025 17:00:54.289] [main/WARN] [net.minecraftforge.registries.ForgeRegistry/REGISTRIES]: Registry minecraft:item: Object did not get ID it asked for. Name: legendary_monsters:dinosaur_bone_shield Expected: 2266 Got: 2270
[13Jul2025 17:00:54.289] [main/WARN] [net.minecraftforge.registries.ForgeRegistry/REGISTRIES]: Registry minecraft:item: Object did not get ID it asked for. Name: legendary_monsters:shulker_shield Expected: 2267 Got: 2271
[13Jul2025 17:00:54.289] [main/WARN] [net.minecraftforge.registries.ForgeRegistry/REGISTRIES]: Registry minecraft:item: Object did not get ID it asked for. Name: legendary_monsters:frostbitten_shield Expected: 2268 Got: 2272
[13Jul2025 17:00:54.289] [main/WARN] [net.minecraftforge.registries.ForgeRegistry/REGISTRIES]: Registry minecraft:item: Object did not get ID it asked for. Name: legendary_monsters:mossy_hammer Expected: 2269 Got: 2273
[13Jul2025 17:00:54.289] [main/WARN] [net.minecraftforge.registries.ForgeRegistry/REGISTRIES]: Registry minecraft:item: Object did not get ID it asked for. Name: legendary_monsters:mossy_chestplate Expected: 2270 Got: 2274
[13Jul2025 17:00:54.289] [main/WARN] [net.minecraftforge.registries.ForgeRegistry/REGISTRIES]: Registry minecraft:item: Object did not get ID it asked for. Name: legendary_monsters:withered_ribcage Expected: 2271 Got: 2275
[13Jul2025 17:00:54.289] [main/WARN] [net.minecraftforge.registries.ForgeRegistry/REGISTRIES]: Registry minecraft:item: Object did not get ID it asked for. Name: legendary_monsters:shulker_helmet Expected: 2272 Got: 2276
[13Jul2025 17:00:54.289] [main/WARN] [net.minecraftforge.registries.ForgeRegistry/REGISTRIES]: Registry minecraft:item: Object did not get ID it asked for. Name: legendary_monsters:chorus_mask Expected: 2273 Got: 2277
[13Jul2025 17:00:54.289] [main/WARN] [net.minecraftforge.registries.ForgeRegistry/REGISTRIES]: Registry minecraft:item: Object did not get ID it asked for. Name: legendary_monsters:dinosaur_bone_club Expected: 2274 Got: 2278
[13Jul2025 17:00:54.289] [main/WARN] [net.minecraftforge.registries.ForgeRegistry/REGISTRIES]: Registry minecraft:item: Object did not get ID it asked for. Name: legendary_monsters:void_sword Expected: 2275 Got: 2279
[13Jul2025 17:00:54.289] [main/WARN] [net.minecraftforge.registries.ForgeRegistry/REGISTRIES]: Registry minecraft:item: Object did not get ID it asked for. Name: legendary_monsters:fiery_jaw Expected: 2276 Got: 2280
[13Jul2025 17:00:54.290] [main/WARN] [net.minecraftforge.registries.ForgeRegistry/REGISTRIES]: Registry minecraft:item: Object did not get ID it asked for. Name: legendary_monsters:warped_mushroom_cap_part Expected: 2277 Got: 2281
[13Jul2025 17:00:54.290] [main/WARN] [net.minecraftforge.registries.ForgeRegistry/REGISTRIES]: Registry minecraft:item: Object did not get ID it asked for. Name: legendary_monsters:overgrown_colossus_spawn_egg Expected: 2278 Got: 2282
[13Jul2025 17:00:54.290] [main/WARN] [net.minecraftforge.registries.ForgeRegistry/REGISTRIES]: Registry minecraft:item: Object did not get ID it asked for. Name: legendary_monsters:endersent_spawn_egg Expected: 2279 Got: 2283
[13Jul2025 17:00:54.290] [main/WARN] [net.minecraftforge.registries.ForgeRegistry/REGISTRIES]: Registry minecraft:item: Object did not get ID it asked for. Name: legendary_monsters:warped_fungussus_spawn_egg Expected: 2280 Got: 2284
[13Jul2025 17:00:54.290] [main/WARN] [net.minecraftforge.registries.ForgeRegistry/REGISTRIES]: Registry minecraft:item: Object did not get ID it asked for. Name: legendary_monsters:skeletosaurus_spawn_egg Expected: 2281 Got: 2285
[13Jul2025 17:00:54.290] [main/WARN] [net.minecraftforge.registries.ForgeRegistry/REGISTRIES]: Registry minecraft:item: Object did not get ID it asked for. Name: legendary_monsters:lava_eater_spawn_egg Expected: 2282 Got: 2286
[13Jul2025 17:00:54.290] [main/WARN] [net.minecraftforge.registries.ForgeRegistry/REGISTRIES]: Registry minecraft:item: Object did not get ID it asked for. Name: legendary_monsters:frostbitten_golem_spawn_egg Expected: 2283 Got: 2287
[13Jul2025 17:00:54.290] [main/WARN] [net.minecraftforge.registries.ForgeRegistry/REGISTRIES]: Registry minecraft:item: Object did not get ID it asked for. Name: legendary_monsters:shulker_mimic_spawn_egg Expected: 2284 Got: 2288
[13Jul2025 17:00:54.290] [main/WARN] [net.minecraftforge.registries.ForgeRegistry/REGISTRIES]: Registry minecraft:item: Object did not get ID it asked for. Name: legendary_monsters:withered_abomination_spawn_egg Expected: 2285 Got: 2289
[13Jul2025 17:00:54.290] [main/WARN] [net.minecraftforge.registries.ForgeRegistry/REGISTRIES]: Registry minecraft:item: Object did not get ID it asked for. Name: legendary_monsters:chorus_cannon Expected: 2286 Got: 2290
[13Jul2025 17:00:54.290] [main/WARN] [net.minecraftforge.registries.ForgeRegistry/REGISTRIES]: Registry minecraft:item: Object did not get ID it asked for. Name: legendary_monsters:withered_scythe Expected: 2287 Got: 2291
[13Jul2025 17:00:54.290] [main/WARN] [net.minecraftforge.registries.ForgeRegistry/REGISTRIES]: Registry minecraft:item: Object did not get ID it asked for. Name: legendary_monsters:chorusling_spawn_egg Expected: 2288 Got: 2292
[13Jul2025 17:00:54.291] [main/WARN] [net.minecraftforge.registries.ForgeRegistry/REGISTRIES]: Registry minecraft:item: Object did not get ID it asked for. Name: legendary_monsters:ambusher_spawn_egg Expected: 2289 Got: 2293
[13Jul2025 17:00:54.291] [main/WARN] [net.minecraftforge.registries.ForgeRegistry/REGISTRIES]: Registry minecraft:item: Object did not get ID it asked for. Name: legendary_monsters:spike_bug_spawn_egg Expected: 2290 Got: 2294
[13Jul2025 17:00:54.291] [main/WARN] [net.minecraftforge.registries.ForgeRegistry/REGISTRIES]: Registry minecraft:item: Object did not get ID it asked for. Name: legendary_monsters:ancient_guardian_spawn_egg Expected: 2291 Got: 2295
[13Jul2025 17:00:54.291] [main/WARN] [net.minecraftforge.registries.ForgeRegistry/REGISTRIES]: Registry minecraft:item: Object did not get ID it asked for. Name: legendary_monsters:cloud_golem_spawn_egg Expected: 2292 Got: 2296
[13Jul2025 17:00:54.291] [main/WARN] [net.minecraftforge.registries.ForgeRegistry/REGISTRIES]: Registry minecraft:item: Object did not get ID it asked for. Name: legendary_monsters:spiky_shield Expected: 2293 Got: 2297
[13Jul2025 17:00:54.291] [main/WARN] [net.minecraftforge.registries.ForgeRegistry/REGISTRIES]: Registry minecraft:item: Object did not get ID it asked for. Name: legendary_monsters:monstrous_anchor Expected: 2294 Got: 2298
[13Jul2025 17:00:54.291] [main/WARN] [net.minecraftforge.registries.ForgeRegistry/REGISTRIES]: Registry minecraft:item: Object did not get ID it asked for. Name: legendary_monsters:sharp_battle_axe Expected: 2295 Got: 2299
[13Jul2025 17:00:54.291] [main/WARN] [net.minecraftforge.registries.ForgeRegistry/REGISTRIES]: Registry minecraft:item: Object did not get ID it asked for. Name: legendary_monsters:sharp_sai Expected: 2296 Got: 2300
[13Jul2025 17:00:54.291] [main/WARN] [net.minecraftforge.registries.ForgeRegistry/REGISTRIES]: Registry minecraft:item: Object did not get ID it asked for. Name: legendary_monsters:ancient_spike Expected: 2297 Got: 2301
[13Jul2025 17:00:54.291] [main/WARN] [net.minecraftforge.registries.ForgeRegistry/REGISTRIES]: Registry minecraft:item: Object did not get ID it asked for. Name: legendary_monsters:anchor_handle Expected: 2298 Got: 2302
[13Jul2025 17:00:54.291] [main/WARN] [net.minecraftforge.registries.ForgeRegistry/REGISTRIES]: Registry minecraft:item: Object did not get ID it asked for. Name: legendary_monsters:eye_of_many_ribs Expected: 2299 Got: 2303
[13Jul2025 17:00:54.291] [main/WARN] [net.minecraftforge.registries.ForgeRegistry/REGISTRIES]: Registry minecraft:item: Object did not get ID it asked for. Name: legendary_monsters:eye_of_frost Expected: 2300 Got: 2304
[13Jul2025 17:00:54.291] [main/WARN] [net.minecraftforge.registries.ForgeRegistry/REGISTRIES]: Registry minecraft:item: Object did not get ID it asked for. Name: legendary_monsters:eye_of_air Expected: 2301 Got: 2305
[13Jul2025 17:00:54.291] [main/WARN] [net.minecraftforge.registries.ForgeRegistry/REGISTRIES]: Registry minecraft:item: Object did not get ID it asked for. Name: legendary_monsters:eye_of_moss Expected: 2302 Got: 2306
[13Jul2025 17:00:54.291] [main/WARN] [net.minecraftforge.registries.ForgeRegistry/REGISTRIES]: Registry minecraft:item: Object did not get ID it asked for. Name: legendary_monsters:eye_of_shulker Expected: 2303 Got: 2307
[13Jul2025 17:00:54.292] [main/WARN] [net.minecraftforge.registries.ForgeRegistry/REGISTRIES]: Registry minecraft:item: Object did not get ID it asked for. Name: legendary_monsters:eye_of_chorus Expected: 2304 Got: 2308
[13Jul2025 17:00:54.292] [main/WARN] [net.minecraftforge.registries.ForgeRegistry/REGISTRIES]: Registry minecraft:item: Object did not get ID it asked for. Name: legendary_monsters:eye_of_magma Expected: 2305 Got: 2309
[13Jul2025 17:00:54.292] [main/WARN] [net.minecraftforge.registries.ForgeRegistry/REGISTRIES]: Registry minecraft:item: Object did not get ID it asked for. Name: legendary_monsters:eye_of_bones Expected: 2306 Got: 2310
[13Jul2025 17:00:54.292] [main/WARN] [net.minecraftforge.registries.ForgeRegistry/REGISTRIES]: Registry minecraft:item: Object did not get ID it asked for. Name: legendary_monsters:eye_of_soul Expected: 2307 Got: 2311
[13Jul2025 17:00:54.292] [main/WARN] [net.minecraftforge.registries.ForgeRegistry/REGISTRIES]: Registry minecraft:item: Object did not get ID it asked for. Name: legendary_monsters:ambushers_skin Expected: 2308 Got: 2312
[13Jul2025 17:00:54.292] [main/WARN] [net.minecraftforge.registries.ForgeRegistry/REGISTRIES]: Registry minecraft:item: Object did not get ID it asked for. Name: legendary_monsters:falling_cloud_projectile Expected: 2309 Got: 2313
[13Jul2025 17:00:54.292] [main/WARN] [net.minecraftforge.registries.ForgeRegistry/REGISTRIES]: Registry minecraft:item: Object did not get ID it asked for. Name: legendary_monsters:falling_cloud_small_projectile Expected: 2310 Got: 2314
[13Jul2025 17:00:54.292] [main/WARN] [net.minecraftforge.registries.ForgeRegistry/REGISTRIES]: Registry minecraft:item: Object did not get ID it asked for. Name: legendary_monsters:air_rune Expected: 2311 Got: 2315
[13Jul2025 17:00:54.292] [main/WARN] [net.minecraftforge.registries.ForgeRegistry/REGISTRIES]: Registry minecraft:item: Object did not get ID it asked for. Name: legendary_monsters:wand_of_clouds Expected: 2312 Got: 2316
[13Jul2025 17:00:54.292] [main/WARN] [net.minecraftforge.registries.ForgeRegistry/REGISTRIES]: Registry minecraft:item: Object did not get ID it asked for. Name: legendary_monsters:axe_of_lightning Expected: 2313 Got: 2317
[13Jul2025 17:00:54.292] [main/WARN] [net.minecraftforge.registries.ForgeRegistry/REGISTRIES]: Registry minecraft:item: Object did not get ID it asked for. Name: legendary_monsters:molten_metal_ingot Expected: 2314 Got: 2318
[13Jul2025 17:00:54.292] [main/WARN] [net.minecraftforge.registries.ForgeRegistry/REGISTRIES]: Registry minecraft:item: Object did not get ID it asked for. Name: legendary_monsters:atmospheric_boots Expected: 2315 Got: 2319
[13Jul2025 17:00:54.292] [main/WARN] [net.minecraftforge.registries.ForgeRegistry/REGISTRIES]: Registry minecraft:item: Object did not get ID it asked for. Name: legendary_monsters:ancient_dripstone_bricks Expected: 2316 Got: 2320
[13Jul2025 17:00:54.293] [main/WARN] [net.minecraftforge.registries.ForgeRegistry/REGISTRIES]: Registry minecraft:item: Object did not get ID it asked for. Name: legendary_monsters:ancient_dripstone_block Expected: 2317 Got: 2321
[13Jul2025 17:00:54.293] [main/WARN] [net.minecraftforge.registries.ForgeRegistry/REGISTRIES]: Registry minecraft:item: Object did not get ID it asked for. Name: legendary_monsters:ancient_dripstone_tiles Expected: 2318 Got: 2322
[13Jul2025 17:00:54.293] [main/WARN] [net.minecraftforge.registries.ForgeRegistry/REGISTRIES]: Registry minecraft:item: Object did not get ID it asked for. Name: legendary_monsters:ancient_dripstone_brick_wall Expected: 2319 Got: 2323
[13Jul2025 17:00:54.293] [main/WARN] [net.minecraftforge.registries.ForgeRegistry/REGISTRIES]: Registry minecraft:item: Object did not get ID it asked for. Name: legendary_monsters:ancient_dripstone_brick_slab Expected: 2320 Got: 2324
[13Jul2025 17:00:54.293] [main/WARN] [net.minecraftforge.registries.ForgeRegistry/REGISTRIES]: Registry minecraft:item: Object did not get ID it asked for. Name: legendary_monsters:ancient_dripstone_brick_stairs Expected: 2321 Got: 2325
[13Jul2025 17:00:54.293] [main/WARN] [net.minecraftforge.registries.ForgeRegistry/REGISTRIES]: Registry minecraft:item: Object did not get ID it asked for. Name: legendary_monsters:ancient_dripstone_tile_slab Expected: 2322 Got: 2326
[13Jul2025 17:00:54.293] [main/WARN] [net.minecraftforge.registries.ForgeRegistry/REGISTRIES]: Registry minecraft:item: Object did not get ID it asked for. Name: legendary_monsters:ancient_dripstone_tile_stairs Expected: 2323 Got: 2327
[13Jul2025 17:00:54.293] [main/WARN] [net.minecraftforge.registries.ForgeRegistry/REGISTRIES]: Registry minecraft:item: Object did not get ID it asked for. Name: legendary_monsters:ancient_dripstone_tile_wall Expected: 2324 Got: 2328
[13Jul2025 17:00:54.293] [main/WARN] [net.minecraftforge.registries.ForgeRegistry/REGISTRIES]: Registry minecraft:item: Object did not get ID it asked for. Name: legendary_monsters:cloud_block Expected: 2325 Got: 2329
[13Jul2025 17:00:54.293] [main/WARN] [net.minecraftforge.registries.ForgeRegistry/REGISTRIES]: Registry minecraft:item: Object did not get ID it asked for. Name: knightlib:great_chalice Expected: 2326 Got: 2330
[13Jul2025 17:00:54.293] [main/WARN] [net.minecraftforge.registries.ForgeRegistry/REGISTRIES]: Registry minecraft:item: Object did not get ID it asked for. Name: knightlib:small_essence Expected: 2327 Got: 2331
[13Jul2025 17:00:54.293] [main/WARN] [net.minecraftforge.registries.ForgeRegistry/REGISTRIES]: Registry minecraft:item: Object did not get ID it asked for. Name: knightlib:great_essence Expected: 2328 Got: 2332
[13Jul2025 17:00:54.293] [main/WARN] [net.minecraftforge.registries.ForgeRegistry/REGISTRIES]: Registry minecraft:item: Object did not get ID it asked for. Name: bosses_of_mass_destruction:soul_star Expected: 2329 Got: 2333
[13Jul2025 17:00:54.293] [main/WARN] [net.minecraftforge.registries.ForgeRegistry/REGISTRIES]: Registry minecraft:item: Object did not get ID it asked for. Name: bosses_of_mass_destruction:ancient_anima Expected: 2330 Got: 2334
[13Jul2025 17:00:54.294] [main/WARN] [net.minecraftforge.registries.ForgeRegistry/REGISTRIES]: Registry minecraft:item: Object did not get ID it asked for. Name: bosses_of_mass_destruction:blazing_eye Expected: 2331 Got: 2335
[13Jul2025 17:00:54.294] [main/WARN] [net.minecraftforge.registries.ForgeRegistry/REGISTRIES]: Registry minecraft:item: Object did not get ID it asked for. Name: bosses_of_mass_destruction:obsidian_heart Expected: 2332 Got: 2336
[13Jul2025 17:00:54.294] [main/WARN] [net.minecraftforge.registries.ForgeRegistry/REGISTRIES]: Registry minecraft:item: Object did not get ID it asked for. Name: bosses_of_mass_destruction:earthdive_spear Expected: 2333 Got: 2337
[13Jul2025 17:00:54.294] [main/WARN] [net.minecraftforge.registries.ForgeRegistry/REGISTRIES]: Registry minecraft:item: Object did not get ID it asked for. Name: bosses_of_mass_destruction:void_thorn Expected: 2334 Got: 2338
[13Jul2025 17:00:54.294] [main/WARN] [net.minecraftforge.registries.ForgeRegistry/REGISTRIES]: Registry minecraft:item: Object did not get ID it asked for. Name: bosses_of_mass_destruction:crystal_fruit Expected: 2335 Got: 2339
[13Jul2025 17:00:54.294] [main/WARN] [net.minecraftforge.registries.ForgeRegistry/REGISTRIES]: Registry minecraft:item: Object did not get ID it asked for. Name: bosses_of_mass_destruction:charged_ender_pearl Expected: 2336 Got: 2340
[13Jul2025 17:00:54.294] [main/WARN] [net.minecraftforge.registries.ForgeRegistry/REGISTRIES]: Registry minecraft:item: Object did not get ID it asked for. Name: bosses_of_mass_destruction:brimstone_nectar Expected: 2337 Got: 2341
[13Jul2025 17:00:54.294] [main/WARN] [net.minecraftforge.registries.ForgeRegistry/REGISTRIES]: Registry minecraft:item: Object did not get ID it asked for. Name: bosses_of_mass_destruction:obsidilith_rune Expected: 2338 Got: 2342
[13Jul2025 17:00:54.294] [main/WARN] [net.minecraftforge.registries.ForgeRegistry/REGISTRIES]: Registry minecraft:item: Object did not get ID it asked for. Name: bosses_of_mass_destruction:chiseled_stone_altar Expected: 2339 Got: 2343
[13Jul2025 17:00:54.294] [main/WARN] [net.minecraftforge.registries.ForgeRegistry/REGISTRIES]: Registry minecraft:item: Object did not get ID it asked for. Name: bosses_of_mass_destruction:void_blossom Expected: 2340 Got: 2344
[13Jul2025 17:00:54.294] [main/WARN] [net.minecraftforge.registries.ForgeRegistry/REGISTRIES]: Registry minecraft:item: Object did not get ID it asked for. Name: bosses_of_mass_destruction:vine_wall Expected: 2341 Got: 2345
[13Jul2025 17:00:54.294] [main/WARN] [net.minecraftforge.registries.ForgeRegistry/REGISTRIES]: Registry minecraft:item: Object did not get ID it asked for. Name: bosses_of_mass_destruction:obsidilith_end_frame Expected: 2342 Got: 2346
[13Jul2025 17:00:54.295] [main/WARN] [net.minecraftforge.registries.ForgeRegistry/REGISTRIES]: Registry minecraft:item: Object did not get ID it asked for. Name: bosses_of_mass_destruction:gauntlet_blackstone Expected: 2343 Got: 2347
[13Jul2025 17:00:54.295] [main/WARN] [net.minecraftforge.registries.ForgeRegistry/REGISTRIES]: Registry minecraft:item: Object did not get ID it asked for. Name: bosses_of_mass_destruction:sealed_blackstone Expected: 2344 Got: 2348
[13Jul2025 17:00:54.295] [main/WARN] [net.minecraftforge.registries.ForgeRegistry/REGISTRIES]: Registry minecraft:item: Object did not get ID it asked for. Name: bosses_of_mass_destruction:mob_ward Expected: 2345 Got: 2349
[13Jul2025 17:00:54.295] [main/WARN] [net.minecraftforge.registries.ForgeRegistry/REGISTRIES]: Registry minecraft:item: Object did not get ID it asked for. Name: bosses_of_mass_destruction:monolith_block Expected: 2346 Got: 2350
[13Jul2025 17:00:54.295] [main/WARN] [net.minecraftforge.registries.ForgeRegistry/REGISTRIES]: Registry minecraft:item: Object did not get ID it asked for. Name: bosses_of_mass_destruction:levitation_block Expected: 2347 Got: 2351
[13Jul2025 17:00:54.295] [main/WARN] [net.minecraftforge.registries.ForgeRegistry/REGISTRIES]: Registry minecraft:item: Object did not get ID it asked for. Name: bosses_of_mass_destruction:void_blossom_block Expected: 2348 Got: 2352
[13Jul2025 17:00:54.295] [main/WARN] [net.minecraftforge.registries.ForgeRegistry/REGISTRIES]: Registry minecraft:item: Object did not get ID it asked for. Name: bosses_of_mass_destruction:void_lily Expected: 2349 Got: 2353
[13Jul2025 17:00:54.295] [main/WARN] [net.minecraftforge.registries.ForgeRegistry/REGISTRIES]: Registry minecraft:item: Object did not get ID it asked for. Name: mokey:mokey_spawn_egg Expected: 2350 Got: 2354
[13Jul2025 17:00:54.296] [main/WARN] [net.minecraftforge.registries.ForgeRegistry/REGISTRIES]: Registry minecraft:mob_effect: Object did not get ID it asked for. Name: sons_of_sins:allure Expected: 0 Got: 88
[13Jul2025 17:00:54.296] [main/WARN] [net.minecraftforge.registries.ForgeRegistry/REGISTRIES]: Registry minecraft:mob_effect: Object did not get ID it asked for. Name: sons_of_sins:last_breath Expected: 34 Got: 89
[13Jul2025 17:00:54.296] [main/WARN] [net.minecraftforge.registries.ForgeRegistry/REGISTRIES]: Registry minecraft:mob_effect: Object did not get ID it asked for. Name: sons_of_sins:instinct Expected: 35 Got: 90
[13Jul2025 17:00:54.296] [main/WARN] [net.minecraftforge.registries.ForgeRegistry/REGISTRIES]: Registry minecraft:mob_effect: Object did not get ID it asked for. Name: sons_of_sins:boiling Expected: 36 Got: 91
[13Jul2025 17:00:54.296] [main/WARN] [net.minecraftforge.registries.ForgeRegistry/REGISTRIES]: Registry minecraft:mob_effect: Object did not get ID it asked for. Name: sons_of_sins:insanity Expected: 37 Got: 92
[13Jul2025 17:00:54.296] [main/WARN] [net.minecraftforge.registries.ForgeRegistry/REGISTRIES]: Registry minecraft:mob_effect: Object did not get ID it asked for. Name: sons_of_sins:greed Expected: 38 Got: 93
[13Jul2025 17:00:54.296] [main/WARN] [net.minecraftforge.registries.ForgeRegistry/REGISTRIES]: Registry minecraft:mob_effect: Object did not get ID it asked for. Name: sons_of_sins:acid_bloodstream Expected: 39 Got: 94
[13Jul2025 17:00:54.296] [main/WARN] [net.minecraftforge.registries.ForgeRegistry/REGISTRIES]: Registry minecraft:mob_effect: Object did not get ID it asked for. Name: sons_of_sins:arctic_cells Expected: 40 Got: 95
[13Jul2025 17:00:54.296] [main/WARN] [net.minecraftforge.registries.ForgeRegistry/REGISTRIES]: Registry minecraft:mob_effect: Object did not get ID it asked for. Name: sons_of_sins:hercules_fury Expected: 41 Got: 96
[13Jul2025 17:00:54.297] [main/WARN] [net.minecraftforge.registries.ForgeRegistry/REGISTRIES]: Registry minecraft:mob_effect: Object did not get ID it asked for. Name: sons_of_sins:hydrophobia Expected: 42 Got: 97
[13Jul2025 17:00:54.297] [main/WARN] [net.minecraftforge.registries.ForgeRegistry/REGISTRIES]: Registry minecraft:mob_effect: Object did not get ID it asked for. Name: sons_of_sins:stretchy_tendons Expected: 43 Got: 98
[13Jul2025 17:00:54.297] [main/WARN] [net.minecraftforge.registries.ForgeRegistry/REGISTRIES]: Registry minecraft:mob_effect: Object did not get ID it asked for. Name: sons_of_sins:cell_division Expected: 44 Got: 99
[13Jul2025 17:00:54.302] [main/WARN] [net.minecraftforge.registries.ForgeRegistry/REGISTRIES]: Registry minecraft:mob_effect: Object did not get ID it asked for. Name: mowziesmobs:suns_blessing Expected: 52 Got: 100
[13Jul2025 17:00:54.302] [main/WARN] [net.minecraftforge.registries.ForgeRegistry/REGISTRIES]: Registry minecraft:mob_effect: Object did not get ID it asked for. Name: mowziesmobs:geomancy Expected: 53 Got: 101
[13Jul2025 17:00:54.302] [main/WARN] [net.minecraftforge.registries.ForgeRegistry/REGISTRIES]: Registry minecraft:mob_effect: Object did not get ID it asked for. Name: mowziesmobs:frozen Expected: 54 Got: 102
[13Jul2025 17:00:54.302] [main/WARN] [net.minecraftforge.registries.ForgeRegistry/REGISTRIES]: Registry minecraft:mob_effect: Object did not get ID it asked for. Name: mowziesmobs:poison_resist Expected: 55 Got: 103
[13Jul2025 17:00:54.303] [main/WARN] [net.minecraftforge.registries.ForgeRegistry/REGISTRIES]: Registry minecraft:mob_effect: Object did not get ID it asked for. Name: mowziesmobs:sunblock Expected: 56 Got: 104
[13Jul2025 17:00:54.303] [main/WARN] [net.minecraftforge.registries.ForgeRegistry/REGISTRIES]: Registry minecraft:mob_effect: Object did not get ID it asked for. Name: eeeabsmobs:erode_effect Expected: 59 Got: 105
[13Jul2025 17:00:54.303] [main/WARN] [net.minecraftforge.registries.ForgeRegistry/REGISTRIES]: Registry minecraft:mob_effect: Object did not get ID it asked for. Name: eeeabsmobs:armor_lower_effect Expected: 60 Got: 106
[13Jul2025 17:00:54.303] [main/WARN] [net.minecraftforge.registries.ForgeRegistry/REGISTRIES]: Registry minecraft:mob_effect: Object did not get ID it asked for. Name: eeeabsmobs:vertigo_effect Expected: 61 Got: 107
[13Jul2025 17:00:54.303] [main/WARN] [net.minecraftforge.registries.ForgeRegistry/REGISTRIES]: Registry minecraft:mob_effect: Object did not get ID it asked for. Name: eeeabsmobs:frenzy_effect Expected: 62 Got: 108
[13Jul2025 17:00:54.303] [main/WARN] [net.minecraftforge.registries.ForgeRegistry/REGISTRIES]: Registry minecraft:mob_effect: Object did not get ID it asked for. Name: obscure_api:knowledge Expected: 91 Got: 109
[13Jul2025 17:00:54.303] [main/WARN] [net.minecraftforge.registries.ForgeRegistry/REGISTRIES]: Registry minecraft:mob_effect: Object did not get ID it asked for. Name: obscure_api:fury Expected: 92 Got: 110
[13Jul2025 17:00:54.303] [main/WARN] [net.minecraftforge.registries.ForgeRegistry/REGISTRIES]: Registry minecraft:mob_effect: Object did not get ID it asked for. Name: obscure_api:rush Expected: 93 Got: 111
[13Jul2025 17:00:54.303] [main/WARN] [net.minecraftforge.registries.ForgeRegistry/REGISTRIES]: Registry minecraft:mob_effect: Object did not get ID it asked for. Name: the_cuckoo_clock:curse_of_the_clock Expected: 94 Got: 112
[13Jul2025 17:00:54.304] [main/WARN] [net.minecraftforge.registries.ForgeRegistry/REGISTRIES]: Registry minecraft:sound_event: Object did not get ID it asked for. Name: sons_of_sins:sickle_hit Expected: 1321 Got: 1805
[13Jul2025 17:00:54.304] [main/WARN] [net.minecraftforge.registries.ForgeRegistry/REGISTRIES]: Registry minecraft:sound_event: Object did not get ID it asked for. Name: sons_of_sins:sickle_kill Expected: 1322 Got: 1806
[13Jul2025 17:00:54.304] [main/WARN] [net.minecraftforge.registries.ForgeRegistry/REGISTRIES]: Registry minecraft:sound_event: Object did not get ID it asked for. Name: sons_of_sins:remnant_tanking Expected: 1323 Got: 1807
[13Jul2025 17:00:54.304] [main/WARN] [net.minecraftforge.registries.ForgeRegistry/REGISTRIES]: Registry minecraft:sound_event: Object did not get ID it asked for. Name: sons_of_sins:ether_scream Expected: 1324 Got: 1808
[13Jul2025 17:00:54.304] [main/WARN] [net.minecraftforge.registries.ForgeRegistry/REGISTRIES]: Registry minecraft:sound_event: Object did not get ID it asked for. Name: sons_of_sins:ether_ambient Expected: 1325 Got: 1809
[13Jul2025 17:00:54.304] [main/WARN] [net.minecraftforge.registries.ForgeRegistry/REGISTRIES]: Registry minecraft:sound_event: Object did not get ID it asked for. Name: sons_of_sins:soul_steel_dig Expected: 1326 Got: 1810
[13Jul2025 17:00:54.305] [main/WARN] [net.minecraftforge.registries.ForgeRegistry/REGISTRIES]: Registry minecraft:sound_event: Object did not get ID it asked for. Name: sons_of_sins:soul_steel_step Expected: 1327 Got: 1811
[13Jul2025 17:00:54.305] [main/WARN] [net.minecraftforge.registries.ForgeRegistry/REGISTRIES]: Registry minecraft:sound_event: Object did not get ID it asked for. Name: sons_of_sins:wight_hurt Expected: 1328 Got: 1812
[13Jul2025 17:00:54.305] [main/WARN] [net.minecraftforge.registries.ForgeRegistry/REGISTRIES]: Registry minecraft:sound_event: Object did not get ID it asked for. Name: sons_of_sins:wight_death Expected: 1329 Got: 1813
[13Jul2025 17:00:54.305] [main/WARN] [net.minecraftforge.registries.ForgeRegistry/REGISTRIES]: Registry minecraft:sound_event: Object did not get ID it asked for. Name: sons_of_sins:wight_ambient Expected: 1330 Got: 1814
[13Jul2025 17:00:54.305] [main/WARN] [net.minecraftforge.registries.ForgeRegistry/REGISTRIES]: Registry minecraft:sound_event: Object did not get ID it asked for. Name: sons_of_sins:curse_ambient Expected: 1331 Got: 1815
[13Jul2025 17:00:54.305] [main/WARN] [net.minecraftforge.registries.ForgeRegistry/REGISTRIES]: Registry minecraft:sound_event: Object did not get ID it asked for. Name: sons_of_sins:curse_hurt Expected: 1332 Got: 1816
[13Jul2025 17:00:54.305] [main/WARN] [net.minecraftforge.registries.ForgeRegistry/REGISTRIES]: Registry minecraft:sound_event: Object did not get ID it asked for. Name: sons_of_sins:curse_death Expected: 1333 Got: 1817
[13Jul2025 17:00:54.305] [main/WARN] [net.minecraftforge.registries.ForgeRegistry/REGISTRIES]: Registry minecraft:sound_event: Object did not get ID it asked for. Name: sons_of_sins:sin_summon Expected: 1334 Got: 1818
[13Jul2025 17:00:54.305] [main/WARN] [net.minecraftforge.registries.ForgeRegistry/REGISTRIES]: Registry minecraft:sound_event: Object did not get ID it asked for. Name: sons_of_sins:tension Expected: 1335 Got: 1819
[13Jul2025 17:00:54.305] [main/WARN] [net.minecraftforge.registries.ForgeRegistry/REGISTRIES]: Registry minecraft:sound_event: Object did not get ID it asked for. Name: sons_of_sins:sins_redwolf Expected: 1336 Got: 1820
[13Jul2025 17:00:54.305] [main/WARN] [net.minecraftforge.registries.ForgeRegistry/REGISTRIES]: Registry minecraft:sound_event: Object did not get ID it asked for. Name: sons_of_sins:devourer_ambient Expected: 1337 Got: 1821
[13Jul2025 17:00:54.305] [main/WARN] [net.minecraftforge.registries.ForgeRegistry/REGISTRIES]: Registry minecraft:sound_event: Object did not get ID it asked for. Name: sons_of_sins:devourer_death Expected: 1338 Got: 1822
[13Jul2025 17:00:54.305] [main/WARN] [net.minecraftforge.registries.ForgeRegistry/REGISTRIES]: Registry minecraft:sound_event: Object did not get ID it asked for. Name: sons_of_sins:devourer_hurt Expected: 1339 Got: 1823
[13Jul2025 17:00:54.305] [main/WARN] [net.minecraftforge.registries.ForgeRegistry/REGISTRIES]: Registry minecraft:sound_event: Object did not get ID it asked for. Name: sons_of_sins:grub_ambient Expected: 1340 Got: 1824
[13Jul2025 17:00:54.305] [main/WARN] [net.minecraftforge.registries.ForgeRegistry/REGISTRIES]: Registry minecraft:sound_event: Object did not get ID it asked for. Name: sons_of_sins:grub_death Expected: 1341 Got: 1825
[13Jul2025 17:00:54.306] [main/WARN] [net.minecraftforge.registries.ForgeRegistry/REGISTRIES]: Registry minecraft:sound_event: Object did not get ID it asked for. Name: sons_of_sins:grub_hurt Expected: 1342 Got: 1826
[13Jul2025 17:00:54.306] [main/WARN] [net.minecraftforge.registries.ForgeRegistry/REGISTRIES]: Registry minecraft:sound_event: Object did not get ID it asked for. Name: sons_of_sins:guzzler_ambient Expected: 1343 Got: 1827
[13Jul2025 17:00:54.306] [main/WARN] [net.minecraftforge.registries.ForgeRegistry/REGISTRIES]: Registry minecraft:sound_event: Object did not get ID it asked for. Name: sons_of_sins:guzzler_death Expected: 1344 Got: 1828
[13Jul2025 17:00:54.306] [main/WARN] [net.minecraftforge.registries.ForgeRegistry/REGISTRIES]: Registry minecraft:sound_event: Object did not get ID it asked for. Name: sons_of_sins:guzzler_hurt Expected: 1345 Got: 1829
[13Jul2025 17:00:54.306] [main/WARN] [net.minecraftforge.registries.ForgeRegistry/REGISTRIES]: Registry minecraft:sound_event: Object did not get ID it asked for. Name: sons_of_sins:blud_ambient Expected: 1346 Got: 1830
[13Jul2025 17:00:54.306] [main/WARN] [net.minecraftforge.registries.ForgeRegistry/REGISTRIES]: Registry minecraft:sound_event: Object did not get ID it asked for. Name: sons_of_sins:blud_death Expected: 1347 Got: 1831
[13Jul2025 17:00:54.306] [main/WARN] [net.minecraftforge.registries.ForgeRegistry/REGISTRIES]: Registry minecraft:sound_event: Object did not get ID it asked for. Name: sons_of_sins:blud_hurt Expected: 1348 Got: 1832
[13Jul2025 17:00:54.306] [main/WARN] [net.minecraftforge.registries.ForgeRegistry/REGISTRIES]: Registry minecraft:sound_event: Object did not get ID it asked for. Name: sons_of_sins:butcher_ambient Expected: 1349 Got: 1833
[13Jul2025 17:00:54.306] [main/WARN] [net.minecraftforge.registries.ForgeRegistry/REGISTRIES]: Registry minecraft:sound_event: Object did not get ID it asked for. Name: sons_of_sins:butcher_death Expected: 1350 Got: 1834
[13Jul2025 17:00:54.306] [main/WARN] [net.minecraftforge.registries.ForgeRegistry/REGISTRIES]: Registry minecraft:sound_event: Object did not get ID it asked for. Name: sons_of_sins:butcher_hurt Expected: 1351 Got: 1835
[13Jul2025 17:00:54.306] [main/WARN] [net.minecraftforge.registries.ForgeRegistry/REGISTRIES]: Registry minecraft:sound_event: Object did not get ID it asked for. Name: sons_of_sins:the_curse_ambient Expected: 1352 Got: 1836
[13Jul2025 17:00:54.306] [main/WARN] [net.minecraftforge.registries.ForgeRegistry/REGISTRIES]: Registry minecraft:sound_event: Object did not get ID it asked for. Name: sons_of_sins:the_curse_death Expected: 1353 Got: 1837
[13Jul2025 17:00:54.306] [main/WARN] [net.minecraftforge.registries.ForgeRegistry/REGISTRIES]: Registry minecraft:sound_event: Object did not get ID it asked for. Name: sons_of_sins:the_curse_hurt Expected: 1354 Got: 1838
[13Jul2025 17:00:54.306] [main/WARN] [net.minecraftforge.registries.ForgeRegistry/REGISTRIES]: Registry minecraft:sound_event: Object did not get ID it asked for. Name: sons_of_sins:kelvin_ambient Expected: 1355 Got: 1839
[13Jul2025 17:00:54.306] [main/WARN] [net.minecraftforge.registries.ForgeRegistry/REGISTRIES]: Registry minecraft:sound_event: Object did not get ID it asked for. Name: sons_of_sins:kelvin_death Expected: 1356 Got: 1840
[13Jul2025 17:00:54.306] [main/WARN] [net.minecraftforge.registries.ForgeRegistry/REGISTRIES]: Registry minecraft:sound_event: Object did not get ID it asked for. Name: sons_of_sins:kelvin_hurt Expected: 1357 Got: 1841
[13Jul2025 17:00:54.306] [main/WARN] [net.minecraftforge.registries.ForgeRegistry/REGISTRIES]: Registry minecraft:sound_event: Object did not get ID it asked for. Name: sons_of_sins:prowler_ambient Expected: 1358 Got: 1842
[13Jul2025 17:00:54.307] [main/WARN] [net.minecraftforge.registries.ForgeRegistry/REGISTRIES]: Registry minecraft:sound_event: Object did not get ID it asked for. Name: sons_of_sins:prowler_death Expected: 1359 Got: 1843
[13Jul2025 17:00:54.307] [main/WARN] [net.minecraftforge.registries.ForgeRegistry/REGISTRIES]: Registry minecraft:sound_event: Object did not get ID it asked for. Name: sons_of_sins:prowler_hurt Expected: 1360 Got: 1844
[13Jul2025 17:00:54.307] [main/WARN] [net.minecraftforge.registries.ForgeRegistry/REGISTRIES]: Registry minecraft:sound_event: Object did not get ID it asked for. Name: sons_of_sins:walking_bed_death Expected: 1361 Got: 1845
[13Jul2025 17:00:54.307] [main/WARN] [net.minecraftforge.registries.ForgeRegistry/REGISTRIES]: Registry minecraft:sound_event: Object did not get ID it asked for. Name: sons_of_sins:walking_bed_hurt Expected: 1362 Got: 1846
[13Jul2025 17:00:54.307] [main/WARN] [net.minecraftforge.registries.ForgeRegistry/REGISTRIES]: Registry minecraft:sound_event: Object did not get ID it asked for. Name: sons_of_sins:wistiver_ambient Expected: 1363 Got: 1847
[13Jul2025 17:00:54.307] [main/WARN] [net.minecraftforge.registries.ForgeRegistry/REGISTRIES]: Registry minecraft:sound_event: Object did not get ID it asked for. Name: sons_of_sins:wistiver_death Expected: 1364 Got: 1848
[13Jul2025 17:00:54.307] [main/WARN] [net.minecraftforge.registries.ForgeRegistry/REGISTRIES]: Registry minecraft:sound_event: Object did not get ID it asked for. Name: sons_of_sins:wistiver_hurt Expected: 1365 Got: 1849
[13Jul2025 17:00:54.307] [main/WARN] [net.minecraftforge.registries.ForgeRegistry/REGISTRIES]: Registry minecraft:sound_event: Object did not get ID it asked for. Name: sons_of_sins:walking_bed_ambient Expected: 1366 Got: 1850
[13Jul2025 17:00:54.307] [main/WARN] [net.minecraftforge.registries.ForgeRegistry/REGISTRIES]: Registry minecraft:sound_event: Object did not get ID it asked for. Name: sons_of_sins:blood_bucket_emptying Expected: 1367 Got: 1851
[13Jul2025 17:00:54.310] [main/WARN] [net.minecraftforge.registries.ForgeRegistry/REGISTRIES]: Registry minecraft:sound_event: Object did not get ID it asked for. Name: sons_of_sins:nibbler_hurt Expected: 1368 Got: 1852
[13Jul2025 17:00:54.310] [main/WARN] [net.minecraftforge.registries.ForgeRegistry/REGISTRIES]: Registry minecraft:sound_event: Object did not get ID it asked for. Name: sons_of_sins:nibbler_death Expected: 1369 Got: 1853
[13Jul2025 17:00:54.310] [main/WARN] [net.minecraftforge.registries.ForgeRegistry/REGISTRIES]: Registry minecraft:sound_event: Object did not get ID it asked for. Name: sons_of_sins:nibbler_ambient Expected: 1370 Got: 1854
[13Jul2025 17:00:54.310] [main/WARN] [net.minecraftforge.registries.ForgeRegistry/REGISTRIES]: Registry minecraft:sound_event: Object did not get ID it asked for. Name: mowziesmobs:laser Expected: 1407 Got: 1855
[13Jul2025 17:00:54.310] [main/WARN] [net.minecraftforge.registries.ForgeRegistry/REGISTRIES]: Registry minecraft:sound_event: Object did not get ID it asked for. Name: mowziesmobs:sunstrike Expected: 1408 Got: 1856
[13Jul2025 17:00:54.311] [main/WARN] [net.minecraftforge.registries.ForgeRegistry/REGISTRIES]: Registry minecraft:sound_event: Object did not get ID it asked for. Name: mowziesmobs:wroughtnaut.pre_swing1 Expected: 1409 Got: 1857
[13Jul2025 17:00:54.311] [main/WARN] [net.minecraftforge.registries.ForgeRegistry/REGISTRIES]: Registry minecraft:sound_event: Object did not get ID it asked for. Name: mowziesmobs:wroughtnaut.pre_swing2 Expected: 1410 Got: 1858
[13Jul2025 17:00:54.311] [main/WARN] [net.minecraftforge.registries.ForgeRegistry/REGISTRIES]: Registry minecraft:sound_event: Object did not get ID it asked for. Name: mowziesmobs:wroughtnaut.pre_swing3 Expected: 1411 Got: 1859
[13Jul2025 17:00:54.311] [main/WARN] [net.minecraftforge.registries.ForgeRegistry/REGISTRIES]: Registry minecraft:sound_event: Object did not get ID it asked for. Name: mowziesmobs:wroughtnaut.creak Expected: 1412 Got: 1860
[13Jul2025 17:00:54.311] [main/WARN] [net.minecraftforge.registries.ForgeRegistry/REGISTRIES]: Registry minecraft:sound_event: Object did not get ID it asked for. Name: mowziesmobs:wroughtnaut.swing1 Expected: 1413 Got: 1861
[13Jul2025 17:00:54.311] [main/WARN] [net.minecraftforge.registries.ForgeRegistry/REGISTRIES]: Registry minecraft:sound_event: Object did not get ID it asked for. Name: mowziesmobs:wroughtnaut.swing2 Expected: 1414 Got: 1862
[13Jul2025 17:00:54.311] [main/WARN] [net.minecraftforge.registries.ForgeRegistry/REGISTRIES]: Registry minecraft:sound_event: Object did not get ID it asked for. Name: mowziesmobs:wroughtnaut.swing3 Expected: 1415 Got: 1863
[13Jul2025 17:00:54.311] [main/WARN] [net.minecraftforge.registries.ForgeRegistry/REGISTRIES]: Registry minecraft:sound_event: Object did not get ID it asked for. Name: mowziesmobs:wroughtnaut.shout1 Expected: 1416 Got: 1864
[13Jul2025 17:00:54.311] [main/WARN] [net.minecraftforge.registries.ForgeRegistry/REGISTRIES]: Registry minecraft:sound_event: Object did not get ID it asked for. Name: mowziesmobs:wroughtnaut.shout2 Expected: 1417 Got: 1865
[13Jul2025 17:00:54.311] [main/WARN] [net.minecraftforge.registries.ForgeRegistry/REGISTRIES]: Registry minecraft:sound_event: Object did not get ID it asked for. Name: mowziesmobs:wroughtnaut.shout3 Expected: 1418 Got: 1866
[13Jul2025 17:00:54.311] [main/WARN] [net.minecraftforge.registries.ForgeRegistry/REGISTRIES]: Registry minecraft:sound_event: Object did not get ID it asked for. Name: mowziesmobs:wroughtnaut.pull1 Expected: 1419 Got: 1867
[13Jul2025 17:00:54.311] [main/WARN] [net.minecraftforge.registries.ForgeRegistry/REGISTRIES]: Registry minecraft:sound_event: Object did not get ID it asked for. Name: mowziesmobs:wroughtnaut.pull2 Expected: 1420 Got: 1868
[13Jul2025 17:00:54.311] [main/WARN] [net.minecraftforge.registries.ForgeRegistry/REGISTRIES]: Registry minecraft:sound_event: Object did not get ID it asked for. Name: mowziesmobs:wroughtnaut.pull5 Expected: 1421 Got: 1869
[13Jul2025 17:00:54.312] [main/WARN] [net.minecraftforge.registries.ForgeRegistry/REGISTRIES]: Registry minecraft:sound_event: Object did not get ID it asked for. Name: mowziesmobs:wroughtnaut.release2 Expected: 1422 Got: 1870
[13Jul2025 17:00:54.312] [main/WARN] [net.minecraftforge.registries.ForgeRegistry/REGISTRIES]: Registry minecraft:sound_event: Object did not get ID it asked for. Name: mowziesmobs:wroughtnaut.whoosh Expected: 1423 Got: 1871
[13Jul2025 17:00:54.312] [main/WARN] [net.minecraftforge.registries.ForgeRegistry/REGISTRIES]: Registry minecraft:sound_event: Object did not get ID it asked for. Name: mowziesmobs:wroughtnaut.hurt1 Expected: 1424 Got: 1872
[13Jul2025 17:00:54.312] [main/WARN] [net.minecraftforge.registries.ForgeRegistry/REGISTRIES]: Registry minecraft:sound_event: Object did not get ID it asked for. Name: mowziesmobs:wroughtnaut.scream Expected: 1425 Got: 1873
[13Jul2025 17:00:54.312] [main/WARN] [net.minecraftforge.registries.ForgeRegistry/REGISTRIES]: Registry minecraft:sound_event: Object did not get ID it asked for. Name: mowziesmobs:wroughtnaut.grunt1 Expected: 1426 Got: 1874
[13Jul2025 17:00:54.312] [main/WARN] [net.minecraftforge.registries.ForgeRegistry/REGISTRIES]: Registry minecraft:sound_event: Object did not get ID it asked for. Name: mowziesmobs:wroughtnaut.grunt2 Expected: 1427 Got: 1875
[13Jul2025 17:00:54.312] [main/WARN] [net.minecraftforge.registries.ForgeRegistry/REGISTRIES]: Registry minecraft:sound_event: Object did not get ID it asked for. Name: mowziesmobs:wroughtnaut.grunt3 Expected: 1428 Got: 1876
[13Jul2025 17:00:54.312] [main/WARN] [net.minecraftforge.registries.ForgeRegistry/REGISTRIES]: Registry minecraft:sound_event: Object did not get ID it asked for. Name: mowziesmobs:wroughtnaut.ambient Expected: 1429 Got: 1877
[13Jul2025 17:00:54.312] [main/WARN] [net.minecraftforge.registries.ForgeRegistry/REGISTRIES]: Registry minecraft:sound_event: Object did not get ID it asked for. Name: mowziesmobs:wroughtnaut.step Expected: 1430 Got: 1878
[13Jul2025 17:00:54.312] [main/WARN] [net.minecraftforge.registries.ForgeRegistry/REGISTRIES]: Registry minecraft:sound_event: Object did not get ID it asked for. Name: mowziesmobs:wroughtnaut.undamaged Expected: 1431 Got: 1879
[13Jul2025 17:00:54.312] [main/WARN] [net.minecraftforge.registries.ForgeRegistry/REGISTRIES]: Registry minecraft:sound_event: Object did not get ID it asked for. Name: mowziesmobs:wroughtnaut.axe_land Expected: 1432 Got: 1880
[13Jul2025 17:00:54.312] [main/WARN] [net.minecraftforge.registries.ForgeRegistry/REGISTRIES]: Registry minecraft:sound_event: Object did not get ID it asked for. Name: mowziesmobs:wroughtnaut.axe_hit Expected: 1433 Got: 1881
[13Jul2025 17:00:54.312] [main/WARN] [net.minecraftforge.registries.ForgeRegistry/REGISTRIES]: Registry minecraft:sound_event: Object did not get ID it asked for. Name: mowziesmobs:umvuthana.inhale Expected: 1434 Got: 1882
[13Jul2025 17:00:54.312] [main/WARN] [net.minecraftforge.registries.ForgeRegistry/REGISTRIES]: Registry minecraft:sound_event: Object did not get ID it asked for. Name: mowziesmobs:umvuthana.blowdart Expected: 1435 Got: 1883
[13Jul2025 17:00:54.312] [main/WARN] [net.minecraftforge.registries.ForgeRegistry/REGISTRIES]: Registry minecraft:sound_event: Object did not get ID it asked for. Name: mowziesmobs:umvuthana.emerge Expected: 1436 Got: 1884
[13Jul2025 17:00:54.313] [main/WARN] [net.minecraftforge.registries.ForgeRegistry/REGISTRIES]: Registry minecraft:sound_event: Object did not get ID it asked for. Name: mowziesmobs:umvuthana.retract Expected: 1437 Got: 1885
[13Jul2025 17:00:54.313] [main/WARN] [net.minecraftforge.registries.ForgeRegistry/REGISTRIES]: Registry minecraft:sound_event: Object did not get ID it asked for. Name: mowziesmobs:umvuthana.hurt Expected: 1438 Got: 1886
[13Jul2025 17:00:54.313] [main/WARN] [net.minecraftforge.registries.ForgeRegistry/REGISTRIES]: Registry minecraft:sound_event: Object did not get ID it asked for. Name: mowziesmobs:umvuthana.rattle Expected: 1439 Got: 1887
[13Jul2025 17:00:54.313] [main/WARN] [net.minecraftforge.registries.ForgeRegistry/REGISTRIES]: Registry minecraft:sound_event: Object did not get ID it asked for. Name: mowziesmobs:umvuthana.die Expected: 1440 Got: 1888
[13Jul2025 17:00:54.313] [main/WARN] [net.minecraftforge.registries.ForgeRegistry/REGISTRIES]: Registry minecraft:sound_event: Object did not get ID it asked for. Name: mowziesmobs:umvuthana.roar Expected: 1441 Got: 1889
[13Jul2025 17:00:54.313] [main/WARN] [net.minecraftforge.registries.ForgeRegistry/REGISTRIES]: Registry minecraft:sound_event: Object did not get ID it asked for. Name: mowziesmobs:umvuthana.alert Expected: 1442 Got: 1890
[13Jul2025 17:00:54.313] [main/WARN] [net.minecraftforge.registries.ForgeRegistry/REGISTRIES]: Registry minecraft:sound_event: Object did not get ID it asked for. Name: mowziesmobs:umvuthana.idle1 Expected: 1443 Got: 1891
[13Jul2025 17:00:54.313] [main/WARN] [net.minecraftforge.registries.ForgeRegistry/REGISTRIES]: Registry minecraft:sound_event: Object did not get ID it asked for. Name: mowziesmobs:umvuthana.idle2 Expected: 1444 Got: 1892
[13Jul2025 17:00:54.313] [main/WARN] [net.minecraftforge.registries.ForgeRegistry/REGISTRIES]: Registry minecraft:sound_event: Object did not get ID it asked for. Name: mowziesmobs:umvuthana.idle3 Expected: 1445 Got: 1893
[13Jul2025 17:00:54.313] [main/WARN] [net.minecraftforge.registries.ForgeRegistry/REGISTRIES]: Registry minecraft:sound_event: Object did not get ID it asked for. Name: mowziesmobs:umvuthana.idle4 Expected: 1446 Got: 1894
[13Jul2025 17:00:54.313] [main/WARN] [net.minecraftforge.registries.ForgeRegistry/REGISTRIES]: Registry minecraft:sound_event: Object did not get ID it asked for. Name: mowziesmobs:umvuthana.idle5 Expected: 1447 Got: 1895
[13Jul2025 17:00:54.314] [main/WARN] [net.minecraftforge.registries.ForgeRegistry/REGISTRIES]: Registry minecraft:sound_event: Object did not get ID it asked for. Name: mowziesmobs:umvuthana.idle6 Expected: 1448 Got: 1896
[13Jul2025 17:00:54.314] [main/WARN] [net.minecraftforge.registries.ForgeRegistry/REGISTRIES]: Registry minecraft:sound_event: Object did not get ID it asked for. Name: mowziesmobs:umvuthana.idle7 Expected: 1449 Got: 1897
[13Jul2025 17:00:54.315] [main/WARN] [net.minecraftforge.registries.ForgeRegistry/REGISTRIES]: Registry minecraft:sound_event: Object did not get ID it asked for. Name: mowziesmobs:umvuthana.idle8 Expected: 1450 Got: 1898
[13Jul2025 17:00:54.315] [main/WARN] [net.minecraftforge.registries.ForgeRegistry/REGISTRIES]: Registry minecraft:sound_event: Object did not get ID it asked for. Name: mowziesmobs:umvuthana.attack1 Expected: 1451 Got: 1899
[13Jul2025 17:00:54.315] [main/WARN] [net.minecraftforge.registries.ForgeRegistry/REGISTRIES]: Registry minecraft:sound_event: Object did not get ID it asked for. Name: mowziesmobs:umvuthana.attack2 Expected: 1452 Got: 1900
[13Jul2025 17:00:54.315] [main/WARN] [net.minecraftforge.registries.ForgeRegistry/REGISTRIES]: Registry minecraft:sound_event: Object did not get ID it asked for. Name: mowziesmobs:umvuthana.attack3 Expected: 1453 Got: 1901
[13Jul2025 17:00:54.315] [main/WARN] [net.minecraftforge.registries.ForgeRegistry/REGISTRIES]: Registry minecraft:sound_event: Object did not get ID it asked for. Name: mowziesmobs:umvuthana.attack_big Expected: 1454 Got: 1902
[13Jul2025 17:00:54.315] [main/WARN] [net.minecraftforge.registries.ForgeRegistry/REGISTRIES]: Registry minecraft:sound_event: Object did not get ID it asked for. Name: mowziesmobs:umvuthana.healstart1 Expected: 1455 Got: 1903
[13Jul2025 17:00:54.315] [main/WARN] [net.minecraftforge.registries.ForgeRegistry/REGISTRIES]: Registry minecraft:sound_event: Object did not get ID it asked for. Name: mowziesmobs:umvuthana.healstart2 Expected: 1456 Got: 1904
[13Jul2025 17:00:54.315] [main/WARN] [net.minecraftforge.registries.ForgeRegistry/REGISTRIES]: Registry minecraft:sound_event: Object did not get ID it asked for. Name: mowziesmobs:umvuthana.healstart3 Expected: 1457 Got: 1905
[13Jul2025 17:00:54.315] [main/WARN] [net.minecraftforge.registries.ForgeRegistry/REGISTRIES]: Registry minecraft:sound_event: Object did not get ID it asked for. Name: mowziesmobs:umvuthana.teleport1 Expected: 1458 Got: 1906
[13Jul2025 17:00:54.315] [main/WARN] [net.minecraftforge.registries.ForgeRegistry/REGISTRIES]: Registry minecraft:sound_event: Object did not get ID it asked for. Name: mowziesmobs:umvuthana.teleport2 Expected: 1459 Got: 1907
[13Jul2025 17:00:54.315] [main/WARN] [net.minecraftforge.registries.ForgeRegistry/REGISTRIES]: Registry minecraft:sound_event: Object did not get ID it asked for. Name: mowziesmobs:umvuthana.teleport3 Expected: 1460 Got: 1908
[13Jul2025 17:00:54.315] [main/WARN] [net.minecraftforge.registries.ForgeRegistry/REGISTRIES]: Registry minecraft:sound_event: Object did not get ID it asked for. Name: mowziesmobs:umvuthana.healloop Expected: 1461 Got: 1909
[13Jul2025 17:00:54.315] [main/WARN] [net.minecraftforge.registries.ForgeRegistry/REGISTRIES]: Registry minecraft:sound_event: Object did not get ID it asked for. Name: mowziesmobs:umvuthi.belly Expected: 1462 Got: 1910
[13Jul2025 17:00:54.315] [main/WARN] [net.minecraftforge.registries.ForgeRegistry/REGISTRIES]: Registry minecraft:sound_event: Object did not get ID it asked for. Name: mowziesmobs:umvuthi.burst Expected: 1463 Got: 1911
[13Jul2025 17:00:54.315] [main/WARN] [net.minecraftforge.registries.ForgeRegistry/REGISTRIES]: Registry minecraft:sound_event: Object did not get ID it asked for. Name: mowziesmobs:umvuthi.roar Expected: 1464 Got: 1912
[13Jul2025 17:00:54.315] [main/WARN] [net.minecraftforge.registries.ForgeRegistry/REGISTRIES]: Registry minecraft:sound_event: Object did not get ID it asked for. Name: mowziesmobs:supernova.start Expected: 1465 Got: 1913
[13Jul2025 17:00:54.315] [main/WARN] [net.minecraftforge.registries.ForgeRegistry/REGISTRIES]: Registry minecraft:sound_event: Object did not get ID it asked for. Name: mowziesmobs:supernova.blackhole Expected: 1466 Got: 1914
[13Jul2025 17:00:54.316] [main/WARN] [net.minecraftforge.registries.ForgeRegistry/REGISTRIES]: Registry minecraft:sound_event: Object did not get ID it asked for. Name: mowziesmobs:supernova.end Expected: 1467 Got: 1915
[13Jul2025 17:00:54.316] [main/WARN] [net.minecraftforge.registries.ForgeRegistry/REGISTRIES]: Registry minecraft:sound_event: Object did not get ID it asked for. Name: mowziesmobs:umvuthi.attack Expected: 1468 Got: 1916
[13Jul2025 17:00:54.316] [main/WARN] [net.minecraftforge.registries.ForgeRegistry/REGISTRIES]: Registry minecraft:sound_event: Object did not get ID it asked for. Name: mowziesmobs:umvuthi.hurt Expected: 1469 Got: 1917
[13Jul2025 17:00:54.316] [main/WARN] [net.minecraftforge.registries.ForgeRegistry/REGISTRIES]: Registry minecraft:sound_event: Object did not get ID it asked for. Name: mowziesmobs:umvuthi.die Expected: 1470 Got: 1918
[13Jul2025 17:00:54.316] [main/WARN] [net.minecraftforge.registries.ForgeRegistry/REGISTRIES]: Registry minecraft:sound_event: Object did not get ID it asked for. Name: mowziesmobs:umvuthi.bless Expected: 1471 Got: 1919
[13Jul2025 17:00:54.316] [main/WARN] [net.minecraftforge.registries.ForgeRegistry/REGISTRIES]: Registry minecraft:sound_event: Object did not get ID it asked for. Name: mowziesmobs:umvuthi.idle Expected: 1472 Got: 1920
[13Jul2025 17:00:54.316] [main/WARN] [net.minecraftforge.registries.ForgeRegistry/REGISTRIES]: Registry minecraft:sound_event: Object did not get ID it asked for. Name: mowziesmobs:foliaath.grunt Expected: 1473 Got: 1921
[13Jul2025 17:00:54.316] [main/WARN] [net.minecraftforge.registries.ForgeRegistry/REGISTRIES]: Registry minecraft:sound_event: Object did not get ID it asked for. Name: mowziesmobs:foliaath.rustle Expected: 1474 Got: 1922
[13Jul2025 17:00:54.316] [main/WARN] [net.minecraftforge.registries.ForgeRegistry/REGISTRIES]: Registry minecraft:sound_event: Object did not get ID it asked for. Name: mowziesmobs:foliaath.emerge Expected: 1475 Got: 1923
[13Jul2025 17:00:54.316] [main/WARN] [net.minecraftforge.registries.ForgeRegistry/REGISTRIES]: Registry minecraft:sound_event: Object did not get ID it asked for. Name: mowziesmobs:foliaath.retreat Expected: 1476 Got: 1924
[13Jul2025 17:00:54.316] [main/WARN] [net.minecraftforge.registries.ForgeRegistry/REGISTRIES]: Registry minecraft:sound_event: Object did not get ID it asked for. Name: mowziesmobs:foliaath.pant1 Expected: 1477 Got: 1925
[13Jul2025 17:00:54.316] [main/WARN] [net.minecraftforge.registries.ForgeRegistry/REGISTRIES]: Registry minecraft:sound_event: Object did not get ID it asked for. Name: mowziesmobs:foliaath.pant2 Expected: 1478 Got: 1926
[13Jul2025 17:00:54.316] [main/WARN] [net.minecraftforge.registries.ForgeRegistry/REGISTRIES]: Registry minecraft:sound_event: Object did not get ID it asked for. Name: mowziesmobs:foliaath.bite1 Expected: 1479 Got: 1927
[13Jul2025 17:00:54.317] [main/WARN] [net.minecraftforge.registries.ForgeRegistry/REGISTRIES]: Registry minecraft:sound_event: Object did not get ID it asked for. Name: mowziesmobs:foliaath.hurt Expected: 1480 Got: 1928
[13Jul2025 17:00:54.317] [main/WARN] [net.minecraftforge.registries.ForgeRegistry/REGISTRIES]: Registry minecraft:sound_event: Object did not get ID it asked for. Name: mowziesmobs:foliaath.die Expected: 1481 Got: 1929
[13Jul2025 17:00:54.317] [main/WARN] [net.minecraftforge.registries.ForgeRegistry/REGISTRIES]: Registry minecraft:sound_event: Object did not get ID it asked for. Name: mowziesmobs:foliaath.baby.eat Expected: 1482 Got: 1930
[13Jul2025 17:00:54.317] [main/WARN] [net.minecraftforge.registries.ForgeRegistry/REGISTRIES]: Registry minecraft:sound_event: Object did not get ID it asked for. Name: mowziesmobs:frostmaw.roar Expected: 1483 Got: 1931
[13Jul2025 17:00:54.317] [main/WARN] [net.minecraftforge.registries.ForgeRegistry/REGISTRIES]: Registry minecraft:sound_event: Object did not get ID it asked for. Name: mowziesmobs:frostmaw.die Expected: 1484 Got: 1932
[13Jul2025 17:00:54.317] [main/WARN] [net.minecraftforge.registries.ForgeRegistry/REGISTRIES]: Registry minecraft:sound_event: Object did not get ID it asked for. Name: mowziesmobs:frostmaw.whoosh Expected: 1485 Got: 1933
[13Jul2025 17:00:54.317] [main/WARN] [net.minecraftforge.registries.ForgeRegistry/REGISTRIES]: Registry minecraft:sound_event: Object did not get ID it asked for. Name: mowziesmobs:frostmaw.icebreath Expected: 1486 Got: 1934
[13Jul2025 17:00:54.320] [main/WARN] [net.minecraftforge.registries.ForgeRegistry/REGISTRIES]: Registry minecraft:sound_event: Object did not get ID it asked for. Name: mowziesmobs:frostmaw.icebreathstart Expected: 1487 Got: 1935
[13Jul2025 17:00:54.320] [main/WARN] [net.minecraftforge.registries.ForgeRegistry/REGISTRIES]: Registry minecraft:sound_event: Object did not get ID it asked for. Name: mowziesmobs:frostmaw.iceballcharge Expected: 1488 Got: 1936
[13Jul2025 17:00:54.320] [main/WARN] [net.minecraftforge.registries.ForgeRegistry/REGISTRIES]: Registry minecraft:sound_event: Object did not get ID it asked for. Name: mowziesmobs:frostmaw.iceballshoot Expected: 1489 Got: 1937
[13Jul2025 17:00:54.320] [main/WARN] [net.minecraftforge.registries.ForgeRegistry/REGISTRIES]: Registry minecraft:sound_event: Object did not get ID it asked for. Name: mowziesmobs:frostmaw.frozencrash Expected: 1490 Got: 1938
[13Jul2025 17:00:54.320] [main/WARN] [net.minecraftforge.registries.ForgeRegistry/REGISTRIES]: Registry minecraft:sound_event: Object did not get ID it asked for. Name: mowziesmobs:frostmaw.step Expected: 1491 Got: 1939
[13Jul2025 17:00:54.321] [main/WARN] [net.minecraftforge.registries.ForgeRegistry/REGISTRIES]: Registry minecraft:sound_event: Object did not get ID it asked for. Name: mowziesmobs:frostmaw.land Expected: 1492 Got: 1940
[13Jul2025 17:00:54.321] [main/WARN] [net.minecraftforge.registries.ForgeRegistry/REGISTRIES]: Registry minecraft:sound_event: Object did not get ID it asked for. Name: mowziesmobs:frostmaw.attack1 Expected: 1493 Got: 1941
[13Jul2025 17:00:54.321] [main/WARN] [net.minecraftforge.registries.ForgeRegistry/REGISTRIES]: Registry minecraft:sound_event: Object did not get ID it asked for. Name: mowziesmobs:frostmaw.attack2 Expected: 1494 Got: 1942
[13Jul2025 17:00:54.321] [main/WARN] [net.minecraftforge.registries.ForgeRegistry/REGISTRIES]: Registry minecraft:sound_event: Object did not get ID it asked for. Name: mowziesmobs:frostmaw.attack3 Expected: 1495 Got: 1943
[13Jul2025 17:00:54.321] [main/WARN] [net.minecraftforge.registries.ForgeRegistry/REGISTRIES]: Registry minecraft:sound_event: Object did not get ID it asked for. Name: mowziesmobs:frostmaw.attack4 Expected: 1496 Got: 1944
[13Jul2025 17:00:54.321] [main/WARN] [net.minecraftforge.registries.ForgeRegistry/REGISTRIES]: Registry minecraft:sound_event: Object did not get ID it asked for. Name: mowziesmobs:frostmaw.breath1 Expected: 1497 Got: 1945
[13Jul2025 17:00:54.321] [main/WARN] [net.minecraftforge.registries.ForgeRegistry/REGISTRIES]: Registry minecraft:sound_event: Object did not get ID it asked for. Name: mowziesmobs:frostmaw.breath2 Expected: 1498 Got: 1946
[13Jul2025 17:00:54.321] [main/WARN] [net.minecraftforge.registries.ForgeRegistry/REGISTRIES]: Registry minecraft:sound_event: Object did not get ID it asked for. Name: mowziesmobs:frostmaw.living1 Expected: 1499 Got: 1947
[13Jul2025 17:00:54.321] [main/WARN] [net.minecraftforge.registries.ForgeRegistry/REGISTRIES]: Registry minecraft:sound_event: Object did not get ID it asked for. Name: mowziesmobs:frostmaw.living2 Expected: 1500 Got: 1948
[13Jul2025 17:00:54.321] [main/WARN] [net.minecraftforge.registries.ForgeRegistry/REGISTRIES]: Registry minecraft:sound_event: Object did not get ID it asked for. Name: mowziesmobs:frostmaw.wakeup Expected: 1501 Got: 1949
[13Jul2025 17:00:54.321] [main/WARN] [net.minecraftforge.registries.ForgeRegistry/REGISTRIES]: Registry minecraft:sound_event: Object did not get ID it asked for. Name: mowziesmobs:grottol.step Expected: 1502 Got: 1950
[13Jul2025 17:00:54.321] [main/WARN] [net.minecraftforge.registries.ForgeRegistry/REGISTRIES]: Registry minecraft:sound_event: Object did not get ID it asked for. Name: mowziesmobs:grottol.undamaged Expected: 1503 Got: 1951
[13Jul2025 17:00:54.321] [main/WARN] [net.minecraftforge.registries.ForgeRegistry/REGISTRIES]: Registry minecraft:sound_event: Object did not get ID it asked for. Name: mowziesmobs:grottol.burrow Expected: 1504 Got: 1952
[13Jul2025 17:00:54.322] [main/WARN] [net.minecraftforge.registries.ForgeRegistry/REGISTRIES]: Registry minecraft:sound_event: Object did not get ID it asked for. Name: mowziesmobs:grottol.die Expected: 1505 Got: 1953
[13Jul2025 17:00:54.322] [main/WARN] [net.minecraftforge.registries.ForgeRegistry/REGISTRIES]: Registry minecraft:sound_event: Object did not get ID it asked for. Name: mowziesmobs:lantern.pop Expected: 1506 Got: 1954
[13Jul2025 17:00:54.322] [main/WARN] [net.minecraftforge.registries.ForgeRegistry/REGISTRIES]: Registry minecraft:sound_event: Object did not get ID it asked for. Name: mowziesmobs:lantern.puff Expected: 1507 Got: 1955
[13Jul2025 17:00:54.322] [main/WARN] [net.minecraftforge.registries.ForgeRegistry/REGISTRIES]: Registry minecraft:sound_event: Object did not get ID it asked for. Name: mowziesmobs:naga.acidcharge Expected: 1508 Got: 1956
[13Jul2025 17:00:54.322] [main/WARN] [net.minecraftforge.registries.ForgeRegistry/REGISTRIES]: Registry minecraft:sound_event: Object did not get ID it asked for. Name: mowziesmobs:naga.acidhit Expected: 1509 Got: 1957
[13Jul2025 17:00:54.322] [main/WARN] [net.minecraftforge.registries.ForgeRegistry/REGISTRIES]: Registry minecraft:sound_event: Object did not get ID it asked for. Name: mowziesmobs:naga.acidspit Expected: 1510 Got: 1958
[13Jul2025 17:00:54.322] [main/WARN] [net.minecraftforge.registries.ForgeRegistry/REGISTRIES]: Registry minecraft:sound_event: Object did not get ID it asked for. Name: mowziesmobs:naga.acidspithiss Expected: 1511 Got: 1959
[13Jul2025 17:00:54.322] [main/WARN] [net.minecraftforge.registries.ForgeRegistry/REGISTRIES]: Registry minecraft:sound_event: Object did not get ID it asked for. Name: mowziesmobs:naga.flap1 Expected: 1512 Got: 1960
[13Jul2025 17:00:54.322] [main/WARN] [net.minecraftforge.registries.ForgeRegistry/REGISTRIES]: Registry minecraft:sound_event: Object did not get ID it asked for. Name: mowziesmobs:naga.growl1 Expected: 1513 Got: 1961
[13Jul2025 17:00:54.322] [main/WARN] [net.minecraftforge.registries.ForgeRegistry/REGISTRIES]: Registry minecraft:sound_event: Object did not get ID it asked for. Name: mowziesmobs:naga.growl2 Expected: 1514 Got: 1962
[13Jul2025 17:00:54.322] [main/WARN] [net.minecraftforge.registries.ForgeRegistry/REGISTRIES]: Registry minecraft:sound_event: Object did not get ID it asked for. Name: mowziesmobs:naga.growl3 Expected: 1515 Got: 1963
[13Jul2025 17:00:54.322] [main/WARN] [net.minecraftforge.registries.ForgeRegistry/REGISTRIES]: Registry minecraft:sound_event: Object did not get ID it asked for. Name: mowziesmobs:naga.grunt1 Expected: 1516 Got: 1964
[13Jul2025 17:00:54.322] [main/WARN] [net.minecraftforge.registries.ForgeRegistry/REGISTRIES]: Registry minecraft:sound_event: Object did not get ID it asked for. Name: mowziesmobs:naga.grunt2 Expected: 1517 Got: 1965
[13Jul2025 17:00:54.323] [main/WARN] [net.minecraftforge.registries.ForgeRegistry/REGISTRIES]: Registry minecraft:sound_event: Object did not get ID it asked for. Name: mowziesmobs:naga.grunt3 Expected: 1518 Got: 1966
[13Jul2025 17:00:54.323] [main/WARN] [net.minecraftforge.registries.ForgeRegistry/REGISTRIES]: Registry minecraft:sound_event: Object did not get ID it asked for. Name: mowziesmobs:naga.roar1 Expected: 1519 Got: 1967
[13Jul2025 17:00:54.323] [main/WARN] [net.minecraftforge.registries.ForgeRegistry/REGISTRIES]: Registry minecraft:sound_event: Object did not get ID it asked for. Name: mowziesmobs:naga.roar2 Expected: 1520 Got: 1968
[13Jul2025 17:00:54.323] [main/WARN] [net.minecraftforge.registries.ForgeRegistry/REGISTRIES]: Registry minecraft:sound_event: Object did not get ID it asked for. Name: mowziesmobs:naga.roar3 Expected: 1521 Got: 1969
[13Jul2025 17:00:54.323] [main/WARN] [net.minecraftforge.registries.ForgeRegistry/REGISTRIES]: Registry minecraft:sound_event: Object did not get ID it asked for. Name: mowziesmobs:naga.roar4 Expected: 1522 Got: 1970
[13Jul2025 17:00:54.323] [main/WARN] [net.minecraftforge.registries.ForgeRegistry/REGISTRIES]: Registry minecraft:sound_event: Object did not get ID it asked for. Name: mowziesmobs:naga.swoop Expected: 1523 Got: 1971
[13Jul2025 17:00:54.323] [main/WARN] [net.minecraftforge.registries.ForgeRegistry/REGISTRIES]: Registry minecraft:sound_event: Object did not get ID it asked for. Name: mowziesmobs:geomancy.smallcrash Expected: 1524 Got: 1972
[13Jul2025 17:00:54.323] [main/WARN] [net.minecraftforge.registries.ForgeRegistry/REGISTRIES]: Registry minecraft:sound_event: Object did not get ID it asked for. Name: mowziesmobs:geomancy.hitsmall Expected: 1525 Got: 1973
[13Jul2025 17:00:54.326] [main/WARN] [net.minecraftforge.registries.ForgeRegistry/REGISTRIES]: Registry minecraft:sound_event: Object did not get ID it asked for. Name: mowziesmobs:geomancy.hitbig Expected: 1526 Got: 1974
[13Jul2025 17:00:54.326] [main/WARN] [net.minecraftforge.registries.ForgeRegistry/REGISTRIES]: Registry minecraft:sound_event: Object did not get ID it asked for. Name: mowziesmobs:geomancy.breaklarge Expected: 1527 Got: 1975
[13Jul2025 17:00:54.326] [main/WARN] [net.minecraftforge.registries.ForgeRegistry/REGISTRIES]: Registry minecraft:sound_event: Object did not get ID it asked for. Name: mowziesmobs:geomancy.breaklarge2 Expected: 1528 Got: 1976
[13Jul2025 17:00:54.326] [main/WARN] [net.minecraftforge.registries.ForgeRegistry/REGISTRIES]: Registry minecraft:sound_event: Object did not get ID it asked for. Name: mowziesmobs:geomancy.breakmedium Expected: 1529 Got: 1977
[13Jul2025 17:00:54.327] [main/WARN] [net.minecraftforge.registries.ForgeRegistry/REGISTRIES]: Registry minecraft:sound_event: Object did not get ID it asked for. Name: mowziesmobs:geomancy.breakmedium2 Expected: 1530 Got: 1978
[13Jul2025 17:00:54.327] [main/WARN] [net.minecraftforge.registries.ForgeRegistry/REGISTRIES]: Registry minecraft:sound_event: Object did not get ID it asked for. Name: mowziesmobs:geomancy.breakmedium3 Expected: 1531 Got: 1979
[13Jul2025 17:00:54.327] [main/WARN] [net.minecraftforge.registries.ForgeRegistry/REGISTRIES]: Registry minecraft:sound_event: Object did not get ID it asked for. Name: mowziesmobs:geomancy.hit Expected: 1532 Got: 1980
[13Jul2025 17:00:54.327] [main/WARN] [net.minecraftforge.registries.ForgeRegistry/REGISTRIES]: Registry minecraft:sound_event: Object did not get ID it asked for. Name: mowziesmobs:geomancy.hitmedium Expected: 1533 Got: 1981
[13Jul2025 17:00:54.327] [main/WARN] [net.minecraftforge.registries.ForgeRegistry/REGISTRIES]: Registry minecraft:sound_event: Object did not get ID it asked for. Name: mowziesmobs:geomancy.hitmedium2 Expected: 1534 Got: 1982
[13Jul2025 17:00:54.327] [main/WARN] [net.minecraftforge.registries.ForgeRegistry/REGISTRIES]: Registry minecraft:sound_event: Object did not get ID it asked for. Name: mowziesmobs:geomancy.rockbreak Expected: 1535 Got: 1983
[13Jul2025 17:00:54.327] [main/WARN] [net.minecraftforge.registries.ForgeRegistry/REGISTRIES]: Registry minecraft:sound_event: Object did not get ID it asked for. Name: mowziesmobs:geomancy.rockcrash1 Expected: 1536 Got: 1984
[13Jul2025 17:00:54.327] [main/WARN] [net.minecraftforge.registries.ForgeRegistry/REGISTRIES]: Registry minecraft:sound_event: Object did not get ID it asked for. Name: mowziesmobs:geomancy.rockcrumble Expected: 1537 Got: 1985
[13Jul2025 17:00:54.327] [main/WARN] [net.minecraftforge.registries.ForgeRegistry/REGISTRIES]: Registry minecraft:sound_event: Object did not get ID it asked for. Name: mowziesmobs:geomancy.rumble1 Expected: 1538 Got: 1986
[13Jul2025 17:00:54.327] [main/WARN] [net.minecraftforge.registries.ForgeRegistry/REGISTRIES]: Registry minecraft:sound_event: Object did not get ID it asked for. Name: mowziesmobs:geomancy.rumble2 Expected: 1539 Got: 1987
[13Jul2025 17:00:54.327] [main/WARN] [net.minecraftforge.registries.ForgeRegistry/REGISTRIES]: Registry minecraft:sound_event: Object did not get ID it asked for. Name: mowziesmobs:geomancy.rumble3 Expected: 1540 Got: 1988
[13Jul2025 17:00:54.327] [main/WARN] [net.minecraftforge.registries.ForgeRegistry/REGISTRIES]: Registry minecraft:sound_event: Object did not get ID it asked for. Name: mowziesmobs:geomancy.smallrockhit Expected: 1541 Got: 1989
[13Jul2025 17:00:54.328] [main/WARN] [net.minecraftforge.registries.ForgeRegistry/REGISTRIES]: Registry minecraft:sound_event: Object did not get ID it asked for. Name: mowziesmobs:geomancy.bouldercharge Expected: 1542 Got: 1990
[13Jul2025 17:00:54.328] [main/WARN] [net.minecraftforge.registries.ForgeRegistry/REGISTRIES]: Registry minecraft:sound_event: Object did not get ID it asked for. Name: mowziesmobs:geomancy.magicchargesmall Expected: 1543 Got: 1991
[13Jul2025 17:00:54.328] [main/WARN] [net.minecraftforge.registries.ForgeRegistry/REGISTRIES]: Registry minecraft:sound_event: Object did not get ID it asked for. Name: mowziesmobs:block.gong Expected: 1544 Got: 1992
[13Jul2025 17:00:54.328] [main/WARN] [net.minecraftforge.registries.ForgeRegistry/REGISTRIES]: Registry minecraft:sound_event: Object did not get ID it asked for. Name: mowziesmobs:block.rakesand Expected: 1545 Got: 1993
[13Jul2025 17:00:54.328] [main/WARN] [net.minecraftforge.registries.ForgeRegistry/REGISTRIES]: Registry minecraft:sound_event: Object did not get ID it asked for. Name: mowziesmobs:misc.groundhit1 Expected: 1546 Got: 1994
[13Jul2025 17:00:54.328] [main/WARN] [net.minecraftforge.registries.ForgeRegistry/REGISTRIES]: Registry minecraft:sound_event: Object did not get ID it asked for. Name: mowziesmobs:misc.groundhit2 Expected: 1547 Got: 1995
[13Jul2025 17:00:54.328] [main/WARN] [net.minecraftforge.registries.ForgeRegistry/REGISTRIES]: Registry minecraft:sound_event: Object did not get ID it asked for. Name: mowziesmobs:misc.metal_impact Expected: 1548 Got: 1996
[13Jul2025 17:00:54.328] [main/WARN] [net.minecraftforge.registries.ForgeRegistry/REGISTRIES]: Registry minecraft:sound_event: Object did not get ID it asked for. Name: mowziesmobs:music.black_pink Expected: 1549 Got: 1997
[13Jul2025 17:00:54.328] [main/WARN] [net.minecraftforge.registries.ForgeRegistry/REGISTRIES]: Registry minecraft:sound_event: Object did not get ID it asked for. Name: mowziesmobs:music.petiole Expected: 1550 Got: 1998
[13Jul2025 17:00:54.328] [main/WARN] [net.minecraftforge.registries.ForgeRegistry/REGISTRIES]: Registry minecraft:sound_event: Object did not get ID it asked for. Name: mowziesmobs:music.umvuthi_theme Expected: 1551 Got: 1999
[13Jul2025 17:00:54.328] [main/WARN] [net.minecraftforge.registries.ForgeRegistry/REGISTRIES]: Registry minecraft:sound_event: Object did not get ID it asked for. Name: mowziesmobs:music.ferrous_wroughtnaut_theme Expected: 1552 Got: 2000
[13Jul2025 17:00:54.329] [main/WARN] [net.minecraftforge.registries.ForgeRegistry/REGISTRIES]: Registry minecraft:sound_event: Object did not get ID it asked for. Name: mowziesmobs:music.frostmaw_theme Expected: 1553 Got: 2001
[13Jul2025 17:00:54.329] [main/WARN] [net.minecraftforge.registries.ForgeRegistry/REGISTRIES]: Registry minecraft:sound_event: Object did not get ID it asked for. Name: eeeabsmobs:guardian_laser Expected: 1586 Got: 2002
[13Jul2025 17:00:54.329] [main/WARN] [net.minecraftforge.registries.ForgeRegistry/REGISTRIES]: Registry minecraft:sound_event: Object did not get ID it asked for. Name: eeeabsmobs:immortal_laser Expected: 1587 Got: 2003
[13Jul2025 17:00:54.329] [main/WARN] [net.minecraftforge.registries.ForgeRegistry/REGISTRIES]: Registry minecraft:sound_event: Object did not get ID it asked for. Name: eeeabsmobs:crimson_ray Expected: 1588 Got: 2004
[13Jul2025 17:00:54.329] [main/WARN] [net.minecraftforge.registries.ForgeRegistry/REGISTRIES]: Registry minecraft:sound_event: Object did not get ID it asked for. Name: eeeabsmobs:giant_axe_hit Expected: 1589 Got: 2005
[13Jul2025 17:00:54.329] [main/WARN] [net.minecraftforge.registries.ForgeRegistry/REGISTRIES]: Registry minecraft:sound_event: Object did not get ID it asked for. Name: eeeabsmobs:undamaged Expected: 1590 Got: 2006
[13Jul2025 17:00:54.329] [main/WARN] [net.minecraftforge.registries.ForgeRegistry/REGISTRIES]: Registry minecraft:sound_event: Object did not get ID it asked for. Name: eeeabsmobs:crimson_crack.break Expected: 1591 Got: 2007
[13Jul2025 17:00:54.332] [main/WARN] [net.minecraftforge.registries.ForgeRegistry/REGISTRIES]: Registry minecraft:sound_event: Object did not get ID it asked for. Name: eeeabsmobs:grenade.launch Expected: 1592 Got: 2008
[13Jul2025 17:00:54.332] [main/WARN] [net.minecraftforge.registries.ForgeRegistry/REGISTRIES]: Registry minecraft:sound_event: Object did not get ID it asked for. Name: eeeabsmobs:magic_matrix.open Expected: 1593 Got: 2009
[13Jul2025 17:00:54.332] [main/WARN] [net.minecraftforge.registries.ForgeRegistry/REGISTRIES]: Registry minecraft:sound_event: Object did not get ID it asked for. Name: eeeabsmobs:immortal_shuriken.spin Expected: 1594 Got: 2010
[13Jul2025 17:00:54.332] [main/WARN] [net.minecraftforge.registries.ForgeRegistry/REGISTRIES]: Registry minecraft:sound_event: Object did not get ID it asked for. Name: eeeabsmobs:immortal_shuriken.explode Expected: 1595 Got: 2011
[13Jul2025 17:00:54.333] [main/WARN] [net.minecraftforge.registries.ForgeRegistry/REGISTRIES]: Registry minecraft:sound_event: Object did not get ID it asked for. Name: eeeabsmobs:immortal_skeleton.roar Expected: 1596 Got: 2012
[13Jul2025 17:00:54.333] [main/WARN] [net.minecraftforge.registries.ForgeRegistry/REGISTRIES]: Registry minecraft:sound_event: Object did not get ID it asked for. Name: eeeabsmobs:immortal_skeleton.hurt Expected: 1597 Got: 2013
[13Jul2025 17:00:54.333] [main/WARN] [net.minecraftforge.registries.ForgeRegistry/REGISTRIES]: Registry minecraft:sound_event: Object did not get ID it asked for. Name: eeeabsmobs:immortal_skeleton.death Expected: 1598 Got: 2014
[13Jul2025 17:00:54.333] [main/WARN] [net.minecraftforge.registries.ForgeRegistry/REGISTRIES]: Registry minecraft:sound_event: Object did not get ID it asked for. Name: eeeabsmobs:immortal_shaman.prepare_shoot Expected: 1599 Got: 2015
[13Jul2025 17:00:54.333] [main/WARN] [net.minecraftforge.registries.ForgeRegistry/REGISTRIES]: Registry minecraft:sound_event: Object did not get ID it asked for. Name: eeeabsmobs:immortal_shaman.prepare_spell_casting Expected: 1600 Got: 2016
[13Jul2025 17:00:54.333] [main/WARN] [net.minecraftforge.registries.ForgeRegistry/REGISTRIES]: Registry minecraft:sound_event: Object did not get ID it asked for. Name: eeeabsmobs:immortal_shaman.hurt Expected: 1601 Got: 2017
[13Jul2025 17:00:54.333] [main/WARN] [net.minecraftforge.registries.ForgeRegistry/REGISTRIES]: Registry minecraft:sound_event: Object did not get ID it asked for. Name: eeeabsmobs:immortal_shaman.death Expected: 1602 Got: 2018
[13Jul2025 17:00:54.333] [main/WARN] [net.minecraftforge.registries.ForgeRegistry/REGISTRIES]: Registry minecraft:sound_event: Object did not get ID it asked for. Name: eeeabsmobs:immortal_golem.hurt Expected: 1603 Got: 2019
[13Jul2025 17:00:54.333] [main/WARN] [net.minecraftforge.registries.ForgeRegistry/REGISTRIES]: Registry minecraft:sound_event: Object did not get ID it asked for. Name: eeeabsmobs:immortal_golem.death Expected: 1604 Got: 2020
[13Jul2025 17:00:54.333] [main/WARN] [net.minecraftforge.registries.ForgeRegistry/REGISTRIES]: Registry minecraft:sound_event: Object did not get ID it asked for. Name: eeeabsmobs:immortal_executioner.hurt Expected: 1605 Got: 2021
[13Jul2025 17:00:54.334] [main/WARN] [net.minecraftforge.registries.ForgeRegistry/REGISTRIES]: Registry minecraft:sound_event: Object did not get ID it asked for. Name: eeeabsmobs:immortal_executioner.death Expected: 1606 Got: 2022
[13Jul2025 17:00:54.334] [main/WARN] [net.minecraftforge.registries.ForgeRegistry/REGISTRIES]: Registry minecraft:sound_event: Object did not get ID it asked for. Name: eeeabsmobs:immortal_executioner.dash Expected: 1607 Got: 2023
[13Jul2025 17:00:54.334] [main/WARN] [net.minecraftforge.registries.ForgeRegistry/REGISTRIES]: Registry minecraft:sound_event: Object did not get ID it asked for. Name: eeeabsmobs:immortal_executioner.block Expected: 1608 Got: 2024
[13Jul2025 17:00:54.334] [main/WARN] [net.minecraftforge.registries.ForgeRegistry/REGISTRIES]: Registry minecraft:sound_event: Object did not get ID it asked for. Name: eeeabsmobs:immortal_executioner.scratch Expected: 1609 Got: 2025
[13Jul2025 17:00:54.334] [main/WARN] [net.minecraftforge.registries.ForgeRegistry/REGISTRIES]: Registry minecraft:sound_event: Object did not get ID it asked for. Name: eeeabsmobs:immortal_executioner.burn Expected: 1610 Got: 2026
[13Jul2025 17:00:54.334] [main/WARN] [net.minecraftforge.registries.ForgeRegistry/REGISTRIES]: Registry minecraft:sound_event: Object did not get ID it asked for. Name: eeeabsmobs:immortal_executioner.detonation Expected: 1611 Got: 2027
[13Jul2025 17:00:54.334] [main/WARN] [net.minecraftforge.registries.ForgeRegistry/REGISTRIES]: Registry minecraft:sound_event: Object did not get ID it asked for. Name: eeeabsmobs:immortal.accumulating Expected: 1612 Got: 2028
[13Jul2025 17:00:54.334] [main/WARN] [net.minecraftforge.registries.ForgeRegistry/REGISTRIES]: Registry minecraft:sound_event: Object did not get ID it asked for. Name: eeeabsmobs:immortal.accumulating_end Expected: 1613 Got: 2029
[13Jul2025 17:00:54.334] [main/WARN] [net.minecraftforge.registries.ForgeRegistry/REGISTRIES]: Registry minecraft:sound_event: Object did not get ID it asked for. Name: eeeabsmobs:immortal.adapt Expected: 1614 Got: 2030
[13Jul2025 17:00:54.334] [main/WARN] [net.minecraftforge.registries.ForgeRegistry/REGISTRIES]: Registry minecraft:sound_event: Object did not get ID it asked for. Name: eeeabsmobs:immortal.attack Expected: 1615 Got: 2031
[13Jul2025 17:00:54.334] [main/WARN] [net.minecraftforge.registries.ForgeRegistry/REGISTRIES]: Registry minecraft:sound_event: Object did not get ID it asked for. Name: eeeabsmobs:immortal.attack2 Expected: 1616 Got: 2032
[13Jul2025 17:00:54.334] [main/WARN] [net.minecraftforge.registries.ForgeRegistry/REGISTRIES]: Registry minecraft:sound_event: Object did not get ID it asked for. Name: eeeabsmobs:immortal.attract Expected: 1617 Got: 2033
[13Jul2025 17:00:54.335] [main/WARN] [net.minecraftforge.registries.ForgeRegistry/REGISTRIES]: Registry minecraft:sound_event: Object did not get ID it asked for. Name: eeeabsmobs:immortal.blocking Expected: 1618 Got: 2034
[13Jul2025 17:00:54.335] [main/WARN] [net.minecraftforge.registries.ForgeRegistry/REGISTRIES]: Registry minecraft:sound_event: Object did not get ID it asked for. Name: eeeabsmobs:immortal.blocking_counter Expected: 1619 Got: 2035
[13Jul2025 17:00:54.335] [main/WARN] [net.minecraftforge.registries.ForgeRegistry/REGISTRIES]: Registry minecraft:sound_event: Object did not get ID it asked for. Name: eeeabsmobs:immortal.death Expected: 1620 Got: 2036
[13Jul2025 17:00:54.335] [main/WARN] [net.minecraftforge.registries.ForgeRegistry/REGISTRIES]: Registry minecraft:sound_event: Object did not get ID it asked for. Name: eeeabsmobs:immortal.punch_hit Expected: 1621 Got: 2037
[13Jul2025 17:00:54.335] [main/WARN] [net.minecraftforge.registries.ForgeRegistry/REGISTRIES]: Registry minecraft:sound_event: Object did not get ID it asked for. Name: eeeabsmobs:immortal.punch_hard_hit Expected: 1622 Got: 2038
[13Jul2025 17:00:54.335] [main/WARN] [net.minecraftforge.registries.ForgeRegistry/REGISTRIES]: Registry minecraft:sound_event: Object did not get ID it asked for. Name: eeeabsmobs:immortal.hurt Expected: 1623 Got: 2039
[13Jul2025 17:00:54.335] [main/WARN] [net.minecraftforge.registries.ForgeRegistry/REGISTRIES]: Registry minecraft:sound_event: Object did not get ID it asked for. Name: eeeabsmobs:immortal.idle Expected: 1624 Got: 2040
[13Jul2025 17:00:54.338] [main/WARN] [net.minecraftforge.registries.ForgeRegistry/REGISTRIES]: Registry minecraft:sound_event: Object did not get ID it asked for. Name: eeeabsmobs:immortal.shoryuken Expected: 1625 Got: 2041
[13Jul2025 17:00:54.338] [main/WARN] [net.minecraftforge.registries.ForgeRegistry/REGISTRIES]: Registry minecraft:sound_event: Object did not get ID it asked for. Name: eeeabsmobs:immortal.stone_crack Expected: 1626 Got: 2042
[13Jul2025 17:00:54.338] [main/WARN] [net.minecraftforge.registries.ForgeRegistry/REGISTRIES]: Registry minecraft:sound_event: Object did not get ID it asked for. Name: eeeabsmobs:immortal.shake_ground Expected: 1627 Got: 2043
[13Jul2025 17:00:54.338] [main/WARN] [net.minecraftforge.registries.ForgeRegistry/REGISTRIES]: Registry minecraft:sound_event: Object did not get ID it asked for. Name: eeeabsmobs:immortal.subsonic Expected: 1628 Got: 2044
[13Jul2025 17:00:54.339] [main/WARN] [net.minecraftforge.registries.ForgeRegistry/REGISTRIES]: Registry minecraft:sound_event: Object did not get ID it asked for. Name: eeeabsmobs:immortal.teleport Expected: 1629 Got: 2045
[13Jul2025 17:00:54.339] [main/WARN] [net.minecraftforge.registries.ForgeRegistry/REGISTRIES]: Registry minecraft:sound_event: Object did not get ID it asked for. Name: eeeabsmobs:guling_sentinel.hurt Expected: 1630 Got: 2046
[13Jul2025 17:00:54.339] [main/WARN] [net.minecraftforge.registries.ForgeRegistry/REGISTRIES]: Registry minecraft:sound_event: Object did not get ID it asked for. Name: eeeabsmobs:guling_sentinel.death Expected: 1631 Got: 2047
[13Jul2025 17:00:54.339] [main/WARN] [net.minecraftforge.registries.ForgeRegistry/REGISTRIES]: Registry minecraft:sound_event: Object did not get ID it asked for. Name: eeeabsmobs:guling_sentinel.electromagnetic Expected: 1632 Got: 2048
[13Jul2025 17:00:54.339] [main/WARN] [net.minecraftforge.registries.ForgeRegistry/REGISTRIES]: Registry minecraft:sound_event: Object did not get ID it asked for. Name: eeeabsmobs:guling_sentinel_heavy.step Expected: 1633 Got: 2049
[13Jul2025 17:00:54.340] [main/WARN] [net.minecraftforge.registries.ForgeRegistry/REGISTRIES]: Registry minecraft:sound_event: Object did not get ID it asked for. Name: eeeabsmobs:guling_sentinel_heavy.idle Expected: 1634 Got: 2050
[13Jul2025 17:00:54.340] [main/WARN] [net.minecraftforge.registries.ForgeRegistry/REGISTRIES]: Registry minecraft:sound_event: Object did not get ID it asked for. Name: eeeabsmobs:guling_sentinel_heavy.friction Expected: 1635 Got: 2051
[13Jul2025 17:00:54.340] [main/WARN] [net.minecraftforge.registries.ForgeRegistry/REGISTRIES]: Registry minecraft:sound_event: Object did not get ID it asked for. Name: eeeabsmobs:guling_sentinel_heavy.electromagnetic Expected: 1636 Got: 2052
[13Jul2025 17:00:54.340] [main/WARN] [net.minecraftforge.registries.ForgeRegistry/REGISTRIES]: Registry minecraft:sound_event: Object did not get ID it asked for. Name: eeeabsmobs:guling_sentinel_heavy.pre_attack Expected: 1637 Got: 2053
[13Jul2025 17:00:54.340] [main/WARN] [net.minecraftforge.registries.ForgeRegistry/REGISTRIES]: Registry minecraft:sound_event: Object did not get ID it asked for. Name: eeeabsmobs:guling_sentinel_heavy.attack Expected: 1638 Got: 2054
[13Jul2025 17:00:54.340] [main/WARN] [net.minecraftforge.registries.ForgeRegistry/REGISTRIES]: Registry minecraft:sound_event: Object did not get ID it asked for. Name: eeeabsmobs:guling_sentinel_heavy.hurt Expected: 1639 Got: 2055
[13Jul2025 17:00:54.340] [main/WARN] [net.minecraftforge.registries.ForgeRegistry/REGISTRIES]: Registry minecraft:sound_event: Object did not get ID it asked for. Name: eeeabsmobs:guling_sentinel_heavy.death Expected: 1640 Got: 2056
[13Jul2025 17:00:54.340] [main/WARN] [net.minecraftforge.registries.ForgeRegistry/REGISTRIES]: Registry minecraft:sound_event: Object did not get ID it asked for. Name: eeeabsmobs:nameless_guardian.step Expected: 1641 Got: 2057
[13Jul2025 17:00:54.340] [main/WARN] [net.minecraftforge.registries.ForgeRegistry/REGISTRIES]: Registry minecraft:sound_event: Object did not get ID it asked for. Name: eeeabsmobs:nameless_guardian.idle Expected: 1642 Got: 2058
[13Jul2025 17:00:54.340] [main/WARN] [net.minecraftforge.registries.ForgeRegistry/REGISTRIES]: Registry minecraft:sound_event: Object did not get ID it asked for. Name: eeeabsmobs:nameless_guardian.creak Expected: 1643 Got: 2059
[13Jul2025 17:00:54.341] [main/WARN] [net.minecraftforge.registries.ForgeRegistry/REGISTRIES]: Registry minecraft:sound_event: Object did not get ID it asked for. Name: eeeabsmobs:nameless_guardian.accumulating Expected: 1644 Got: 2060
[13Jul2025 17:00:54.341] [main/WARN] [net.minecraftforge.registries.ForgeRegistry/REGISTRIES]: Registry minecraft:sound_event: Object did not get ID it asked for. Name: eeeabsmobs:nameless_guardian.accumulating_end Expected: 1645 Got: 2061
[13Jul2025 17:00:54.341] [main/WARN] [net.minecraftforge.registries.ForgeRegistry/REGISTRIES]: Registry minecraft:sound_event: Object did not get ID it asked for. Name: eeeabsmobs:nameless_guardian.whoosh Expected: 1646 Got: 2062
[13Jul2025 17:00:54.341] [main/WARN] [net.minecraftforge.registries.ForgeRegistry/REGISTRIES]: Registry minecraft:sound_event: Object did not get ID it asked for. Name: eeeabsmobs:nameless_guardian.pre_pounce Expected: 1647 Got: 2063
[13Jul2025 17:00:54.341] [main/WARN] [net.minecraftforge.registries.ForgeRegistry/REGISTRIES]: Registry minecraft:sound_event: Object did not get ID it asked for. Name: eeeabsmobs:nameless_guardian.madness Expected: 1648 Got: 2064
[13Jul2025 17:00:54.341] [main/WARN] [net.minecraftforge.registries.ForgeRegistry/REGISTRIES]: Registry minecraft:sound_event: Object did not get ID it asked for. Name: eeeabsmobs:nameless_guardian.hurt Expected: 1649 Got: 2065
[13Jul2025 17:00:54.341] [main/WARN] [net.minecraftforge.registries.ForgeRegistry/REGISTRIES]: Registry minecraft:sound_event: Object did not get ID it asked for. Name: eeeabsmobs:nameless_guardian.death Expected: 1650 Got: 2066
[13Jul2025 17:00:54.344] [main/WARN] [net.minecraftforge.registries.ForgeRegistry/REGISTRIES]: Registry minecraft:sound_event: Object did not get ID it asked for. Name: eeeabsmobs:corpse.hurt Expected: 1651 Got: 2067
[13Jul2025 17:00:54.344] [main/WARN] [net.minecraftforge.registries.ForgeRegistry/REGISTRIES]: Registry minecraft:sound_event: Object did not get ID it asked for. Name: eeeabsmobs:corpse.death Expected: 1652 Got: 2068
[13Jul2025 17:00:54.344] [main/WARN] [net.minecraftforge.registries.ForgeRegistry/REGISTRIES]: Registry minecraft:sound_event: Object did not get ID it asked for. Name: eeeabsmobs:corpse.idle Expected: 1653 Got: 2069
[13Jul2025 17:00:54.345] [main/WARN] [net.minecraftforge.registries.ForgeRegistry/REGISTRIES]: Registry minecraft:sound_event: Object did not get ID it asked for. Name: eeeabsmobs:corpse_warlock.hurt Expected: 1654 Got: 2070
[13Jul2025 17:00:54.345] [main/WARN] [net.minecraftforge.registries.ForgeRegistry/REGISTRIES]: Registry minecraft:sound_event: Object did not get ID it asked for. Name: eeeabsmobs:corpse_warlock_tear Expected: 1655 Got: 2071
[13Jul2025 17:00:54.345] [main/WARN] [net.minecraftforge.registries.ForgeRegistry/REGISTRIES]: Registry minecraft:sound_event: Object did not get ID it asked for. Name: eeeabsmobs:music.guardians Expected: 1656 Got: 2072
[13Jul2025 17:00:54.346] [main/WARN] [net.minecraftforge.registries.ForgeRegistry/REGISTRIES]: Registry minecraft:sound_event: Object did not get ID it asked for. Name: eeeabsmobs:music.nameless_guardian_theme_2 Expected: 1657 Got: 2073
[13Jul2025 17:00:54.346] [main/WARN] [net.minecraftforge.registries.ForgeRegistry/REGISTRIES]: Registry minecraft:sound_event: Object did not get ID it asked for. Name: eeeabsmobs:music.nameless_guardian_theme_1 Expected: 1658 Got: 2074
[13Jul2025 17:00:54.346] [main/WARN] [net.minecraftforge.registries.ForgeRegistry/REGISTRIES]: Registry minecraft:sound_event: Object did not get ID it asked for. Name: eeeabsmobs:music.the_army_of_minotaur Expected: 1659 Got: 2075
[13Jul2025 17:00:54.346] [main/WARN] [net.minecraftforge.registries.ForgeRegistry/REGISTRIES]: Registry minecraft:sound_event: Object did not get ID it asked for. Name: eeeabsmobs:music.guardians.mono Expected: 1660 Got: 2076
[13Jul2025 17:00:54.346] [main/WARN] [net.minecraftforge.registries.ForgeRegistry/REGISTRIES]: Registry minecraft:sound_event: Object did not get ID it asked for. Name: eeeabsmobs:music.the_army_of_minotaur.mono Expected: 1661 Got: 2077
[13Jul2025 17:00:54.346] [main/WARN] [net.minecraftforge.registries.ForgeRegistry/REGISTRIES]: Registry minecraft:sound_event: Object did not get ID it asked for. Name: graveyard:entity.lich.spawn Expected: 1662 Got: 2078
[13Jul2025 17:00:54.346] [main/WARN] [net.minecraftforge.registries.ForgeRegistry/REGISTRIES]: Registry minecraft:sound_event: Object did not get ID it asked for. Name: graveyard:entity.lich.melee Expected: 1663 Got: 2079
[13Jul2025 17:00:54.346] [main/WARN] [net.minecraftforge.registries.ForgeRegistry/REGISTRIES]: Registry minecraft:sound_event: Object did not get ID it asked for. Name: graveyard:entity.lich.phase_two Expected: 1664 Got: 2080
[13Jul2025 17:00:54.346] [main/WARN] [net.minecraftforge.registries.ForgeRegistry/REGISTRIES]: Registry minecraft:sound_event: Object did not get ID it asked for. Name: graveyard:entity.lich.phase_three Expected: 1665 Got: 2081
[13Jul2025 17:00:54.346] [main/WARN] [net.minecraftforge.registries.ForgeRegistry/REGISTRIES]: Registry minecraft:sound_event: Object did not get ID it asked for. Name: graveyard:entity.lich.corpse_spell Expected: 1666 Got: 2082
[13Jul2025 17:00:54.347] [main/WARN] [net.minecraftforge.registries.ForgeRegistry/REGISTRIES]: Registry minecraft:sound_event: Object did not get ID it asked for. Name: graveyard:entity.lich.shoot_skull Expected: 1667 Got: 2083
[13Jul2025 17:00:54.347] [main/WARN] [net.minecraftforge.registries.ForgeRegistry/REGISTRIES]: Registry minecraft:sound_event: Object did not get ID it asked for. Name: graveyard:entity.lich.levitation Expected: 1668 Got: 2084
[13Jul2025 17:00:54.347] [main/WARN] [net.minecraftforge.registries.ForgeRegistry/REGISTRIES]: Registry minecraft:sound_event: Object did not get ID it asked for. Name: graveyard:entity.lich.heal Expected: 1669 Got: 2085
[13Jul2025 17:00:54.347] [main/WARN] [net.minecraftforge.registries.ForgeRegistry/REGISTRIES]: Registry minecraft:sound_event: Object did not get ID it asked for. Name: graveyard:entity.lich.death Expected: 1670 Got: 2086
[13Jul2025 17:00:54.347] [main/WARN] [net.minecraftforge.registries.ForgeRegistry/REGISTRIES]: Registry minecraft:sound_event: Object did not get ID it asked for. Name: graveyard:entity.lich.hunt Expected: 1671 Got: 2087
[13Jul2025 17:00:54.347] [main/WARN] [net.minecraftforge.registries.ForgeRegistry/REGISTRIES]: Registry minecraft:sound_event: Object did not get ID it asked for. Name: graveyard:entity.lich.scare Expected: 1672 Got: 2088
[13Jul2025 17:00:54.348] [main/WARN] [net.minecraftforge.registries.ForgeRegistry/REGISTRIES]: Registry minecraft:sound_event: Object did not get ID it asked for. Name: graveyard:entity.lich.phase_three_attack Expected: 1673 Got: 2089
[13Jul2025 17:00:54.348] [main/WARN] [net.minecraftforge.registries.ForgeRegistry/REGISTRIES]: Registry minecraft:sound_event: Object did not get ID it asked for. Name: graveyard:entity.lich.idle Expected: 1674 Got: 2090
[13Jul2025 17:00:54.349] [main/WARN] [net.minecraftforge.registries.ForgeRegistry/REGISTRIES]: Registry minecraft:sound_event: Object did not get ID it asked for. Name: graveyard:entity.lich.hurt Expected: 1675 Got: 2091
[13Jul2025 17:00:54.349] [main/WARN] [net.minecraftforge.registries.ForgeRegistry/REGISTRIES]: Registry minecraft:sound_event: Object did not get ID it asked for. Name: graveyard:entity.nameless_hanged.breath Expected: 1676 Got: 2092
[13Jul2025 17:00:54.349] [main/WARN] [net.minecraftforge.registries.ForgeRegistry/REGISTRIES]: Registry minecraft:sound_event: Object did not get ID it asked for. Name: graveyard:entity.nameless_hanged.ambient Expected: 1677 Got: 2093
[13Jul2025 17:00:54.349] [main/WARN] [net.minecraftforge.registries.ForgeRegistry/REGISTRIES]: Registry minecraft:sound_event: Object did not get ID it asked for. Name: graveyard:entity.nameless_hanged.interact Expected: 1678 Got: 2094
[13Jul2025 17:00:54.349] [main/WARN] [net.minecraftforge.registries.ForgeRegistry/REGISTRIES]: Registry minecraft:sound_event: Object did not get ID it asked for. Name: graveyard:entity.corrupted_illager.ambient Expected: 1679 Got: 2095
[13Jul2025 17:00:54.349] [main/WARN] [net.minecraftforge.registries.ForgeRegistry/REGISTRIES]: Registry minecraft:sound_event: Object did not get ID it asked for. Name: graveyard:entity.corrupted_illager.hurt Expected: 1680 Got: 2096
[13Jul2025 17:00:54.349] [main/WARN] [net.minecraftforge.registries.ForgeRegistry/REGISTRIES]: Registry minecraft:sound_event: Object did not get ID it asked for. Name: graveyard:entity.corrupted_illager.death Expected: 1681 Got: 2097
[13Jul2025 17:00:54.350] [main/WARN] [net.minecraftforge.registries.ForgeRegistry/REGISTRIES]: Registry minecraft:sound_event: Object did not get ID it asked for. Name: graveyard:entity.corrupted_illager.step Expected: 1682 Got: 2098
[13Jul2025 17:00:54.350] [main/WARN] [net.minecraftforge.registries.ForgeRegistry/REGISTRIES]: Registry minecraft:sound_event: Object did not get ID it asked for. Name: graveyard:entity.acolyte.ambient Expected: 1683 Got: 2099
[13Jul2025 17:00:54.350] [main/WARN] [net.minecraftforge.registries.ForgeRegistry/REGISTRIES]: Registry minecraft:sound_event: Object did not get ID it asked for. Name: graveyard:entity.acolyte.hurt Expected: 1684 Got: 2100
[13Jul2025 17:00:54.350] [main/WARN] [net.minecraftforge.registries.ForgeRegistry/REGISTRIES]: Registry minecraft:sound_event: Object did not get ID it asked for. Name: graveyard:entity.acolyte.death Expected: 1685 Got: 2101
[13Jul2025 17:00:54.350] [main/WARN] [net.minecraftforge.registries.ForgeRegistry/REGISTRIES]: Registry minecraft:sound_event: Object did not get ID it asked for. Name: graveyard:entity.reaper.ambient Expected: 1686 Got: 2102
[13Jul2025 17:00:54.350] [main/WARN] [net.minecraftforge.registries.ForgeRegistry/REGISTRIES]: Registry minecraft:sound_event: Object did not get ID it asked for. Name: graveyard:entity.reaper.hurt Expected: 1687 Got: 2103
[13Jul2025 17:00:54.350] [main/WARN] [net.minecraftforge.registries.ForgeRegistry/REGISTRIES]: Registry minecraft:sound_event: Object did not get ID it asked for. Name: graveyard:entity.reaper.death Expected: 1688 Got: 2104
[13Jul2025 17:00:54.350] [main/WARN] [net.minecraftforge.registries.ForgeRegistry/REGISTRIES]: Registry minecraft:sound_event: Object did not get ID it asked for. Name: graveyard:entity.reaper.charge Expected: 1689 Got: 2105
[13Jul2025 17:00:54.351] [main/WARN] [net.minecraftforge.registries.ForgeRegistry/REGISTRIES]: Registry minecraft:sound_event: Object did not get ID it asked for. Name: graveyard:entity.ghoul.roar Expected: 1690 Got: 2106
[13Jul2025 17:00:54.351] [main/WARN] [net.minecraftforge.registries.ForgeRegistry/REGISTRIES]: Registry minecraft:sound_event: Object did not get ID it asked for. Name: graveyard:entity.ghoul.ambient Expected: 1691 Got: 2107
[13Jul2025 17:00:54.351] [main/WARN] [net.minecraftforge.registries.ForgeRegistry/REGISTRIES]: Registry minecraft:sound_event: Object did not get ID it asked for. Name: graveyard:entity.ghoul.hurt Expected: 1692 Got: 2108
[13Jul2025 17:00:54.351] [main/WARN] [net.minecraftforge.registries.ForgeRegistry/REGISTRIES]: Registry minecraft:sound_event: Object did not get ID it asked for. Name: graveyard:entity.ghoul.death Expected: 1693 Got: 2109
[13Jul2025 17:00:54.351] [main/WARN] [net.minecraftforge.registries.ForgeRegistry/REGISTRIES]: Registry minecraft:sound_event: Object did not get ID it asked for. Name: graveyard:entity.ghoul.step Expected: 1694 Got: 2110
[13Jul2025 17:00:54.351] [main/WARN] [net.minecraftforge.registries.ForgeRegistry/REGISTRIES]: Registry minecraft:sound_event: Object did not get ID it asked for. Name: graveyard:entity.ghouling.groan Expected: 1695 Got: 2111
[13Jul2025 17:00:54.351] [main/WARN] [net.minecraftforge.registries.ForgeRegistry/REGISTRIES]: Registry minecraft:sound_event: Object did not get ID it asked for. Name: graveyard:entity.ghouling.ambient Expected: 1696 Got: 2112
[13Jul2025 17:00:54.351] [main/WARN] [net.minecraftforge.registries.ForgeRegistry/REGISTRIES]: Registry minecraft:sound_event: Object did not get ID it asked for. Name: graveyard:entity.ghouling.hurt Expected: 1697 Got: 2113
[13Jul2025 17:00:54.351] [main/WARN] [net.minecraftforge.registries.ForgeRegistry/REGISTRIES]: Registry minecraft:sound_event: Object did not get ID it asked for. Name: graveyard:entity.ghouling.death Expected: 1698 Got: 2114
[13Jul2025 17:00:54.351] [main/WARN] [net.minecraftforge.registries.ForgeRegistry/REGISTRIES]: Registry minecraft:sound_event: Object did not get ID it asked for. Name: graveyard:entity.ghouling.attack Expected: 1699 Got: 2115
[13Jul2025 17:00:54.352] [main/WARN] [net.minecraftforge.registries.ForgeRegistry/REGISTRIES]: Registry minecraft:sound_event: Object did not get ID it asked for. Name: graveyard:entity.ghouling.step Expected: 1700 Got: 2116
[13Jul2025 17:00:54.352] [main/WARN] [net.minecraftforge.registries.ForgeRegistry/REGISTRIES]: Registry minecraft:sound_event: Object did not get ID it asked for. Name: graveyard:entity.ghouling.spawn Expected: 1701 Got: 2117
[13Jul2025 17:00:54.352] [main/WARN] [net.minecraftforge.registries.ForgeRegistry/REGISTRIES]: Registry minecraft:sound_event: Object did not get ID it asked for. Name: graveyard:entity.revenant.ambient Expected: 1702 Got: 2118
[13Jul2025 17:00:54.352] [main/WARN] [net.minecraftforge.registries.ForgeRegistry/REGISTRIES]: Registry minecraft:sound_event: Object did not get ID it asked for. Name: graveyard:entity.revenant.hurt Expected: 1703 Got: 2119
[13Jul2025 17:00:54.352] [main/WARN] [net.minecraftforge.registries.ForgeRegistry/REGISTRIES]: Registry minecraft:sound_event: Object did not get ID it asked for. Name: graveyard:entity.revenant.death Expected: 1704 Got: 2120
[13Jul2025 17:00:54.352] [main/WARN] [net.minecraftforge.registries.ForgeRegistry/REGISTRIES]: Registry minecraft:sound_event: Object did not get ID it asked for. Name: graveyard:entity.revenant.step Expected: 1705 Got: 2121
[13Jul2025 17:00:54.352] [main/WARN] [net.minecraftforge.registries.ForgeRegistry/REGISTRIES]: Registry minecraft:sound_event: Object did not get ID it asked for. Name: graveyard:entity.nightmare.ambient Expected: 1706 Got: 2122
[13Jul2025 17:00:54.352] [main/WARN] [net.minecraftforge.registries.ForgeRegistry/REGISTRIES]: Registry minecraft:sound_event: Object did not get ID it asked for. Name: graveyard:entity.nightmare.hurt Expected: 1707 Got: 2123
[13Jul2025 17:00:54.352] [main/WARN] [net.minecraftforge.registries.ForgeRegistry/REGISTRIES]: Registry minecraft:sound_event: Object did not get ID it asked for. Name: graveyard:entity.nightmare.death Expected: 1708 Got: 2124
[13Jul2025 17:00:54.352] [main/WARN] [net.minecraftforge.registries.ForgeRegistry/REGISTRIES]: Registry minecraft:sound_event: Object did not get ID it asked for. Name: graveyard:entity.wraith.ambient Expected: 1709 Got: 2125
[13Jul2025 17:00:54.352] [main/WARN] [net.minecraftforge.registries.ForgeRegistry/REGISTRIES]: Registry minecraft:sound_event: Object did not get ID it asked for. Name: graveyard:entity.wraith.hurt Expected: 1710 Got: 2126
[13Jul2025 17:00:54.353] [main/WARN] [net.minecraftforge.registries.ForgeRegistry/REGISTRIES]: Registry minecraft:sound_event: Object did not get ID it asked for. Name: graveyard:block.altar.ambient Expected: 1711 Got: 2127
[13Jul2025 17:00:54.353] [main/WARN] [net.minecraftforge.registries.ForgeRegistry/REGISTRIES]: Registry minecraft:sound_event: Object did not get ID it asked for. Name: graveyard:block.coffin.open Expected: 1712 Got: 2128
[13Jul2025 17:00:54.353] [main/WARN] [net.minecraftforge.registries.ForgeRegistry/REGISTRIES]: Registry minecraft:sound_event: Object did not get ID it asked for. Name: graveyard:block.coffin.close Expected: 1713 Got: 2129
[13Jul2025 17:00:54.353] [main/WARN] [net.minecraftforge.registries.ForgeRegistry/REGISTRIES]: Registry minecraft:sound_event: Object did not get ID it asked for. Name: graveyard:block.urn.open Expected: 1714 Got: 2130
[13Jul2025 17:00:54.353] [main/WARN] [net.minecraftforge.registries.ForgeRegistry/REGISTRIES]: Registry minecraft:sound_event: Object did not get ID it asked for. Name: graveyard:block.urn.close Expected: 1715 Got: 2131
[13Jul2025 17:00:54.353] [main/WARN] [net.minecraftforge.registries.ForgeRegistry/REGISTRIES]: Registry minecraft:sound_event: Object did not get ID it asked for. Name: graveyard:block.ossuary.open Expected: 1716 Got: 2132
[13Jul2025 17:00:54.353] [main/WARN] [net.minecraftforge.registries.ForgeRegistry/REGISTRIES]: Registry minecraft:sound_event: Object did not get ID it asked for. Name: graveyard:block.sarcophagus.use Expected: 1717 Got: 2133
[13Jul2025 17:00:54.353] [main/WARN] [net.minecraftforge.registries.ForgeRegistry/REGISTRIES]: Registry minecraft:sound_event: Object did not get ID it asked for. Name: graveyard:block.bone.placed Expected: 1718 Got: 2134
[13Jul2025 17:00:54.353] [main/WARN] [net.minecraftforge.registries.ForgeRegistry/REGISTRIES]: Registry minecraft:sound_event: Object did not get ID it asked for. Name: graveyard:block.bone.ambient Expected: 1719 Got: 2135
[13Jul2025 17:00:54.353] [main/WARN] [net.minecraftforge.registries.ForgeRegistry/REGISTRIES]: Registry minecraft:sound_event: Object did not get ID it asked for. Name: graveyard:item.vial.splash Expected: 1720 Got: 2136
[13Jul2025 17:00:54.353] [main/WARN] [net.minecraftforge.registries.ForgeRegistry/REGISTRIES]: Registry minecraft:sound_event: Object did not get ID it asked for. Name: graveyard:entity.lich.theme_01 Expected: 1721 Got: 2137
[13Jul2025 17:00:54.354] [main/WARN] [net.minecraftforge.registries.ForgeRegistry/REGISTRIES]: Registry minecraft:sound_event: Object did not get ID it asked for. Name: obscure_api:miracle Expected: 1823 Got: 2138
[13Jul2025 17:00:54.354] [main/WARN] [net.minecraftforge.registries.ForgeRegistry/REGISTRIES]: Registry minecraft:sound_event: Object did not get ID it asked for. Name: the_cuckoo_clock:entity.chuckoo_clock.click Expected: 1824 Got: 2139
[13Jul2025 17:00:54.354] [main/WARN] [net.minecraftforge.registries.ForgeRegistry/REGISTRIES]: Registry minecraft:sound_event: Object did not get ID it asked for. Name: the_cuckoo_clock:entity.chuckoo_clock.hurt Expected: 1825 Got: 2140
[13Jul2025 17:00:54.354] [main/WARN] [net.minecraftforge.registries.ForgeRegistry/REGISTRIES]: Registry minecraft:sound_event: Object did not get ID it asked for. Name: the_cuckoo_clock:entity.chuckoo_clock.death Expected: 1826 Got: 2141
[13Jul2025 17:00:54.354] [main/WARN] [net.minecraftforge.registries.ForgeRegistry/REGISTRIES]: Registry minecraft:sound_event: Object did not get ID it asked for. Name: the_cuckoo_clock:entity.chuckoo_clock.despawn Expected: 1827 Got: 2142
[13Jul2025 17:00:54.354] [main/WARN] [net.minecraftforge.registries.ForgeRegistry/REGISTRIES]: Registry minecraft:sound_event: Object did not get ID it asked for. Name: the_cuckoo_clock:entity.chuckoo_clock.chase Expected: 1828 Got: 2143
[13Jul2025 17:00:54.354] [main/WARN] [net.minecraftforge.registries.ForgeRegistry/REGISTRIES]: Registry minecraft:sound_event: Object did not get ID it asked for. Name: the_cuckoo_clock:entering_phase_two Expected: 1829 Got: 2144
[13Jul2025 17:00:54.354] [main/WARN] [net.minecraftforge.registries.ForgeRegistry/REGISTRIES]: Registry minecraft:sound_event: Object did not get ID it asked for. Name: legendary_monsters:endersent_attack Expected: 2061 Got: 2145
[13Jul2025 17:00:54.354] [main/WARN] [net.minecraftforge.registries.ForgeRegistry/REGISTRIES]: Registry minecraft:sound_event: Object did not get ID it asked for. Name: legendary_monsters:endersent_ambient Expected: 2062 Got: 2146
[13Jul2025 17:00:54.355] [main/WARN] [net.minecraftforge.registries.ForgeRegistry/REGISTRIES]: Registry minecraft:sound_event: Object did not get ID it asked for. Name: legendary_monsters:endersent_death Expected: 2063 Got: 2147
[13Jul2025 17:00:54.355] [main/WARN] [net.minecraftforge.registries.ForgeRegistry/REGISTRIES]: Registry minecraft:sound_event: Object did not get ID it asked for. Name: legendary_monsters:endersent_hurt1 Expected: 2064 Got: 2148
[13Jul2025 17:00:54.355] [main/WARN] [net.minecraftforge.registries.ForgeRegistry/REGISTRIES]: Registry minecraft:sound_event: Object did not get ID it asked for. Name: legendary_monsters:endersent_hurt2 Expected: 2065 Got: 2149
[13Jul2025 17:00:54.477] [main/WARN] [net.minecraftforge.registries.ForgeRegistry/REGISTRIES]: Registry minecraft:sound_event: Object did not get ID it asked for. Name: legendary_monsters:overgrown_colossus_hurt Expected: 2066 Got: 2150
[13Jul2025 17:00:54.477] [main/WARN] [net.minecraftforge.registries.ForgeRegistry/REGISTRIES]: Registry minecraft:sound_event: Object did not get ID it asked for. Name: legendary_monsters:overgrown_colossus_death Expected: 2067 Got: 2151
[13Jul2025 17:00:54.477] [main/WARN] [net.minecraftforge.registries.ForgeRegistry/REGISTRIES]: Registry minecraft:sound_event: Object did not get ID it asked for. Name: legendary_monsters:skeletosaurus_hurt1 Expected: 2068 Got: 2152
[13Jul2025 17:00:54.477] [main/WARN] [net.minecraftforge.registries.ForgeRegistry/REGISTRIES]: Registry minecraft:sound_event: Object did not get ID it asked for. Name: legendary_monsters:skeletosaurus_hurt2 Expected: 2069 Got: 2153
[13Jul2025 17:00:54.477] [main/WARN] [net.minecraftforge.registries.ForgeRegistry/REGISTRIES]: Registry minecraft:sound_event: Object did not get ID it asked for. Name: legendary_monsters:skeletosaurus_hurt3 Expected: 2070 Got: 2154
[13Jul2025 17:00:54.478] [main/WARN] [net.minecraftforge.registries.ForgeRegistry/REGISTRIES]: Registry minecraft:sound_event: Object did not get ID it asked for. Name: legendary_monsters:skeletosaurus_death Expected: 2071 Got: 2155
[13Jul2025 17:00:54.478] [main/WARN] [net.minecraftforge.registries.ForgeRegistry/REGISTRIES]: Registry minecraft:sound_event: Object did not get ID it asked for. Name: legendary_monsters:chorusling_death Expected: 2072 Got: 2156
[13Jul2025 17:00:54.478] [main/WARN] [net.minecraftforge.registries.ForgeRegistry/REGISTRIES]: Registry minecraft:sound_event: Object did not get ID it asked for. Name: legendary_monsters:chorusling_hurt Expected: 2073 Got: 2157
[13Jul2025 17:00:54.478] [main/WARN] [net.minecraftforge.registries.ForgeRegistry/REGISTRIES]: Registry minecraft:sound_event: Object did not get ID it asked for. Name: legendary_monsters:chorusling_ambient Expected: 2074 Got: 2158
[13Jul2025 17:00:54.478] [main/WARN] [net.minecraftforge.registries.ForgeRegistry/REGISTRIES]: Registry minecraft:sound_event: Object did not get ID it asked for. Name: legendary_monsters:chorusling_attack Expected: 2075 Got: 2159
[13Jul2025 17:00:54.478] [main/WARN] [net.minecraftforge.registries.ForgeRegistry/REGISTRIES]: Registry minecraft:sound_event: Object did not get ID it asked for. Name: legendary_monsters:withered_abomination_hurt Expected: 2076 Got: 2160
[13Jul2025 17:00:54.478] [main/WARN] [net.minecraftforge.registries.ForgeRegistry/REGISTRIES]: Registry minecraft:sound_event: Object did not get ID it asked for. Name: legendary_monsters:withered_abomination_death Expected: 2077 Got: 2161
[13Jul2025 17:00:54.478] [main/WARN] [net.minecraftforge.registries.ForgeRegistry/REGISTRIES]: Registry minecraft:sound_event: Object did not get ID it asked for. Name: legendary_monsters:ancient_guardian_hurt Expected: 2078 Got: 2162
[13Jul2025 17:00:54.478] [main/WARN] [net.minecraftforge.registries.ForgeRegistry/REGISTRIES]: Registry minecraft:sound_event: Object did not get ID it asked for. Name: bosses_of_mass_destruction:gauntlet_hurt Expected: 2079 Got: 2163
[13Jul2025 17:00:54.478] [main/WARN] [net.minecraftforge.registries.ForgeRegistry/REGISTRIES]: Registry minecraft:sound_event: Object did not get ID it asked for. Name: bosses_of_mass_destruction:gauntlet_death Expected: 2080 Got: 2164
[13Jul2025 17:00:54.478] [main/WARN] [net.minecraftforge.registries.ForgeRegistry/REGISTRIES]: Registry minecraft:sound_event: Object did not get ID it asked for. Name: bosses_of_mass_destruction:gauntlet_idle Expected: 2081 Got: 2165
[13Jul2025 17:00:54.478] [main/WARN] [net.minecraftforge.registries.ForgeRegistry/REGISTRIES]: Registry minecraft:sound_event: Object did not get ID it asked for. Name: bosses_of_mass_destruction:gauntlet_cast Expected: 2082 Got: 2166
[13Jul2025 17:00:54.478] [main/WARN] [net.minecraftforge.registries.ForgeRegistry/REGISTRIES]: Registry minecraft:sound_event: Object did not get ID it asked for. Name: bosses_of_mass_destruction:gauntlet_clink Expected: 2083 Got: 2167
[13Jul2025 17:00:54.478] [main/WARN] [net.minecraftforge.registries.ForgeRegistry/REGISTRIES]: Registry minecraft:sound_event: Object did not get ID it asked for. Name: bosses_of_mass_destruction:gauntlet_spin_punch Expected: 2084 Got: 2168
[13Jul2025 17:00:54.479] [main/WARN] [net.minecraftforge.registries.ForgeRegistry/REGISTRIES]: Registry minecraft:sound_event: Object did not get ID it asked for. Name: bosses_of_mass_destruction:gauntlet_laser_charge Expected: 2085 Got: 2169
[13Jul2025 17:00:54.479] [main/WARN] [net.minecraftforge.registries.ForgeRegistry/REGISTRIES]: Registry minecraft:sound_event: Object did not get ID it asked for. Name: bosses_of_mass_destruction:lich_hurt Expected: 2086 Got: 2170
[13Jul2025 17:00:54.479] [main/WARN] [net.minecraftforge.registries.ForgeRegistry/REGISTRIES]: Registry minecraft:sound_event: Object did not get ID it asked for. Name: bosses_of_mass_destruction:lich_death Expected: 2087 Got: 2171
[13Jul2025 17:00:54.479] [main/WARN] [net.minecraftforge.registries.ForgeRegistry/REGISTRIES]: Registry minecraft:sound_event: Object did not get ID it asked for. Name: bosses_of_mass_destruction:lich_teleport Expected: 2088 Got: 2172
[13Jul2025 17:00:54.479] [main/WARN] [net.minecraftforge.registries.ForgeRegistry/REGISTRIES]: Registry minecraft:sound_event: Object did not get ID it asked for. Name: bosses_of_mass_destruction:blue_fireball_land Expected: 2089 Got: 2173
[13Jul2025 17:00:54.479] [main/WARN] [net.minecraftforge.registries.ForgeRegistry/REGISTRIES]: Registry minecraft:sound_event: Object did not get ID it asked for. Name: bosses_of_mass_destruction:comet_shoot Expected: 2090 Got: 2174
[13Jul2025 17:00:54.479] [main/WARN] [net.minecraftforge.registries.ForgeRegistry/REGISTRIES]: Registry minecraft:sound_event: Object did not get ID it asked for. Name: bosses_of_mass_destruction:comet_prepare Expected: 2091 Got: 2175
[13Jul2025 17:00:54.479] [main/WARN] [net.minecraftforge.registries.ForgeRegistry/REGISTRIES]: Registry minecraft:sound_event: Object did not get ID it asked for. Name: bosses_of_mass_destruction:missile_shoot Expected: 2092 Got: 2176
[13Jul2025 17:00:54.479] [main/WARN] [net.minecraftforge.registries.ForgeRegistry/REGISTRIES]: Registry minecraft:sound_event: Object did not get ID it asked for. Name: bosses_of_mass_destruction:missile_prepare Expected: 2093 Got: 2177
[13Jul2025 17:00:54.479] [main/WARN] [net.minecraftforge.registries.ForgeRegistry/REGISTRIES]: Registry minecraft:sound_event: Object did not get ID it asked for. Name: bosses_of_mass_destruction:minion_rune Expected: 2094 Got: 2178
[13Jul2025 17:00:54.479] [main/WARN] [net.minecraftforge.registries.ForgeRegistry/REGISTRIES]: Registry minecraft:sound_event: Object did not get ID it asked for. Name: bosses_of_mass_destruction:minion_summon Expected: 2095 Got: 2179
[13Jul2025 17:00:54.479] [main/WARN] [net.minecraftforge.registries.ForgeRegistry/REGISTRIES]: Registry minecraft:sound_event: Object did not get ID it asked for. Name: bosses_of_mass_destruction:rage_prepare Expected: 2096 Got: 2180
[13Jul2025 17:00:54.479] [main/WARN] [net.minecraftforge.registries.ForgeRegistry/REGISTRIES]: Registry minecraft:sound_event: Object did not get ID it asked for. Name: bosses_of_mass_destruction:obsidilith_hurt Expected: 2097 Got: 2181
[13Jul2025 17:00:54.479] [main/WARN] [net.minecraftforge.registries.ForgeRegistry/REGISTRIES]: Registry minecraft:sound_event: Object did not get ID it asked for. Name: bosses_of_mass_destruction:obsidilith_death Expected: 2098 Got: 2182
[13Jul2025 17:00:54.479] [main/WARN] [net.minecraftforge.registries.ForgeRegistry/REGISTRIES]: Registry minecraft:sound_event: Object did not get ID it asked for. Name: bosses_of_mass_destruction:obsidilith_prepare_attack Expected: 2099 Got: 2183
[13Jul2025 17:00:54.479] [main/WARN] [net.minecraftforge.registries.ForgeRegistry/REGISTRIES]: Registry minecraft:sound_event: Object did not get ID it asked for. Name: bosses_of_mass_destruction:obsidilith_burst Expected: 2100 Got: 2184
[13Jul2025 17:00:54.479] [main/WARN] [net.minecraftforge.registries.ForgeRegistry/REGISTRIES]: Registry minecraft:sound_event: Object did not get ID it asked for. Name: bosses_of_mass_destruction:obsidilith_wave Expected: 2101 Got: 2185
[13Jul2025 17:00:54.479] [main/WARN] [net.minecraftforge.registries.ForgeRegistry/REGISTRIES]: Registry minecraft:sound_event: Object did not get ID it asked for. Name: bosses_of_mass_destruction:obsidilith_teleport Expected: 2102 Got: 2186
[13Jul2025 17:00:54.480] [main/WARN] [net.minecraftforge.registries.ForgeRegistry/REGISTRIES]: Registry minecraft:sound_event: Object did not get ID it asked for. Name: bosses_of_mass_destruction:teleport_prepare Expected: 2103 Got: 2187
[13Jul2025 17:00:54.480] [main/WARN] [net.minecraftforge.registries.ForgeRegistry/REGISTRIES]: Registry minecraft:sound_event: Object did not get ID it asked for. Name: bosses_of_mass_destruction:spike Expected: 2104 Got: 2188
[13Jul2025 17:00:54.480] [main/WARN] [net.minecraftforge.registries.ForgeRegistry/REGISTRIES]: Registry minecraft:sound_event: Object did not get ID it asked for. Name: bosses_of_mass_destruction:spike_indicator Expected: 2105 Got: 2189
[13Jul2025 17:00:54.480] [main/WARN] [net.minecraftforge.registries.ForgeRegistry/REGISTRIES]: Registry minecraft:sound_event: Object did not get ID it asked for. Name: bosses_of_mass_destruction:energy_shield Expected: 2106 Got: 2190
[13Jul2025 17:00:54.480] [main/WARN] [net.minecraftforge.registries.ForgeRegistry/REGISTRIES]: Registry minecraft:sound_event: Object did not get ID it asked for. Name: bosses_of_mass_destruction:void_blossom_hurt Expected: 2107 Got: 2191
[13Jul2025 17:00:54.480] [main/WARN] [net.minecraftforge.registries.ForgeRegistry/REGISTRIES]: Registry minecraft:sound_event: Object did not get ID it asked for. Name: bosses_of_mass_destruction:void_blossom_fall Expected: 2108 Got: 2192
[13Jul2025 17:00:54.480] [main/WARN] [net.minecraftforge.registries.ForgeRegistry/REGISTRIES]: Registry minecraft:sound_event: Object did not get ID it asked for. Name: bosses_of_mass_destruction:void_blossom_spike Expected: 2109 Got: 2193
[13Jul2025 17:00:54.480] [main/WARN] [net.minecraftforge.registries.ForgeRegistry/REGISTRIES]: Registry minecraft:sound_event: Object did not get ID it asked for. Name: bosses_of_mass_destruction:void_blossom_burrow Expected: 2110 Got: 2194
[13Jul2025 17:00:54.480] [main/WARN] [net.minecraftforge.registries.ForgeRegistry/REGISTRIES]: Registry minecraft:sound_event: Object did not get ID it asked for. Name: bosses_of_mass_destruction:spore_prepare Expected: 2111 Got: 2195
[13Jul2025 17:00:54.480] [main/WARN] [net.minecraftforge.registries.ForgeRegistry/REGISTRIES]: Registry minecraft:sound_event: Object did not get ID it asked for. Name: bosses_of_mass_destruction:spore_impact Expected: 2112 Got: 2196
[13Jul2025 17:00:54.480] [main/WARN] [net.minecraftforge.registries.ForgeRegistry/REGISTRIES]: Registry minecraft:sound_event: Object did not get ID it asked for. Name: bosses_of_mass_destruction:spore_ball_land Expected: 2113 Got: 2197
[13Jul2025 17:00:54.480] [main/WARN] [net.minecraftforge.registries.ForgeRegistry/REGISTRIES]: Registry minecraft:sound_event: Object did not get ID it asked for. Name: bosses_of_mass_destruction:petal_blade Expected: 2114 Got: 2198
[13Jul2025 17:00:54.480] [main/WARN] [net.minecraftforge.registries.ForgeRegistry/REGISTRIES]: Registry minecraft:sound_event: Object did not get ID it asked for. Name: bosses_of_mass_destruction:void_spike_indicator Expected: 2115 Got: 2199
[13Jul2025 17:00:54.480] [main/WARN] [net.minecraftforge.registries.ForgeRegistry/REGISTRIES]: Registry minecraft:sound_event: Object did not get ID it asked for. Name: bosses_of_mass_destruction:spike_wave_indicator Expected: 2116 Got: 2200
[13Jul2025 17:00:54.480] [main/WARN] [net.minecraftforge.registries.ForgeRegistry/REGISTRIES]: Registry minecraft:sound_event: Object did not get ID it asked for. Name: bosses_of_mass_destruction:wave_indicator Expected: 2117 Got: 2201
[13Jul2025 17:00:54.480] [main/WARN] [net.minecraftforge.registries.ForgeRegistry/REGISTRIES]: Registry minecraft:sound_event: Object did not get ID it asked for. Name: bosses_of_mass_destruction:soul_star Expected: 2118 Got: 2202
[13Jul2025 17:00:54.481] [main/WARN] [net.minecraftforge.registries.ForgeRegistry/REGISTRIES]: Registry minecraft:sound_event: Object did not get ID it asked for. Name: bosses_of_mass_destruction:earthdive_spear_throw Expected: 2119 Got: 2203
[13Jul2025 17:00:54.481] [main/WARN] [net.minecraftforge.registries.ForgeRegistry/REGISTRIES]: Registry minecraft:sound_event: Object did not get ID it asked for. Name: bosses_of_mass_destruction:charged_ender_pearl Expected: 2120 Got: 2204
[13Jul2025 17:00:54.481] [main/WARN] [net.minecraftforge.registries.ForgeRegistry/REGISTRIES]: Registry minecraft:sound_event: Object did not get ID it asked for. Name: bosses_of_mass_destruction:brimstone Expected: 2121 Got: 2205
[13Jul2025 17:00:54.481] [main/WARN] [net.minecraftforge.registries.ForgeRegistry/REGISTRIES]: Registry minecraft:sound_event: Object did not get ID it asked for. Name: mokey:cavenoise_1 Expected: 2122 Got: 2206
[13Jul2025 17:00:54.481] [main/WARN] [net.minecraftforge.registries.ForgeRegistry/REGISTRIES]: Registry minecraft:sound_event: Object did not get ID it asked for. Name: mokey:cavenoise_2 Expected: 2123 Got: 2207
[13Jul2025 17:00:54.481] [main/WARN] [net.minecraftforge.registries.ForgeRegistry/REGISTRIES]: Registry minecraft:sound_event: Object did not get ID it asked for. Name: mokey:cavenoise_3 Expected: 2124 Got: 2208
[13Jul2025 17:00:54.481] [main/WARN] [net.minecraftforge.registries.ForgeRegistry/REGISTRIES]: Registry minecraft:sound_event: Object did not get ID it asked for. Name: mokey:cavenoise_4 Expected: 2125 Got: 2209
[13Jul2025 17:00:54.481] [main/WARN] [net.minecraftforge.registries.ForgeRegistry/REGISTRIES]: Registry minecraft:sound_event: Object did not get ID it asked for. Name: mokey:chase_step_1 Expected: 2126 Got: 2210
[13Jul2025 17:00:54.481] [main/WARN] [net.minecraftforge.registries.ForgeRegistry/REGISTRIES]: Registry minecraft:sound_event: Object did not get ID it asked for. Name: mokey:chase_step_2 Expected: 2127 Got: 2211
[13Jul2025 17:00:54.482] [main/WARN] [net.minecraftforge.registries.ForgeRegistry/REGISTRIES]: Registry minecraft:sound_event: Object did not get ID it asked for. Name: mokey:chase_step_3 Expected: 2128 Got: 2212
[13Jul2025 17:00:54.482] [main/WARN] [net.minecraftforge.registries.ForgeRegistry/REGISTRIES]: Registry minecraft:sound_event: Object did not get ID it asked for. Name: mokey:chase_step_4 Expected: 2129 Got: 2213
[13Jul2025 17:00:54.482] [main/WARN] [net.minecraftforge.registries.ForgeRegistry/REGISTRIES]: Registry minecraft:sound_event: Object did not get ID it asked for. Name: mokey:chase_1 Expected: 2130 Got: 2214
[13Jul2025 17:00:54.482] [main/WARN] [net.minecraftforge.registries.ForgeRegistry/REGISTRIES]: Registry minecraft:sound_event: Object did not get ID it asked for. Name: mokey:chase_2 Expected: 2131 Got: 2215
[13Jul2025 17:00:54.482] [main/WARN] [net.minecraftforge.registries.ForgeRegistry/REGISTRIES]: Registry minecraft:sound_event: Object did not get ID it asked for. Name: mokey:chase_3 Expected: 2132 Got: 2216
[13Jul2025 17:00:54.482] [main/WARN] [net.minecraftforge.registries.ForgeRegistry/REGISTRIES]: Registry minecraft:sound_event: Object did not get ID it asked for. Name: mokey:chase_4 Expected: 2133 Got: 2217
[13Jul2025 17:00:54.483] [main/WARN] [net.minecraftforge.registries.ForgeRegistry/REGISTRIES]: Registry minecraft:sound_event: Object did not get ID it asked for. Name: mokey:flee_1 Expected: 2134 Got: 2218
[13Jul2025 17:00:54.483] [main/WARN] [net.minecraftforge.registries.ForgeRegistry/REGISTRIES]: Registry minecraft:sound_event: Object did not get ID it asked for. Name: mokey:flee_2 Expected: 2135 Got: 2219
[13Jul2025 17:00:54.483] [main/WARN] [net.minecraftforge.registries.ForgeRegistry/REGISTRIES]: Registry minecraft:sound_event: Object did not get ID it asked for. Name: mokey:spotted Expected: 2136 Got: 2220
[13Jul2025 17:00:54.483] [main/WARN] [net.minecraftforge.registries.ForgeRegistry/REGISTRIES]: Registry minecraft:sound_event: Object did not get ID it asked for. Name: mokey:disappear Expected: 2137 Got: 2221
[13Jul2025 17:00:54.483] [main/WARN] [net.minecraftforge.registries.ForgeRegistry/REGISTRIES]: Registry minecraft:sound_event: Object did not get ID it asked for. Name: mokey:dweller_hurt_1 Expected: 2138 Got: 2222
[13Jul2025 17:00:54.484] [main/WARN] [net.minecraftforge.registries.ForgeRegistry/REGISTRIES]: Registry minecraft:sound_event: Object did not get ID it asked for. Name: mokey:dweller_hurt_2 Expected: 2139 Got: 2223
[13Jul2025 17:00:54.484] [main/WARN] [net.minecraftforge.registries.ForgeRegistry/REGISTRIES]: Registry minecraft:sound_event: Object did not get ID it asked for. Name: mokey:dweller_hurt_3 Expected: 2140 Got: 2224
[13Jul2025 17:00:54.484] [main/WARN] [net.minecraftforge.registries.ForgeRegistry/REGISTRIES]: Registry minecraft:sound_event: Object did not get ID it asked for. Name: mokey:dweller_hurt_4 Expected: 2141 Got: 2225
[13Jul2025 17:00:54.484] [main/WARN] [net.minecraftforge.registries.ForgeRegistry/REGISTRIES]: Registry minecraft:sound_event: Object did not get ID it asked for. Name: mokey:dweller_death Expected: 2142 Got: 2226
[13Jul2025 17:00:54.484] [main/WARN] [net.minecraftforge.registries.ForgeRegistry/REGISTRIES]: Registry minecraft:potion: Object did not get ID it asked for. Name: mowziesmobs:poison_resist Expected: 43 Got: 60
[13Jul2025 17:00:54.484] [main/WARN] [net.minecraftforge.registries.ForgeRegistry/REGISTRIES]: Registry minecraft:potion: Object did not get ID it asked for. Name: mowziesmobs:long_poison_resist Expected: 44 Got: 61
[13Jul2025 17:00:54.484] [main/WARN] [net.minecraftforge.registries.ForgeRegistry/REGISTRIES]: Registry minecraft:potion: Object did not get ID it asked for. Name: eeeabsmobs:frenzy_potion Expected: 45 Got: 62
[13Jul2025 17:00:54.485] [main/WARN] [net.minecraftforge.registries.ForgeRegistry/REGISTRIES]: Registry minecraft:enchantment: Object did not get ID it asked for. Name: obscure_api:mirror Expected: 48 Got: 52
[13Jul2025 17:00:54.485] [main/WARN] [net.minecraftforge.registries.ForgeRegistry/REGISTRIES]: Registry minecraft:enchantment: Object did not get ID it asked for. Name: obscure_api:fast_spin Expected: 49 Got: 53
[13Jul2025 17:00:54.485] [main/WARN] [net.minecraftforge.registries.ForgeRegistry/REGISTRIES]: Registry minecraft:enchantment: Object did not get ID it asked for. Name: obscure_api:distance Expected: 50 Got: 54
[13Jul2025 17:00:54.485] [main/WARN] [net.minecraftforge.registries.ForgeRegistry/REGISTRIES]: Registry minecraft:entity_type: Object did not get ID it asked for. Name: sons_of_sins:gulber Expected: 118 Got: 361
[13Jul2025 17:00:54.485] [main/WARN] [net.minecraftforge.registries.ForgeRegistry/REGISTRIES]: Registry minecraft:entity_type: Object did not get ID it asked for. Name: sons_of_sins:devourer Expected: 119 Got: 362
[13Jul2025 17:00:54.485] [main/WARN] [net.minecraftforge.registries.ForgeRegistry/REGISTRIES]: Registry minecraft:entity_type: Object did not get ID it asked for. Name: sons_of_sins:grub Expected: 120 Got: 363
[13Jul2025 17:00:54.485] [main/WARN] [net.minecraftforge.registries.ForgeRegistry/REGISTRIES]: Registry minecraft:entity_type: Object did not get ID it asked for. Name: sons_of_sins:guzzler Expected: 121 Got: 364
[13Jul2025 17:00:54.486] [main/WARN] [net.minecraftforge.registries.ForgeRegistry/REGISTRIES]: Registry minecraft:entity_type: Object did not get ID it asked for. Name: sons_of_sins:nibbler Expected: 122 Got: 365
[13Jul2025 17:00:54.486] [main/WARN] [net.minecraftforge.registries.ForgeRegistry/REGISTRIES]: Registry minecraft:entity_type: Object did not get ID it asked for. Name: sons_of_sins:wistiver Expected: 123 Got: 366
[13Jul2025 17:00:54.486] [main/WARN] [net.minecraftforge.registries.ForgeRegistry/REGISTRIES]: Registry minecraft:entity_type: Object did not get ID it asked for. Name: sons_of_sins:walking_bed Expected: 124 Got: 367
[13Jul2025 17:00:54.486] [main/WARN] [net.minecraftforge.registries.ForgeRegistry/REGISTRIES]: Registry minecraft:entity_type: Object did not get ID it asked for. Name: sons_of_sins:prowler Expected: 125 Got: 368
[13Jul2025 17:00:54.486] [main/WARN] [net.minecraftforge.registries.ForgeRegistry/REGISTRIES]: Registry minecraft:entity_type: Object did not get ID it asked for. Name: sons_of_sins:kelvin Expected: 126 Got: 369
[13Jul2025 17:00:54.486] [main/WARN] [net.minecraftforge.registries.ForgeRegistry/REGISTRIES]: Registry minecraft:entity_type: Object did not get ID it asked for. Name: sons_of_sins:curse Expected: 127 Got: 370
[13Jul2025 17:00:54.486] [main/WARN] [net.minecraftforge.registries.ForgeRegistry/REGISTRIES]: Registry minecraft:entity_type: Object did not get ID it asked for. Name: sons_of_sins:blud Expected: 128 Got: 371
[13Jul2025 17:00:54.486] [main/WARN] [net.minecraftforge.registries.ForgeRegistry/REGISTRIES]: Registry minecraft:entity_type: Object did not get ID it asked for. Name: sons_of_sins:butcher Expected: 129 Got: 372
[13Jul2025 17:00:54.486] [main/WARN] [net.minecraftforge.registries.ForgeRegistry/REGISTRIES]: Registry minecraft:entity_type: Object did not get ID it asked for. Name: sons_of_sins:betrayed_guzzler Expected: 130 Got: 373
[13Jul2025 17:00:54.486] [main/WARN] [net.minecraftforge.registries.ForgeRegistry/REGISTRIES]: Registry minecraft:entity_type: Object did not get ID it asked for. Name: sons_of_sins:projectile_blood_pr Expected: 131 Got: 374
[13Jul2025 17:00:54.487] [main/WARN] [net.minecraftforge.registries.ForgeRegistry/REGISTRIES]: Registry minecraft:entity_type: Object did not get ID it asked for. Name: sons_of_sins:ditched Expected: 132 Got: 375
[13Jul2025 17:00:54.487] [main/WARN] [net.minecraftforge.registries.ForgeRegistry/REGISTRIES]: Registry minecraft:entity_type: Object did not get ID it asked for. Name: sons_of_sins:gulber_organs Expected: 133 Got: 376
[13Jul2025 17:00:54.487] [main/WARN] [net.minecraftforge.registries.ForgeRegistry/REGISTRIES]: Registry minecraft:entity_type: Object did not get ID it asked for. Name: sons_of_sins:grub_organs Expected: 134 Got: 377
[13Jul2025 17:00:54.487] [main/WARN] [net.minecraftforge.registries.ForgeRegistry/REGISTRIES]: Registry minecraft:entity_type: Object did not get ID it asked for. Name: sons_of_sins:devourer_organs Expected: 135 Got: 378
[13Jul2025 17:00:54.487] [main/WARN] [net.minecraftforge.registries.ForgeRegistry/REGISTRIES]: Registry minecraft:entity_type: Object did not get ID it asked for. Name: sons_of_sins:guzzler_organs Expected: 136 Got: 379
[13Jul2025 17:00:54.487] [main/WARN] [net.minecraftforge.registries.ForgeRegistry/REGISTRIES]: Registry minecraft:entity_type: Object did not get ID it asked for. Name: sons_of_sins:nibbler_organs Expected: 137 Got: 380
[13Jul2025 17:00:54.487] [main/WARN] [net.minecraftforge.registries.ForgeRegistry/REGISTRIES]: Registry minecraft:entity_type: Object did not get ID it asked for. Name: mowziesmobs:foliaath Expected: 175 Got: 381
[13Jul2025 17:00:54.487] [main/WARN] [net.minecraftforge.registries.ForgeRegistry/REGISTRIES]: Registry minecraft:entity_type: Object did not get ID it asked for. Name: mowziesmobs:baby_foliaath Expected: 176 Got: 382
[13Jul2025 17:00:54.487] [main/WARN] [net.minecraftforge.registries.ForgeRegistry/REGISTRIES]: Registry minecraft:entity_type: Object did not get ID it asked for. Name: mowziesmobs:ferrous_wroughtnaut Expected: 177 Got: 383
[13Jul2025 17:00:54.487] [main/WARN] [net.minecraftforge.registries.ForgeRegistry/REGISTRIES]: Registry minecraft:entity_type: Object did not get ID it asked for. Name: mowziesmobs:umvuthana_follower_raptor Expected: 178 Got: 384
[13Jul2025 17:00:54.487] [main/WARN] [net.minecraftforge.registries.ForgeRegistry/REGISTRIES]: Registry minecraft:entity_type: Object did not get ID it asked for. Name: mowziesmobs:umvuthana_follower_player Expected: 179 Got: 385
[13Jul2025 17:00:54.488] [main/WARN] [net.minecraftforge.registries.ForgeRegistry/REGISTRIES]: Registry minecraft:entity_type: Object did not get ID it asked for. Name: mowziesmobs:umvuthana_crane_player Expected: 180 Got: 386
[13Jul2025 17:00:54.488] [main/WARN] [net.minecraftforge.registries.ForgeRegistry/REGISTRIES]: Registry minecraft:entity_type: Object did not get ID it asked for. Name: mowziesmobs:umvuthana Expected: 181 Got: 387
[13Jul2025 17:00:54.488] [main/WARN] [net.minecraftforge.registries.ForgeRegistry/REGISTRIES]: Registry minecraft:entity_type: Object did not get ID it asked for. Name: mowziesmobs:umvuthana_raptor Expected: 182 Got: 388
[13Jul2025 17:00:54.488] [main/WARN] [net.minecraftforge.registries.ForgeRegistry/REGISTRIES]: Registry minecraft:entity_type: Object did not get ID it asked for. Name: mowziesmobs:umvuthana_crane Expected: 183 Got: 389
[13Jul2025 17:00:54.488] [main/WARN] [net.minecraftforge.registries.ForgeRegistry/REGISTRIES]: Registry minecraft:entity_type: Object did not get ID it asked for. Name: mowziesmobs:umvuthi Expected: 184 Got: 390
[13Jul2025 17:00:54.488] [main/WARN] [net.minecraftforge.registries.ForgeRegistry/REGISTRIES]: Registry minecraft:entity_type: Object did not get ID it asked for. Name: mowziesmobs:frostmaw Expected: 185 Got: 391
[13Jul2025 17:00:54.499] [main/WARN] [net.minecraftforge.registries.ForgeRegistry/REGISTRIES]: Registry minecraft:entity_type: Object did not get ID it asked for. Name: mowziesmobs:grottol Expected: 186 Got: 392
[13Jul2025 17:00:54.500] [main/WARN] [net.minecraftforge.registries.ForgeRegistry/REGISTRIES]: Registry minecraft:entity_type: Object did not get ID it asked for. Name: mowziesmobs:lantern Expected: 187 Got: 393
[13Jul2025 17:00:54.500] [main/WARN] [net.minecraftforge.registries.ForgeRegistry/REGISTRIES]: Registry minecraft:entity_type: Object did not get ID it asked for. Name: mowziesmobs:naga Expected: 188 Got: 394
[13Jul2025 17:00:54.501] [main/WARN] [net.minecraftforge.registries.ForgeRegistry/REGISTRIES]: Registry minecraft:entity_type: Object did not get ID it asked for. Name: mowziesmobs:sunstrike Expected: 189 Got: 395
[13Jul2025 17:00:54.501] [main/WARN] [net.minecraftforge.registries.ForgeRegistry/REGISTRIES]: Registry minecraft:entity_type: Object did not get ID it asked for. Name: mowziesmobs:solar_beam Expected: 190 Got: 396
[13Jul2025 17:00:54.502] [main/WARN] [net.minecraftforge.registries.ForgeRegistry/REGISTRIES]: Registry minecraft:entity_type: Object did not get ID it asked for. Name: mowziesmobs:boulder_projectile Expected: 191 Got: 397
[13Jul2025 17:00:54.502] [main/WARN] [net.minecraftforge.registries.ForgeRegistry/REGISTRIES]: Registry minecraft:entity_type: Object did not get ID it asked for. Name: mowziesmobs:rock_sling Expected: 192 Got: 398
[13Jul2025 17:00:54.502] [main/WARN] [net.minecraftforge.registries.ForgeRegistry/REGISTRIES]: Registry minecraft:entity_type: Object did not get ID it asked for. Name: mowziesmobs:boulder_platform Expected: 193 Got: 399
[13Jul2025 17:00:54.502] [main/WARN] [net.minecraftforge.registries.ForgeRegistry/REGISTRIES]: Registry minecraft:entity_type: Object did not get ID it asked for. Name: mowziesmobs:pillar Expected: 194 Got: 400
[13Jul2025 17:00:54.502] [main/WARN] [net.minecraftforge.registries.ForgeRegistry/REGISTRIES]: Registry minecraft:entity_type: Object did not get ID it asked for. Name: mowziesmobs:pillar_piece Expected: 195 Got: 401
[13Jul2025 17:00:54.502] [main/WARN] [net.minecraftforge.registries.ForgeRegistry/REGISTRIES]: Registry minecraft:entity_type: Object did not get ID it asked for. Name: mowziesmobs:axe_attack Expected: 196 Got: 402
[13Jul2025 17:00:54.502] [main/WARN] [net.minecraftforge.registries.ForgeRegistry/REGISTRIES]: Registry minecraft:entity_type: Object did not get ID it asked for. Name: mowziesmobs:ice_breath Expected: 197 Got: 403
[13Jul2025 17:00:54.502] [main/WARN] [net.minecraftforge.registries.ForgeRegistry/REGISTRIES]: Registry minecraft:entity_type: Object did not get ID it asked for. Name: mowziesmobs:ice_ball Expected: 198 Got: 404
[13Jul2025 17:00:54.502] [main/WARN] [net.minecraftforge.registries.ForgeRegistry/REGISTRIES]: Registry minecraft:entity_type: Object did not get ID it asked for. Name: mowziesmobs:frozen_controller Expected: 199 Got: 405
[13Jul2025 17:00:54.502] [main/WARN] [net.minecraftforge.registries.ForgeRegistry/REGISTRIES]: Registry minecraft:entity_type: Object did not get ID it asked for. Name: mowziesmobs:dart Expected: 200 Got: 406
[13Jul2025 17:00:54.502] [main/WARN] [net.minecraftforge.registries.ForgeRegistry/REGISTRIES]: Registry minecraft:entity_type: Object did not get ID it asked for. Name: mowziesmobs:poison_ball Expected: 201 Got: 407
[13Jul2025 17:00:54.502] [main/WARN] [net.minecraftforge.registries.ForgeRegistry/REGISTRIES]: Registry minecraft:entity_type: Object did not get ID it asked for. Name: mowziesmobs:super_nova Expected: 202 Got: 408
[13Jul2025 17:00:54.503] [main/WARN] [net.minecraftforge.registries.ForgeRegistry/REGISTRIES]: Registry minecraft:entity_type: Object did not get ID it asked for. Name: mowziesmobs:falling_block Expected: 203 Got: 409
[13Jul2025 17:00:54.503] [main/WARN] [net.minecraftforge.registries.ForgeRegistry/REGISTRIES]: Registry minecraft:entity_type: Object did not get ID it asked for. Name: mowziesmobs:block_swapper Expected: 204 Got: 410
[13Jul2025 17:00:54.503] [main/WARN] [net.minecraftforge.registries.ForgeRegistry/REGISTRIES]: Registry minecraft:entity_type: Object did not get ID it asked for. Name: mowziesmobs:block_swapper_sculptor Expected: 205 Got: 411
[13Jul2025 17:00:54.503] [main/WARN] [net.minecraftforge.registries.ForgeRegistry/REGISTRIES]: Registry minecraft:entity_type: Object did not get ID it asked for. Name: mowziesmobs:camera_shake Expected: 206 Got: 412
[13Jul2025 17:00:54.503] [main/WARN] [net.minecraftforge.registries.ForgeRegistry/REGISTRIES]: Registry minecraft:entity_type: Object did not get ID it asked for. Name: knightquest:gremlin Expected: 212 Got: 413
[13Jul2025 17:00:54.503] [main/WARN] [net.minecraftforge.registries.ForgeRegistry/REGISTRIES]: Registry minecraft:entity_type: Object did not get ID it asked for. Name: knightquest:eldbomb Expected: 213 Got: 414
[13Jul2025 17:00:54.503] [main/WARN] [net.minecraftforge.registries.ForgeRegistry/REGISTRIES]: Registry minecraft:entity_type: Object did not get ID it asked for. Name: knightquest:eldknight Expected: 214 Got: 415
[13Jul2025 17:00:54.503] [main/WARN] [net.minecraftforge.registries.ForgeRegistry/REGISTRIES]: Registry minecraft:entity_type: Object did not get ID it asked for. Name: knightquest:samhain Expected: 215 Got: 416
[13Jul2025 17:00:54.503] [main/WARN] [net.minecraftforge.registries.ForgeRegistry/REGISTRIES]: Registry minecraft:entity_type: Object did not get ID it asked for. Name: knightquest:swampman Expected: 216 Got: 417
[13Jul2025 17:00:54.503] [main/WARN] [net.minecraftforge.registries.ForgeRegistry/REGISTRIES]: Registry minecraft:entity_type: Object did not get ID it asked for. Name: knightquest:ratman Expected: 217 Got: 418
[13Jul2025 17:00:54.503] [main/WARN] [net.minecraftforge.registries.ForgeRegistry/REGISTRIES]: Registry minecraft:entity_type: Object did not get ID it asked for. Name: knightquest:lizzy Expected: 218 Got: 419
[13Jul2025 17:00:54.503] [main/WARN] [net.minecraftforge.registries.ForgeRegistry/REGISTRIES]: Registry minecraft:entity_type: Object did not get ID it asked for. Name: knightquest:bad_patch Expected: 219 Got: 420
[13Jul2025 17:00:54.503] [main/WARN] [net.minecraftforge.registries.ForgeRegistry/REGISTRIES]: Registry minecraft:entity_type: Object did not get ID it asked for. Name: knightquest:ghastling Expected: 220 Got: 421
[13Jul2025 17:00:54.503] [main/WARN] [net.minecraftforge.registries.ForgeRegistry/REGISTRIES]: Registry minecraft:entity_type: Object did not get ID it asked for. Name: knightquest:ghosty Expected: 221 Got: 422
[13Jul2025 17:00:54.504] [main/WARN] [net.minecraftforge.registries.ForgeRegistry/REGISTRIES]: Registry minecraft:entity_type: Object did not get ID it asked for. Name: knightquest:netherman Expected: 222 Got: 423
[13Jul2025 17:00:54.504] [main/WARN] [net.minecraftforge.registries.ForgeRegistry/REGISTRIES]: Registry minecraft:entity_type: Object did not get ID it asked for. Name: knightquest:netherman_clone Expected: 223 Got: 424
[13Jul2025 17:00:54.504] [main/WARN] [net.minecraftforge.registries.ForgeRegistry/REGISTRIES]: Registry minecraft:entity_type: Object did not get ID it asked for. Name: knightquest:netherman_projectile_charge Expected: 224 Got: 425
[13Jul2025 17:00:54.504] [main/WARN] [net.minecraftforge.registries.ForgeRegistry/REGISTRIES]: Registry minecraft:entity_type: Object did not get ID it asked for. Name: knightquest:swampman_axe Expected: 225 Got: 426
[13Jul2025 17:00:54.504] [main/WARN] [net.minecraftforge.registries.ForgeRegistry/REGISTRIES]: Registry minecraft:entity_type: Object did not get ID it asked for. Name: eeeabsmobs:corpse Expected: 226 Got: 427
[13Jul2025 17:00:54.504] [main/WARN] [net.minecraftforge.registries.ForgeRegistry/REGISTRIES]: Registry minecraft:entity_type: Object did not get ID it asked for. Name: eeeabsmobs:corpse_villager Expected: 227 Got: 428
[13Jul2025 17:00:54.504] [main/WARN] [net.minecraftforge.registries.ForgeRegistry/REGISTRIES]: Registry minecraft:entity_type: Object did not get ID it asked for. Name: eeeabsmobs:corpse_warlock Expected: 228 Got: 429
[13Jul2025 17:00:54.504] [main/WARN] [net.minecraftforge.registries.ForgeRegistry/REGISTRIES]: Registry minecraft:entity_type: Object did not get ID it asked for. Name: eeeabsmobs:corpse_to_player Expected: 229 Got: 430
[13Jul2025 17:00:54.507] [main/WARN] [net.minecraftforge.registries.ForgeRegistry/REGISTRIES]: Registry minecraft:entity_type: Object did not get ID it asked for. Name: eeeabsmobs:immortal_skeleton Expected: 230 Got: 431
[13Jul2025 17:00:54.507] [main/WARN] [net.minecraftforge.registries.ForgeRegistry/REGISTRIES]: Registry minecraft:entity_type: Object did not get ID it asked for. Name: eeeabsmobs:immortal_knight Expected: 231 Got: 432
[13Jul2025 17:00:54.508] [main/WARN] [net.minecraftforge.registries.ForgeRegistry/REGISTRIES]: Registry minecraft:entity_type: Object did not get ID it asked for. Name: eeeabsmobs:immortal_shaman Expected: 232 Got: 433
[13Jul2025 17:00:54.508] [main/WARN] [net.minecraftforge.registries.ForgeRegistry/REGISTRIES]: Registry minecraft:entity_type: Object did not get ID it asked for. Name: eeeabsmobs:immortal_golem Expected: 233 Got: 434
[13Jul2025 17:00:54.508] [main/WARN] [net.minecraftforge.registries.ForgeRegistry/REGISTRIES]: Registry minecraft:entity_type: Object did not get ID it asked for. Name: eeeabsmobs:immortal_executioner Expected: 234 Got: 435
[13Jul2025 17:00:54.508] [main/WARN] [net.minecraftforge.registries.ForgeRegistry/REGISTRIES]: Registry minecraft:entity_type: Object did not get ID it asked for. Name: eeeabsmobs:immortal Expected: 235 Got: 436
[13Jul2025 17:00:54.508] [main/WARN] [net.minecraftforge.registries.ForgeRegistry/REGISTRIES]: Registry minecraft:entity_type: Object did not get ID it asked for. Name: eeeabsmobs:guling_sentinel Expected: 236 Got: 437
[13Jul2025 17:00:54.508] [main/WARN] [net.minecraftforge.registries.ForgeRegistry/REGISTRIES]: Registry minecraft:entity_type: Object did not get ID it asked for. Name: eeeabsmobs:guling_sentinel_heavy Expected: 237 Got: 438
[13Jul2025 17:00:54.508] [main/WARN] [net.minecraftforge.registries.ForgeRegistry/REGISTRIES]: Registry minecraft:entity_type: Object did not get ID it asked for. Name: eeeabsmobs:nameless_guardian Expected: 238 Got: 439
[13Jul2025 17:00:54.508] [main/WARN] [net.minecraftforge.registries.ForgeRegistry/REGISTRIES]: Registry minecraft:entity_type: Object did not get ID it asked for. Name: eeeabsmobs:tester Expected: 239 Got: 440
[13Jul2025 17:00:54.508] [main/WARN] [net.minecraftforge.registries.ForgeRegistry/REGISTRIES]: Registry minecraft:entity_type: Object did not get ID it asked for. Name: eeeabsmobs:explode Expected: 240 Got: 441
[13Jul2025 17:00:54.508] [main/WARN] [net.minecraftforge.registries.ForgeRegistry/REGISTRIES]: Registry minecraft:entity_type: Object did not get ID it asked for. Name: eeeabsmobs:shaman_bomb Expected: 241 Got: 442
[13Jul2025 17:00:54.508] [main/WARN] [net.minecraftforge.registries.ForgeRegistry/REGISTRIES]: Registry minecraft:entity_type: Object did not get ID it asked for. Name: eeeabsmobs:camera_shake Expected: 242 Got: 443
[13Jul2025 17:00:54.509] [main/WARN] [net.minecraftforge.registries.ForgeRegistry/REGISTRIES]: Registry minecraft:entity_type: Object did not get ID it asked for. Name: eeeabsmobs:moving_controller Expected: 243 Got: 444
[13Jul2025 17:00:54.509] [main/WARN] [net.minecraftforge.registries.ForgeRegistry/REGISTRIES]: Registry minecraft:entity_type: Object did not get ID it asked for. Name: eeeabsmobs:falling_block Expected: 244 Got: 445
[13Jul2025 17:00:54.509] [main/WARN] [net.minecraftforge.registries.ForgeRegistry/REGISTRIES]: Registry minecraft:entity_type: Object did not get ID it asked for. Name: eeeabsmobs:guardian_laser Expected: 245 Got: 446
[13Jul2025 17:00:54.509] [main/WARN] [net.minecraftforge.registries.ForgeRegistry/REGISTRIES]: Registry minecraft:entity_type: Object did not get ID it asked for. Name: eeeabsmobs:guardian_blade Expected: 246 Got: 447
[13Jul2025 17:00:54.509] [main/WARN] [net.minecraftforge.registries.ForgeRegistry/REGISTRIES]: Registry minecraft:entity_type: Object did not get ID it asked for. Name: eeeabsmobs:scorch Expected: 247 Got: 448
[13Jul2025 17:00:54.509] [main/WARN] [net.minecraftforge.registries.ForgeRegistry/REGISTRIES]: Registry minecraft:entity_type: Object did not get ID it asked for. Name: eeeabsmobs:eye_of_structure Expected: 248 Got: 449
[13Jul2025 17:00:54.509] [main/WARN] [net.minecraftforge.registries.ForgeRegistry/REGISTRIES]: Registry minecraft:entity_type: Object did not get ID it asked for. Name: eeeabsmobs:poison_arrow Expected: 249 Got: 450
[13Jul2025 17:00:54.509] [main/WARN] [net.minecraftforge.registries.ForgeRegistry/REGISTRIES]: Registry minecraft:entity_type: Object did not get ID it asked for. Name: eeeabsmobs:blood_ball Expected: 250 Got: 451
[13Jul2025 17:00:54.509] [main/WARN] [net.minecraftforge.registries.ForgeRegistry/REGISTRIES]: Registry minecraft:entity_type: Object did not get ID it asked for. Name: eeeabsmobs:crimson_crack Expected: 251 Got: 452
[13Jul2025 17:00:54.509] [main/WARN] [net.minecraftforge.registries.ForgeRegistry/REGISTRIES]: Registry minecraft:entity_type: Object did not get ID it asked for. Name: eeeabsmobs:crimson_ray Expected: 252 Got: 453
[13Jul2025 17:00:54.509] [main/WARN] [net.minecraftforge.registries.ForgeRegistry/REGISTRIES]: Registry minecraft:entity_type: Object did not get ID it asked for. Name: eeeabsmobs:crimson_ray_pre Expected: 253 Got: 454
[13Jul2025 17:00:54.509] [main/WARN] [net.minecraftforge.registries.ForgeRegistry/REGISTRIES]: Registry minecraft:entity_type: Object did not get ID it asked for. Name: eeeabsmobs:grenade Expected: 254 Got: 455
[13Jul2025 17:00:54.509] [main/WARN] [net.minecraftforge.registries.ForgeRegistry/REGISTRIES]: Registry minecraft:entity_type: Object did not get ID it asked for. Name: eeeabsmobs:electromagnetic Expected: 255 Got: 456
[13Jul2025 17:00:54.510] [main/WARN] [net.minecraftforge.registries.ForgeRegistry/REGISTRIES]: Registry minecraft:entity_type: Object did not get ID it asked for. Name: eeeabsmobs:alien_portal Expected: 256 Got: 457
[13Jul2025 17:00:54.510] [main/WARN] [net.minecraftforge.registries.ForgeRegistry/REGISTRIES]: Registry minecraft:entity_type: Object did not get ID it asked for. Name: eeeabsmobs:immortal_magic_circle Expected: 257 Got: 458
[13Jul2025 17:00:54.510] [main/WARN] [net.minecraftforge.registries.ForgeRegistry/REGISTRIES]: Registry minecraft:entity_type: Object did not get ID it asked for. Name: eeeabsmobs:immortal_shuriken Expected: 258 Got: 459
[13Jul2025 17:00:54.510] [main/WARN] [net.minecraftforge.registries.ForgeRegistry/REGISTRIES]: Registry minecraft:entity_type: Object did not get ID it asked for. Name: eeeabsmobs:immortal_laser Expected: 259 Got: 460
[13Jul2025 17:00:54.510] [main/WARN] [net.minecraftforge.registries.ForgeRegistry/REGISTRIES]: Registry minecraft:entity_type: Object did not get ID it asked for. Name: graveyard:skeleton_creeper Expected: 260 Got: 461
[13Jul2025 17:00:54.510] [main/WARN] [net.minecraftforge.registries.ForgeRegistry/REGISTRIES]: Registry minecraft:entity_type: Object did not get ID it asked for. Name: graveyard:acolyte Expected: 261 Got: 462
[13Jul2025 17:00:54.510] [main/WARN] [net.minecraftforge.registries.ForgeRegistry/REGISTRIES]: Registry minecraft:entity_type: Object did not get ID it asked for. Name: graveyard:reaper Expected: 262 Got: 463
[13Jul2025 17:00:54.510] [main/WARN] [net.minecraftforge.registries.ForgeRegistry/REGISTRIES]: Registry minecraft:entity_type: Object did not get ID it asked for. Name: graveyard:ghoul Expected: 263 Got: 464
[13Jul2025 17:00:54.510] [main/WARN] [net.minecraftforge.registries.ForgeRegistry/REGISTRIES]: Registry minecraft:entity_type: Object did not get ID it asked for. Name: graveyard:nightmare Expected: 264 Got: 465
[13Jul2025 17:00:54.510] [main/WARN] [net.minecraftforge.registries.ForgeRegistry/REGISTRIES]: Registry minecraft:entity_type: Object did not get ID it asked for. Name: graveyard:revenant Expected: 265 Got: 466
[13Jul2025 17:00:54.511] [main/WARN] [net.minecraftforge.registries.ForgeRegistry/REGISTRIES]: Registry minecraft:entity_type: Object did not get ID it asked for. Name: graveyard:falling_corpse Expected: 266 Got: 467
[13Jul2025 17:00:54.511] [main/WARN] [net.minecraftforge.registries.ForgeRegistry/REGISTRIES]: Registry minecraft:entity_type: Object did not get ID it asked for. Name: graveyard:lich Expected: 267 Got: 468
[13Jul2025 17:00:54.511] [main/WARN] [net.minecraftforge.registries.ForgeRegistry/REGISTRIES]: Registry minecraft:entity_type: Object did not get ID it asked for. Name: graveyard:wraith Expected: 268 Got: 469
[13Jul2025 17:00:54.511] [main/WARN] [net.minecraftforge.registries.ForgeRegistry/REGISTRIES]: Registry minecraft:entity_type: Object did not get ID it asked for. Name: graveyard:corrupted_pillager Expected: 269 Got: 470
[13Jul2025 17:00:54.511] [main/WARN] [net.minecraftforge.registries.ForgeRegistry/REGISTRIES]: Registry minecraft:entity_type: Object did not get ID it asked for. Name: graveyard:corrupted_vindicator Expected: 270 Got: 471
[13Jul2025 17:00:54.511] [main/WARN] [net.minecraftforge.registries.ForgeRegistry/REGISTRIES]: Registry minecraft:entity_type: Object did not get ID it asked for. Name: graveyard:ghouling Expected: 271 Got: 472
[13Jul2025 17:00:54.511] [main/WARN] [net.minecraftforge.registries.ForgeRegistry/REGISTRIES]: Registry minecraft:entity_type: Object did not get ID it asked for. Name: graveyard:skull Expected: 272 Got: 473
[13Jul2025 17:00:54.511] [main/WARN] [net.minecraftforge.registries.ForgeRegistry/REGISTRIES]: Registry minecraft:entity_type: Object did not get ID it asked for. Name: graveyard:nameless_hanged Expected: 273 Got: 474
[13Jul2025 17:00:54.511] [main/WARN] [net.minecraftforge.registries.ForgeRegistry/REGISTRIES]: Registry minecraft:entity_type: Object did not get ID it asked for. Name: obscure_api:vfx Expected: 353 Got: 475
[13Jul2025 17:00:54.511] [main/WARN] [net.minecraftforge.registries.ForgeRegistry/REGISTRIES]: Registry minecraft:entity_type: Object did not get ID it asked for. Name: the_cuckoo_clock:chuckoo_clock_jumpscare Expected: 354 Got: 476
[13Jul2025 17:00:54.511] [main/WARN] [net.minecraftforge.registries.ForgeRegistry/REGISTRIES]: Registry minecraft:entity_type: Object did not get ID it asked for. Name: the_cuckoo_clock:stalking_chuckoo_clock Expected: 355 Got: 477
[13Jul2025 17:00:54.511] [main/WARN] [net.minecraftforge.registries.ForgeRegistry/REGISTRIES]: Registry minecraft:entity_type: Object did not get ID it asked for. Name: the_cuckoo_clock:chuckoo_clock_spawn Expected: 356 Got: 478
[13Jul2025 17:00:54.511] [main/WARN] [net.minecraftforge.registries.ForgeRegistry/REGISTRIES]: Registry minecraft:entity_type: Object did not get ID it asked for. Name: the_cuckoo_clock:trigger Expected: 357 Got: 479
[13Jul2025 17:00:54.512] [main/WARN] [net.minecraftforge.registries.ForgeRegistry/REGISTRIES]: Registry minecraft:entity_type: Object did not get ID it asked for. Name: legendary_monsters:skeletosaurus Expected: 476 Got: 480
[13Jul2025 17:00:54.512] [main/WARN] [net.minecraftforge.registries.ForgeRegistry/REGISTRIES]: Registry minecraft:entity_type: Object did not get ID it asked for. Name: legendary_monsters:overgrown_colossus Expected: 477 Got: 481
[13Jul2025 17:00:54.512] [main/WARN] [net.minecraftforge.registries.ForgeRegistry/REGISTRIES]: Registry minecraft:entity_type: Object did not get ID it asked for. Name: legendary_monsters:endersent Expected: 478 Got: 482
[13Jul2025 17:00:54.512] [main/WARN] [net.minecraftforge.registries.ForgeRegistry/REGISTRIES]: Registry minecraft:entity_type: Object did not get ID it asked for. Name: legendary_monsters:warped_fungussus Expected: 479 Got: 483
[13Jul2025 17:00:54.512] [main/WARN] [net.minecraftforge.registries.ForgeRegistry/REGISTRIES]: Registry minecraft:entity_type: Object did not get ID it asked for. Name: legendary_monsters:lava_eater Expected: 480 Got: 484
[13Jul2025 17:00:54.512] [main/WARN] [net.minecraftforge.registries.ForgeRegistry/REGISTRIES]: Registry minecraft:entity_type: Object did not get ID it asked for. Name: legendary_monsters:frostbitten_golem Expected: 481 Got: 485
[13Jul2025 17:00:54.512] [main/WARN] [net.minecraftforge.registries.ForgeRegistry/REGISTRIES]: Registry minecraft:entity_type: Object did not get ID it asked for. Name: legendary_monsters:shulker_mimic Expected: 482 Got: 486
[13Jul2025 17:00:54.512] [main/WARN] [net.minecraftforge.registries.ForgeRegistry/REGISTRIES]: Registry minecraft:entity_type: Object did not get ID it asked for. Name: legendary_monsters:chorusling Expected: 483 Got: 487
[13Jul2025 17:00:54.512] [main/WARN] [net.minecraftforge.registries.ForgeRegistry/REGISTRIES]: Registry minecraft:entity_type: Object did not get ID it asked for. Name: legendary_monsters:withered_abomination Expected: 484 Got: 488
[13Jul2025 17:00:54.512] [main/WARN] [net.minecraftforge.registries.ForgeRegistry/REGISTRIES]: Registry minecraft:entity_type: Object did not get ID it asked for. Name: legendary_monsters:chorus_bomb Expected: 485 Got: 489
[13Jul2025 17:00:54.512] [main/WARN] [net.minecraftforge.registries.ForgeRegistry/REGISTRIES]: Registry minecraft:entity_type: Object did not get ID it asked for. Name: legendary_monsters:falling_cloud Expected: 486 Got: 490
[13Jul2025 17:00:54.513] [main/WARN] [net.minecraftforge.registries.ForgeRegistry/REGISTRIES]: Registry minecraft:entity_type: Object did not get ID it asked for. Name: legendary_monsters:falling_cloud_small Expected: 487 Got: 491
[13Jul2025 17:00:54.513] [main/WARN] [net.minecraftforge.registries.ForgeRegistry/REGISTRIES]: Registry minecraft:entity_type: Object did not get ID it asked for. Name: legendary_monsters:ancient_guardian Expected: 488 Got: 492
[13Jul2025 17:00:54.513] [main/WARN] [net.minecraftforge.registries.ForgeRegistry/REGISTRIES]: Registry minecraft:entity_type: Object did not get ID it asked for. Name: legendary_monsters:ambusher Expected: 489 Got: 493
[13Jul2025 17:00:54.513] [main/WARN] [net.minecraftforge.registries.ForgeRegistry/REGISTRIES]: Registry minecraft:entity_type: Object did not get ID it asked for. Name: legendary_monsters:spiky_bug Expected: 490 Got: 494
[13Jul2025 17:00:54.513] [main/WARN] [net.minecraftforge.registries.ForgeRegistry/REGISTRIES]: Registry minecraft:entity_type: Object did not get ID it asked for. Name: legendary_monsters:cloud_golem Expected: 491 Got: 495
[13Jul2025 17:00:54.513] [main/WARN] [net.minecraftforge.registries.ForgeRegistry/REGISTRIES]: Registry minecraft:entity_type: Object did not get ID it asked for. Name: legendary_monsters:dark_cloud_golem Expected: 492 Got: 496
[13Jul2025 17:00:54.513] [main/WARN] [net.minecraftforge.registries.ForgeRegistry/REGISTRIES]: Registry minecraft:entity_type: Object did not get ID it asked for. Name: bosses_of_mass_destruction:lich Expected: 493 Got: 497
[13Jul2025 17:00:54.513] [main/WARN] [net.minecraftforge.registries.ForgeRegistry/REGISTRIES]: Registry minecraft:entity_type: Object did not get ID it asked for. Name: bosses_of_mass_destruction:blue_fireball Expected: 494 Got: 498
[13Jul2025 17:00:54.513] [main/WARN] [net.minecraftforge.registries.ForgeRegistry/REGISTRIES]: Registry minecraft:entity_type: Object did not get ID it asked for. Name: bosses_of_mass_destruction:comet Expected: 495 Got: 499
[13Jul2025 17:00:54.513] [main/WARN] [net.minecraftforge.registries.ForgeRegistry/REGISTRIES]: Registry minecraft:entity_type: Object did not get ID it asked for. Name: bosses_of_mass_destruction:soul_star Expected: 496 Got: 500
[13Jul2025 17:00:54.513] [main/WARN] [net.minecraftforge.registries.ForgeRegistry/REGISTRIES]: Registry minecraft:entity_type: Object did not get ID it asked for. Name: bosses_of_mass_destruction:charged_ender_pearl Expected: 497 Got: 501
[13Jul2025 17:00:54.513] [main/WARN] [net.minecraftforge.registries.ForgeRegistry/REGISTRIES]: Registry minecraft:entity_type: Object did not get ID it asked for. Name: bosses_of_mass_destruction:obsidilith Expected: 498 Got: 502
[13Jul2025 17:00:54.513] [main/WARN] [net.minecraftforge.registries.ForgeRegistry/REGISTRIES]: Registry minecraft:entity_type: Object did not get ID it asked for. Name: bosses_of_mass_destruction:gauntlet Expected: 499 Got: 503
[13Jul2025 17:00:54.513] [main/WARN] [net.minecraftforge.registries.ForgeRegistry/REGISTRIES]: Registry minecraft:entity_type: Object did not get ID it asked for. Name: bosses_of_mass_destruction:void_blossom Expected: 500 Got: 504
[13Jul2025 17:00:54.514] [main/WARN] [net.minecraftforge.registries.ForgeRegistry/REGISTRIES]: Registry minecraft:entity_type: Object did not get ID it asked for. Name: bosses_of_mass_destruction:spore_ball Expected: 501 Got: 505
[13Jul2025 17:00:54.514] [main/WARN] [net.minecraftforge.registries.ForgeRegistry/REGISTRIES]: Registry minecraft:entity_type: Object did not get ID it asked for. Name: bosses_of_mass_destruction:petal_blade Expected: 502 Got: 506
[13Jul2025 17:00:54.514] [main/WARN] [net.minecraftforge.registries.ForgeRegistry/REGISTRIES]: Registry minecraft:entity_type: Object did not get ID it asked for. Name: mokey:mokey Expected: 503 Got: 507
[13Jul2025 17:00:54.517] [main/WARN] [net.minecraftforge.registries.ForgeRegistry/REGISTRIES]: Registry minecraft:point_of_interest_type: Object did not get ID it asked for. Name: eeeabsmobs:erosion_portal Expected: 20 Got: 25
[13Jul2025 17:00:55.101] [main/WARN] [net.minecraft.server.packs.VanillaPackResources/]: Assets URL 'union:/workspaces/server/servidor_minecraft/libraries/net/minecraft/server/1.19.2-20220805.130853/server-1.19.2-20220805.130853-srg.jar%23171!/assets/.mcassetsroot' uses unexpected schema
[13Jul2025 17:00:55.101] [main/WARN] [net.minecraft.server.packs.VanillaPackResources/]: Assets URL 'union:/workspaces/server/servidor_minecraft/libraries/net/minecraft/server/1.19.2-20220805.130853/server-1.19.2-20220805.130853-srg.jar%23171!/data/.mcassetsroot' uses unexpected schema
[13Jul2025 17:00:58.808] [main/INFO] [com.github.alexthe666.alexsmobs.AlexsMobs/]: Adding datapack listener capsid_recipes
[13Jul2025 17:00:58.904] [Worker-Main-2/ERROR] [net.minecraft.tags.TagLoader/]: Couldn't load tag [minecraft:spruce_forest (from legendarymonsters-1.0.7 MC 1.19.2.jar)] as it is missing following references: minecraft:spruce_forest (from legendarymonsters-1.0.7 MC 1.19.2.jar)
[13Jul2025 17:00:59.479] [main/ERROR] [net.minecraft.world.item.crafting.RecipeManager/]: Parsing error loading recipe legendary_monsters:ancient_dripstone_brick_stairs_left
com.google.gson.JsonSyntaxException: Unknown item 'legendary_monsters:ancient_dripstone_brick'
	at net.minecraft.world.item.crafting.ShapedRecipe.m_151280_(ShapedRecipe.java:275) ~[server-1.19.2-20220805.130853-srg.jar%23171!/:?]
	at java.util.Optional.orElseThrow(Optional.java:403) ~[?:?]
	at net.minecraft.world.item.crafting.ShapedRecipe.m_151278_(ShapedRecipe.java:274) ~[server-1.19.2-20220805.130853-srg.jar%23171!/:?]
	at net.minecraft.world.item.crafting.Ingredient.m_43919_(Ingredient.java:222) ~[server-1.19.2-20220805.130853-srg.jar%23171!/:?]
	at net.minecraftforge.common.crafting.VanillaIngredientSerializer.parse(VanillaIngredientSerializer.java:27) ~[forge-1.19.2-43.4.2-universal.jar%23176!/:?]
	at net.minecraftforge.common.crafting.CraftingHelper.getIngredient(CraftingHelper.java:142) ~[forge-1.19.2-43.4.2-universal.jar%23176!/:?]
	at net.minecraft.world.item.crafting.Ingredient.m_43917_(Ingredient.java:197) ~[server-1.19.2-20220805.130853-srg.jar%23171!/:?]
	at net.minecraft.world.item.crafting.ShapedRecipe.m_44210_(ShapedRecipe.java:261) ~[server-1.19.2-20220805.130853-srg.jar%23171!/:?]
	at net.minecraft.world.item.crafting.ShapedRecipe$Serializer.m_6729_(ShapedRecipe.java:288) ~[server-1.19.2-20220805.130853-srg.jar%23171!/:?]
	at net.minecraft.world.item.crafting.ShapedRecipe$Serializer.m_6729_(ShapedRecipe.java:284) ~[server-1.19.2-20220805.130853-srg.jar%23171!/:?]
	at net.minecraftforge.common.extensions.IForgeRecipeSerializer.fromJson(IForgeRecipeSerializer.java:23) ~[forge-1.19.2-43.4.2-universal.jar%23176!/:?]
	at net.minecraft.world.item.crafting.RecipeManager.fromJson(RecipeManager.java:171) ~[server-1.19.2-20220805.130853-srg.jar%23171!/:?]
	at net.minecraft.world.item.crafting.RecipeManager.m_5787_(RecipeManager.java:67) ~[server-1.19.2-20220805.130853-srg.jar%23171!/:?]
	at net.minecraft.world.item.crafting.RecipeManager.m_5787_(RecipeManager.java:34) ~[server-1.19.2-20220805.130853-srg.jar%23171!/:?]
	at net.minecraft.server.packs.resources.SimplePreparableReloadListener.m_10789_(SimplePreparableReloadListener.java:13) ~[server-1.19.2-20220805.130853-srg.jar%23171!/:?]
	at java.util.concurrent.CompletableFuture$UniAccept.tryFire(CompletableFuture.java:718) ~[?:?]
	at java.util.concurrent.CompletableFuture$Completion.run(CompletableFuture.java:482) ~[?:?]
	at net.minecraft.server.packs.resources.SimpleReloadInstance.m_143940_(SimpleReloadInstance.java:69) ~[server-1.19.2-20220805.130853-srg.jar%23171!/:?]
	at net.minecraft.Util.m_214652_(Util.java:781) ~[server-1.19.2-20220805.130853-srg.jar%23171!/:?]
	at net.minecraft.Util.m_214679_(Util.java:770) ~[server-1.19.2-20220805.130853-srg.jar%23171!/:?]
	at net.minecraft.server.Main.main(Main.java:157) ~[server-1.19.2-20220805.130853-srg.jar%23171!/:?]
	at jdk.internal.reflect.NativeMethodAccessorImpl.invoke0(Native Method) ~[?:?]
	at jdk.internal.reflect.NativeMethodAccessorImpl.invoke(NativeMethodAccessorImpl.java:77) ~[?:?]
	at jdk.internal.reflect.DelegatingMethodAccessorImpl.invoke(DelegatingMethodAccessorImpl.java:43) ~[?:?]
	at java.lang.reflect.Method.invoke(Method.java:569) ~[?:?]
	at net.minecraftforge.fml.loading.targets.CommonServerLaunchHandler.lambda$launchService$0(CommonServerLaunchHandler.java:29) ~[fmlloader-1.19.2-43.4.2.jar%2367!/:?]
	at cpw.mods.modlauncher.LaunchServiceHandlerDecorator.launch(LaunchServiceHandlerDecorator.java:30) [modlauncher-10.0.8.jar%2354!/:?]
	at cpw.mods.modlauncher.LaunchServiceHandler.launch(LaunchServiceHandler.java:53) [modlauncher-10.0.8.jar%2354!/:?]
	at cpw.mods.modlauncher.LaunchServiceHandler.launch(LaunchServiceHandler.java:71) [modlauncher-10.0.8.jar%2354!/:?]
	at cpw.mods.modlauncher.Launcher.run(Launcher.java:106) [modlauncher-10.0.8.jar%2354!/:?]
	at cpw.mods.modlauncher.Launcher.main(Launcher.java:77) [modlauncher-10.0.8.jar%2354!/:?]
	at cpw.mods.modlauncher.BootstrapLaunchConsumer.accept(BootstrapLaunchConsumer.java:26) [modlauncher-10.0.8.jar%2354!/:?]
	at cpw.mods.modlauncher.BootstrapLaunchConsumer.accept(BootstrapLaunchConsumer.java:23) [modlauncher-10.0.8.jar%2354!/:?]
	at cpw.mods.bootstraplauncher.BootstrapLauncher.main(BootstrapLauncher.java:141) [bootstraplauncher-1.1.2.jar:?]
[13Jul2025 17:00:59.489] [main/ERROR] [net.minecraft.world.item.crafting.RecipeManager/]: Parsing error loading recipe legendary_monsters:ender_hammer
com.google.gson.JsonSyntaxException: Unknown item 'legendary_monsters:ender_hammer'
	at net.minecraftforge.common.crafting.CraftingHelper.getItem(CraftingHelper.java:154) ~[forge-1.19.2-43.4.2-universal.jar%23176!/:?]
	at net.minecraftforge.common.crafting.CraftingHelper.getItemStack(CraftingHelper.java:180) ~[forge-1.19.2-43.4.2-universal.jar%23176!/:?]
	at net.minecraft.world.item.crafting.ShapedRecipe.m_151274_(ShapedRecipe.java:269) ~[server-1.19.2-20220805.130853-srg.jar%23171!/:?]
	at net.minecraft.world.item.crafting.ShapedRecipe$Serializer.m_6729_(ShapedRecipe.java:293) ~[server-1.19.2-20220805.130853-srg.jar%23171!/:?]
	at net.minecraft.world.item.crafting.ShapedRecipe$Serializer.m_6729_(ShapedRecipe.java:284) ~[server-1.19.2-20220805.130853-srg.jar%23171!/:?]
	at net.minecraftforge.common.extensions.IForgeRecipeSerializer.fromJson(IForgeRecipeSerializer.java:23) ~[forge-1.19.2-43.4.2-universal.jar%23176!/:?]
	at net.minecraft.world.item.crafting.RecipeManager.fromJson(RecipeManager.java:171) ~[server-1.19.2-20220805.130853-srg.jar%23171!/:?]
	at net.minecraft.world.item.crafting.RecipeManager.m_5787_(RecipeManager.java:67) ~[server-1.19.2-20220805.130853-srg.jar%23171!/:?]
	at net.minecraft.world.item.crafting.RecipeManager.m_5787_(RecipeManager.java:34) ~[server-1.19.2-20220805.130853-srg.jar%23171!/:?]
	at net.minecraft.server.packs.resources.SimplePreparableReloadListener.m_10789_(SimplePreparableReloadListener.java:13) ~[server-1.19.2-20220805.130853-srg.jar%23171!/:?]
	at java.util.concurrent.CompletableFuture$UniAccept.tryFire(CompletableFuture.java:718) ~[?:?]
	at java.util.concurrent.CompletableFuture$Completion.run(CompletableFuture.java:482) ~[?:?]
	at net.minecraft.server.packs.resources.SimpleReloadInstance.m_143940_(SimpleReloadInstance.java:69) ~[server-1.19.2-20220805.130853-srg.jar%23171!/:?]
	at net.minecraft.Util.m_214652_(Util.java:781) ~[server-1.19.2-20220805.130853-srg.jar%23171!/:?]
	at net.minecraft.Util.m_214679_(Util.java:770) ~[server-1.19.2-20220805.130853-srg.jar%23171!/:?]
	at net.minecraft.server.Main.main(Main.java:157) ~[server-1.19.2-20220805.130853-srg.jar%23171!/:?]
	at jdk.internal.reflect.NativeMethodAccessorImpl.invoke0(Native Method) ~[?:?]
	at jdk.internal.reflect.NativeMethodAccessorImpl.invoke(NativeMethodAccessorImpl.java:77) ~[?:?]
	at jdk.internal.reflect.DelegatingMethodAccessorImpl.invoke(DelegatingMethodAccessorImpl.java:43) ~[?:?]
	at java.lang.reflect.Method.invoke(Method.java:569) ~[?:?]
	at net.minecraftforge.fml.loading.targets.CommonServerLaunchHandler.lambda$launchService$0(CommonServerLaunchHandler.java:29) ~[fmlloader-1.19.2-43.4.2.jar%2367!/:?]
	at cpw.mods.modlauncher.LaunchServiceHandlerDecorator.launch(LaunchServiceHandlerDecorator.java:30) [modlauncher-10.0.8.jar%2354!/:?]
	at cpw.mods.modlauncher.LaunchServiceHandler.launch(LaunchServiceHandler.java:53) [modlauncher-10.0.8.jar%2354!/:?]
	at cpw.mods.modlauncher.LaunchServiceHandler.launch(LaunchServiceHandler.java:71) [modlauncher-10.0.8.jar%2354!/:?]
	at cpw.mods.modlauncher.Launcher.run(Launcher.java:106) [modlauncher-10.0.8.jar%2354!/:?]
	at cpw.mods.modlauncher.Launcher.main(Launcher.java:77) [modlauncher-10.0.8.jar%2354!/:?]
	at cpw.mods.modlauncher.BootstrapLaunchConsumer.accept(BootstrapLaunchConsumer.java:26) [modlauncher-10.0.8.jar%2354!/:?]
	at cpw.mods.modlauncher.BootstrapLaunchConsumer.accept(BootstrapLaunchConsumer.java:23) [modlauncher-10.0.8.jar%2354!/:?]
	at cpw.mods.bootstraplauncher.BootstrapLauncher.main(BootstrapLauncher.java:141) [bootstraplauncher-1.1.2.jar:?]
[13Jul2025 17:00:59.495] [main/ERROR] [net.minecraft.world.item.crafting.RecipeManager/]: Parsing error loading recipe legendary_monsters:dinosaur_bone_meal
com.google.gson.JsonSyntaxException: Unknown item 'legendary_monsters:dinosaur_bone_meal'
	at net.minecraftforge.common.crafting.CraftingHelper.getItem(CraftingHelper.java:154) ~[forge-1.19.2-43.4.2-universal.jar%23176!/:?]
	at net.minecraftforge.common.crafting.CraftingHelper.getItemStack(CraftingHelper.java:180) ~[forge-1.19.2-43.4.2-universal.jar%23176!/:?]
	at net.minecraft.world.item.crafting.ShapedRecipe.m_151274_(ShapedRecipe.java:269) ~[server-1.19.2-20220805.130853-srg.jar%23171!/:?]
	at net.minecraft.world.item.crafting.ShapedRecipe$Serializer.m_6729_(ShapedRecipe.java:293) ~[server-1.19.2-20220805.130853-srg.jar%23171!/:?]
	at net.minecraft.world.item.crafting.ShapedRecipe$Serializer.m_6729_(ShapedRecipe.java:284) ~[server-1.19.2-20220805.130853-srg.jar%23171!/:?]
	at net.minecraftforge.common.extensions.IForgeRecipeSerializer.fromJson(IForgeRecipeSerializer.java:23) ~[forge-1.19.2-43.4.2-universal.jar%23176!/:?]
	at net.minecraft.world.item.crafting.RecipeManager.fromJson(RecipeManager.java:171) ~[server-1.19.2-20220805.130853-srg.jar%23171!/:?]
	at net.minecraft.world.item.crafting.RecipeManager.m_5787_(RecipeManager.java:67) ~[server-1.19.2-20220805.130853-srg.jar%23171!/:?]
	at net.minecraft.world.item.crafting.RecipeManager.m_5787_(RecipeManager.java:34) ~[server-1.19.2-20220805.130853-srg.jar%23171!/:?]
	at net.minecraft.server.packs.resources.SimplePreparableReloadListener.m_10789_(SimplePreparableReloadListener.java:13) ~[server-1.19.2-20220805.130853-srg.jar%23171!/:?]
	at java.util.concurrent.CompletableFuture$UniAccept.tryFire(CompletableFuture.java:718) ~[?:?]
	at java.util.concurrent.CompletableFuture$Completion.run(CompletableFuture.java:482) ~[?:?]
	at net.minecraft.server.packs.resources.SimpleReloadInstance.m_143940_(SimpleReloadInstance.java:69) ~[server-1.19.2-20220805.130853-srg.jar%23171!/:?]
	at net.minecraft.Util.m_214652_(Util.java:781) ~[server-1.19.2-20220805.130853-srg.jar%23171!/:?]
	at net.minecraft.Util.m_214679_(Util.java:770) ~[server-1.19.2-20220805.130853-srg.jar%23171!/:?]
	at net.minecraft.server.Main.main(Main.java:157) ~[server-1.19.2-20220805.130853-srg.jar%23171!/:?]
	at jdk.internal.reflect.NativeMethodAccessorImpl.invoke0(Native Method) ~[?:?]
	at jdk.internal.reflect.NativeMethodAccessorImpl.invoke(NativeMethodAccessorImpl.java:77) ~[?:?]
	at jdk.internal.reflect.DelegatingMethodAccessorImpl.invoke(DelegatingMethodAccessorImpl.java:43) ~[?:?]
	at java.lang.reflect.Method.invoke(Method.java:569) ~[?:?]
	at net.minecraftforge.fml.loading.targets.CommonServerLaunchHandler.lambda$launchService$0(CommonServerLaunchHandler.java:29) ~[fmlloader-1.19.2-43.4.2.jar%2367!/:?]
	at cpw.mods.modlauncher.LaunchServiceHandlerDecorator.launch(LaunchServiceHandlerDecorator.java:30) [modlauncher-10.0.8.jar%2354!/:?]
	at cpw.mods.modlauncher.LaunchServiceHandler.launch(LaunchServiceHandler.java:53) [modlauncher-10.0.8.jar%2354!/:?]
	at cpw.mods.modlauncher.LaunchServiceHandler.launch(LaunchServiceHandler.java:71) [modlauncher-10.0.8.jar%2354!/:?]
	at cpw.mods.modlauncher.Launcher.run(Launcher.java:106) [modlauncher-10.0.8.jar%2354!/:?]
	at cpw.mods.modlauncher.Launcher.main(Launcher.java:77) [modlauncher-10.0.8.jar%2354!/:?]
	at cpw.mods.modlauncher.BootstrapLaunchConsumer.accept(BootstrapLaunchConsumer.java:26) [modlauncher-10.0.8.jar%2354!/:?]
	at cpw.mods.modlauncher.BootstrapLaunchConsumer.accept(BootstrapLaunchConsumer.java:23) [modlauncher-10.0.8.jar%2354!/:?]
	at cpw.mods.bootstraplauncher.BootstrapLauncher.main(BootstrapLauncher.java:141) [bootstraplauncher-1.1.2.jar:?]
[13Jul2025 17:00:59.523] [main/INFO] [net.minecraft.world.item.crafting.RecipeManager/]: Loaded 10 recipes
[13Jul2025 17:00:59.944] [main/WARN] [net.minecraft.world.level.storage.loot.LootTables/]: Found validation problem in {sons_of_sins:entities/prowler}.pools[0].entries[0].functions[1]: Parameters [<parameter minecraft:tool>] are not provided in this context
[13Jul2025 17:00:59.944] [main/WARN] [net.minecraft.world.level.storage.loot.LootTables/]: Found validation problem in {sons_of_sins:entities/butcher}.pools[0].entries[0].functions[1]: Parameters [<parameter minecraft:tool>] are not provided in this context
[13Jul2025 17:00:59.945] [main/WARN] [net.minecraft.world.level.storage.loot.LootTables/]: Found validation problem in {sons_of_sins:entities/walking_bed}.pools[0].entries[0].functions[1]: Parameters [<parameter minecraft:tool>] are not provided in this context
[13Jul2025 17:00:59.945] [main/WARN] [net.minecraft.world.level.storage.loot.LootTables/]: Found validation problem in {sons_of_sins:entities/blud}.pools[0].entries[0].functions[1]: Parameters [<parameter minecraft:tool>] are not provided in this context
[13Jul2025 17:00:59.985] [main/ERROR] [net.minecraft.server.ServerAdvancementManager/]: Parsing error loading custom advancement knightquest:recipes/misc/shinobi_leggings: Unknown required criterion 'has_cherry_wood'
[13Jul2025 17:00:59.987] [main/ERROR] [net.minecraft.server.ServerAdvancementManager/]: Parsing error loading custom advancement knightquest:recipes/misc/empty_goblet: Missing criteria, expected to find a JsonObject
[13Jul2025 17:01:00.002] [main/ERROR] [net.minecraft.server.ServerAdvancementManager/]: Parsing error loading custom advancement knightquest:recipes/misc/shinobi_boots: Unknown required criterion 'has_cherry_wood'
[13Jul2025 17:01:00.007] [main/ERROR] [net.minecraft.server.ServerAdvancementManager/]: Parsing error loading custom advancement knightquest:recipes/misc/shinobi_chestplate: Unknown required criterion 'has_cherry_wood'
[13Jul2025 17:01:00.012] [main/ERROR] [net.minecraft.server.ServerAdvancementManager/]: Parsing error loading custom advancement knightquest:recipes/misc/shinobi_helmet: Unknown required criterion 'has_cherry_wood'
[13Jul2025 17:01:00.021] [main/ERROR] [net.minecraft.server.ServerAdvancementManager/]: Parsing error loading custom advancement man:thetear: Non [a-z0-9/._-] character in path of location: man:tearoftheman

[13Jul2025 17:01:00.106] [main/INFO] [net.minecraft.advancements.AdvancementList/]: Loaded 1617 advancements
[13Jul2025 17:01:00.752] [Server thread/INFO] [net.minecraft.server.dedicated.DedicatedServer/]: Starting minecraft server version 1.19.2
[13Jul2025 17:01:00.753] [Server thread/INFO] [net.minecraft.server.dedicated.DedicatedServer/]: Loading properties
[13Jul2025 17:01:00.753] [Server thread/INFO] [net.minecraft.server.dedicated.DedicatedServer/]: Default game type: SURVIVAL
[13Jul2025 17:01:00.753] [Server thread/INFO] [net.minecraft.server.MinecraftServer/]: Generating keypair
[13Jul2025 17:01:01.005] [Server thread/INFO] [net.minecraft.server.dedicated.DedicatedServer/]: Starting Minecraft server on *:25565
[13Jul2025 17:01:01.032] [Server thread/INFO] [net.minecraft.server.network.ServerConnectionListener/]: Using epoll channel type
[13Jul2025 17:01:01.125] [Server thread/WARN] [net.minecraft.server.dedicated.DedicatedServer/]: **** SERVER IS RUNNING IN OFFLINE/INSECURE MODE!
[13Jul2025 17:01:01.126] [Server thread/WARN] [net.minecraft.server.dedicated.DedicatedServer/]: The server will make no attempt to authenticate usernames. Beware.
[13Jul2025 17:01:01.126] [Server thread/WARN] [net.minecraft.server.dedicated.DedicatedServer/]: While this makes the game possible to play without internet access, it also opens up the ability for hackers to connect with any username they choose.
[13Jul2025 17:01:01.126] [Server thread/WARN] [net.minecraft.server.dedicated.DedicatedServer/]: To change this, set "online-mode" to "true" in the server.properties file.
[13Jul2025 17:01:01.150] [Server thread/WARN] [net.minecraftforge.common.ForgeConfigSpec/CORE]: Configuration file ./world/serverconfig/mokey-server.toml is not correct. Correcting
[13Jul2025 17:01:01.150] [Server thread/WARN] [net.minecraftforge.common.ForgeConfigSpec/CORE]: Incorrect key Timers was corrected from null to its default, SimpleCommentedConfig:{}. 
[13Jul2025 17:01:01.151] [Server thread/WARN] [net.minecraftforge.common.ForgeConfigSpec/CORE]: Incorrect key Timers.Spawn was corrected from null to its default, SimpleCommentedConfig:{}. 
[13Jul2025 17:01:01.151] [Server thread/WARN] [net.minecraftforge.common.ForgeConfigSpec/CORE]: Incorrect key Timers.Spawn.can_spawn_min was corrected from null to its default, 300. 
[13Jul2025 17:01:01.151] [Server thread/WARN] [net.minecraftforge.common.ForgeConfigSpec/CORE]: Incorrect key Timers.Spawn.can_spawn_max was corrected from null to its default, 600. 
[13Jul2025 17:01:01.151] [Server thread/WARN] [net.minecraftforge.common.ForgeConfigSpec/CORE]: Incorrect key Timers.Spawn.can_spawn_cooldown_chance was corrected from null to its default, 0.4. 
[13Jul2025 17:01:01.152] [Server thread/WARN] [net.minecraftforge.common.ForgeConfigSpec/CORE]: Incorrect key Timers.Spawn.can_spawn_cooldown was corrected from null to its default, 1200. 
[13Jul2025 17:01:01.152] [Server thread/WARN] [net.minecraftforge.common.ForgeConfigSpec/CORE]: Incorrect key Timers.Noise was corrected from null to its default, SimpleCommentedConfig:{}. 
[13Jul2025 17:01:01.152] [Server thread/WARN] [net.minecraftforge.common.ForgeConfigSpec/CORE]: Incorrect key Timers.Noise.reset_noise_min was corrected from null to its default, 240. 
[13Jul2025 17:01:01.153] [Server thread/WARN] [net.minecraftforge.common.ForgeConfigSpec/CORE]: Incorrect key Timers.Noise.reset_noise_max was corrected from null to its default, 360. 
[13Jul2025 17:01:01.153] [Server thread/WARN] [net.minecraftforge.common.ForgeConfigSpec/CORE]: Incorrect key Timers.Leave was corrected from null to its default, SimpleCommentedConfig:{}. 
[13Jul2025 17:01:01.153] [Server thread/WARN] [net.minecraftforge.common.ForgeConfigSpec/CORE]: Incorrect key Timers.Leave.time_until_leave was corrected from null to its default, 300. 
[13Jul2025 17:01:01.153] [Server thread/WARN] [net.minecraftforge.common.ForgeConfigSpec/CORE]: Incorrect key Timers.Leave.time_until_leave_chase was corrected from null to its default, 30. 
[13Jul2025 17:01:01.153] [Server thread/WARN] [net.minecraftforge.common.ForgeConfigSpec/CORE]: Incorrect key Timers.surface_timer_multiplier was corrected from null to its default, 1.0. 
[13Jul2025 17:01:01.154] [Server thread/WARN] [net.minecraftforge.common.ForgeConfigSpec/CORE]: Incorrect key Spawn Conditions was corrected from null to its default, SimpleCommentedConfig:{}. 
[13Jul2025 17:01:01.154] [Server thread/WARN] [net.minecraftforge.common.ForgeConfigSpec/CORE]: Incorrect key Spawn Conditions.spawn_chance_per_tick was corrected from null to its default, 0.03. 
[13Jul2025 17:01:01.154] [Server thread/WARN] [net.minecraftforge.common.ForgeConfigSpec/CORE]: Incorrect key Spawn Conditions.spawn_height was corrected from null to its default, 500. 
[13Jul2025 17:01:01.155] [Server thread/WARN] [net.minecraftforge.common.ForgeConfigSpec/CORE]: Incorrect key Spawn Conditions.allow_surface_spawn was corrected from null to its default, true. 
[13Jul2025 17:01:01.155] [Server thread/WARN] [net.minecraftforge.common.ForgeConfigSpec/CORE]: Incorrect key Spawn Conditions.sky_light_level was corrected from null to its default, 15. 
[13Jul2025 17:01:01.155] [Server thread/WARN] [net.minecraftforge.common.ForgeConfigSpec/CORE]: Incorrect key Spawn Conditions.block_light_level was corrected from null to its default, 15. 
[13Jul2025 17:01:01.156] [Server thread/WARN] [net.minecraftforge.common.ForgeConfigSpec/CORE]: Incorrect key Spawn Conditions.maximum_amount was corrected from null to its default, 3. 
[13Jul2025 17:01:01.156] [Server thread/WARN] [net.minecraftforge.common.ForgeConfigSpec/CORE]: Incorrect key Spawn Conditions.spawn_distance was corrected from null to its default, 16. 
[13Jul2025 17:01:01.157] [Server thread/WARN] [net.minecraftforge.common.ForgeConfigSpec/CORE]: Incorrect key Spawn Conditions.check_path_to_spawn was corrected from null to its default, true. 
[13Jul2025 17:01:01.157] [Server thread/WARN] [net.minecraftforge.common.ForgeConfigSpec/CORE]: Incorrect key Spawn Conditions.Dimensions was corrected from null to its default, SimpleCommentedConfig:{}. 
[13Jul2025 17:01:01.158] [Server thread/WARN] [net.minecraftforge.common.ForgeConfigSpec/CORE]: Incorrect key Spawn Conditions.Dimensions.dimension_whitelist was corrected from null to its default, [minecraft:overworld]. 
[13Jul2025 17:01:01.158] [Server thread/WARN] [net.minecraftforge.common.ForgeConfigSpec/CORE]: Incorrect key Spawn Conditions.Biomes was corrected from null to its default, SimpleCommentedConfig:{}. 
[13Jul2025 17:01:01.159] [Server thread/WARN] [net.minecraftforge.common.ForgeConfigSpec/CORE]: Incorrect key Spawn Conditions.Biomes.override_biome_datapack_config was corrected from null to its default, true. 
[13Jul2025 17:01:01.159] [Server thread/WARN] [net.minecraftforge.common.ForgeConfigSpec/CORE]: Incorrect key Spawn Conditions.Biomes.surface_biomes_is_whitelist was corrected from null to its default, false. 
[13Jul2025 17:01:01.159] [Server thread/WARN] [net.minecraftforge.common.ForgeConfigSpec/CORE]: Incorrect key Spawn Conditions.Biomes.surface_biomes was corrected from null to its default, []. 
[13Jul2025 17:01:01.160] [Server thread/WARN] [net.minecraftforge.common.ForgeConfigSpec/CORE]: Incorrect key Behaviour was corrected from null to its default, SimpleCommentedConfig:{}. 
[13Jul2025 17:01:01.160] [Server thread/WARN] [net.minecraftforge.common.ForgeConfigSpec/CORE]: Incorrect key Behaviour.spotting_range was corrected from null to its default, 60. 
[13Jul2025 17:01:01.160] [Server thread/WARN] [net.minecraftforge.common.ForgeConfigSpec/CORE]: Incorrect key Behaviour.can_disable_shields was corrected from null to its default, false. 
[13Jul2025 17:01:01.161] [Server thread/WARN] [net.minecraftforge.common.ForgeConfigSpec/CORE]: Incorrect key Behaviour.can_climb was corrected from null to its default, true. 
[13Jul2025 17:01:01.161] [Server thread/WARN] [net.minecraftforge.common.ForgeConfigSpec/CORE]: Incorrect key Behaviour.can_break_door was corrected from null to its default, true. 
[13Jul2025 17:01:01.161] [Server thread/WARN] [net.minecraftforge.common.ForgeConfigSpec/CORE]: Incorrect key Behaviour.break_door_time was corrected from null to its default, 3. 
[13Jul2025 17:01:01.161] [Server thread/WARN] [net.minecraftforge.common.ForgeConfigSpec/CORE]: Incorrect key Behaviour.allow_riding was corrected from null to its default, false. 
[13Jul2025 17:01:01.162] [Server thread/WARN] [net.minecraftforge.common.ForgeConfigSpec/CORE]: Incorrect key Behaviour.target_invisible was corrected from null to its default, true. 
[13Jul2025 17:01:01.162] [Server thread/WARN] [net.minecraftforge.common.ForgeConfigSpec/CORE]: Incorrect key Attributes was corrected from null to its default, SimpleCommentedConfig:{}. 
[13Jul2025 17:01:01.162] [Server thread/WARN] [net.minecraftforge.common.ForgeConfigSpec/CORE]: Incorrect key Attributes.maximum_health was corrected from null to its default, 170.0. 
[13Jul2025 17:01:01.163] [Server thread/WARN] [net.minecraftforge.common.ForgeConfigSpec/CORE]: Incorrect key Attributes.attack_damage was corrected from null to its default, 7.0. 
[13Jul2025 17:01:01.163] [Server thread/WARN] [net.minecraftforge.common.ForgeConfigSpec/CORE]: Incorrect key Attributes.attack_speed was corrected from null to its default, 0.35. 
[13Jul2025 17:01:01.163] [Server thread/WARN] [net.minecraftforge.common.ForgeConfigSpec/CORE]: Incorrect key Attributes.movement_speed was corrected from null to its default, 0.6. 
[13Jul2025 17:01:01.163] [Server thread/WARN] [net.minecraftforge.common.ForgeConfigSpec/CORE]: Incorrect key Attributes.depth_strider_bonus was corrected from null to its default, 1.5. 
[13Jul2025 17:01:01.164] [Server thread/WARN] [net.minecraftforge.common.ForgeConfigSpec/CORE]: Incorrect key Misc was corrected from null to its default, SimpleCommentedConfig:{}. 
[13Jul2025 17:01:01.164] [Server thread/WARN] [net.minecraftforge.common.ForgeConfigSpec/CORE]: Incorrect key Misc.only_play_noise_to_target was corrected from null to its default, false. 
[13Jul2025 17:01:01.177] [Thread-0/INFO] [de.cadentem.mokey.Mokey/]: Server configuration has been reloaded
[13Jul2025 17:01:01.180] [Thread-0/INFO] [de.cadentem.cave_dweller.CaveDweller/]: Server configuration has been reloaded
[13Jul2025 17:01:01.322] [Server thread/INFO] [Framework/]: Loading server configs...
[13Jul2025 17:01:01.338] [Server thread/INFO] [net.minecraft.server.dedicated.DedicatedServer/]: Preparing level "world"
[13Jul2025 17:01:01.660] [Server thread/INFO] [net.minecraft.server.MinecraftServer/]: Preparing start region for dimension minecraft:overworld
[13Jul2025 17:01:10.650] [Worker-Main-1/INFO] [net.minecraft.server.level.progress.LoggerChunkProgressListener/]: Preparing spawn area: 0%
[13Jul2025 17:01:10.651] [Worker-Main-1/INFO] [net.minecraft.server.level.progress.LoggerChunkProgressListener/]: Preparing spawn area: 0%
[13Jul2025 17:01:10.652] [Worker-Main-1/INFO] [net.minecraft.server.level.progress.LoggerChunkProgressListener/]: Preparing spawn area: 0%
[13Jul2025 17:01:10.652] [Worker-Main-1/INFO] [net.minecraft.server.level.progress.LoggerChunkProgressListener/]: Preparing spawn area: 0%
[13Jul2025 17:01:10.653] [Worker-Main-1/INFO] [net.minecraft.server.level.progress.LoggerChunkProgressListener/]: Preparing spawn area: 0%
[13Jul2025 17:01:10.654] [Worker-Main-1/INFO] [net.minecraft.server.level.progress.LoggerChunkProgressListener/]: Preparing spawn area: 0%
[13Jul2025 17:01:10.655] [Worker-Main-1/INFO] [net.minecraft.server.level.progress.LoggerChunkProgressListener/]: Preparing spawn area: 0%
[13Jul2025 17:01:10.655] [Worker-Main-1/INFO] [net.minecraft.server.level.progress.LoggerChunkProgressListener/]: Preparing spawn area: 0%
[13Jul2025 17:01:10.656] [Worker-Main-3/INFO] [net.minecraft.server.level.progress.LoggerChunkProgressListener/]: Preparing spawn area: 0%
[13Jul2025 17:01:10.657] [Worker-Main-3/INFO] [net.minecraft.server.level.progress.LoggerChunkProgressListener/]: Preparing spawn area: 0%
[13Jul2025 17:01:10.658] [Worker-Main-3/INFO] [net.minecraft.server.level.progress.LoggerChunkProgressListener/]: Preparing spawn area: 0%
[13Jul2025 17:01:10.659] [Worker-Main-3/INFO] [net.minecraft.server.level.progress.LoggerChunkProgressListener/]: Preparing spawn area: 0%
[13Jul2025 17:01:10.659] [Worker-Main-3/INFO] [net.minecraft.server.level.progress.LoggerChunkProgressListener/]: Preparing spawn area: 0%
[13Jul2025 17:01:10.660] [Worker-Main-3/INFO] [net.minecraft.server.level.progress.LoggerChunkProgressListener/]: Preparing spawn area: 0%
[13Jul2025 17:01:10.661] [Worker-Main-3/INFO] [net.minecraft.server.level.progress.LoggerChunkProgressListener/]: Preparing spawn area: 0%
[13Jul2025 17:01:10.661] [Worker-Main-3/INFO] [net.minecraft.server.level.progress.LoggerChunkProgressListener/]: Preparing spawn area: 0%
[13Jul2025 17:01:10.665] [Worker-Main-3/INFO] [net.minecraft.server.level.progress.LoggerChunkProgressListener/]: Preparing spawn area: 0%
[13Jul2025 17:01:10.665] [Worker-Main-3/INFO] [net.minecraft.server.level.progress.LoggerChunkProgressListener/]: Preparing spawn area: 0%
[13Jul2025 17:01:10.666] [Worker-Main-3/INFO] [net.minecraft.server.level.progress.LoggerChunkProgressListener/]: Preparing spawn area: 0%
[13Jul2025 17:01:11.161] [Worker-Main-3/INFO] [net.minecraft.server.level.progress.LoggerChunkProgressListener/]: Preparing spawn area: 15%
[13Jul2025 17:01:11.661] [Worker-Main-2/INFO] [net.minecraft.server.level.progress.LoggerChunkProgressListener/]: Preparing spawn area: 85%
[13Jul2025 17:01:11.774] [Server thread/INFO] [net.minecraft.server.level.progress.LoggerChunkProgressListener/]: Time elapsed: 10113 ms
[13Jul2025 17:01:11.775] [Server thread/INFO] [net.minecraft.server.dedicated.DedicatedServer/]: Done (10.638s)! For help, type "help"
[13Jul2025 17:01:11.790] [Server thread/INFO] [net.minecraftforge.server.permission.PermissionAPI/]: Successfully initialized permission handler forge:default_handler
[13Jul2025 17:01:11.791] [Server thread/INFO] [net.stardustlabs.terralith.Terralith/]: Thanks for choosing Terralith!
[13Jul2025 17:01:30.483] [Server thread/INFO] [net.minecraftforge.common.AdvancementLoadFix/]: Using new advancement loading for net.minecraft.server.PlayerAdvancements@1803469a
[13Jul2025 17:01:30.499] [Server thread/INFO] [net.minecraft.server.players.PlayerList/]: xUNIx10[/127.51.58.115:58159] logged in with entity id 70 at (-49.607579064656214, -21.0, -1403.0562571931089)
[13Jul2025 17:01:30.536] [Server thread/INFO] [net.minecraft.server.MinecraftServer/]: xUNIx10 joined the game
[13Jul2025 17:01:33.937] [Server thread/WARN] [net.minecraft.server.MinecraftServer/]: Can't keep up! Is the server overloaded? Running 3442ms or 68 ticks behind
[13Jul2025 17:01:49.260] [Server thread/INFO] [net.minecraft.server.network.ServerLoginPacketListenerImpl/]: com.mojang.authlib.GameProfile@b2712c7[id=<null>,name=Fresita_decaida,properties={},legacy=false] (/127.14.55.169:57829) lost connection: Disconnected
[13Jul2025 17:04:19.704] [Server thread/INFO] [net.minecraft.server.network.ServerGamePacketListenerImpl/]: xUNIx10 lost connection: Disconnected
[13Jul2025 17:04:19.704] [Server thread/INFO] [net.minecraft.server.MinecraftServer/]: xUNIx10 left the game
[13Jul2025 17:05:56.046] [Server thread/INFO] [net.minecraft.server.MinecraftServer/]: Stopping the server
[13Jul2025 17:05:56.095] [Server thread/INFO] [net.minecraft.server.MinecraftServer/]: Stopping server
[13Jul2025 17:05:56.096] [Server thread/INFO] [net.minecraft.server.MinecraftServer/]: Saving players
[13Jul2025 17:05:56.096] [Server thread/INFO] [net.minecraft.server.MinecraftServer/]: Saving worlds
[13Jul2025 17:05:56.824] [Server thread/INFO] [net.minecraft.server.MinecraftServer/]: Saving chunks for level 'ServerLevel[world]'/minecraft:overworld
[13Jul2025 17:05:56.902] [Server thread/INFO] [net.minecraft.server.MinecraftServer/]: Saving chunks for level 'ServerLevel[world]'/minecraft:the_end
[13Jul2025 17:05:56.904] [Server thread/INFO] [net.minecraft.server.MinecraftServer/]: Saving chunks for level 'ServerLevel[world]'/minecraft:the_nether
[13Jul2025 17:05:56.904] [Server thread/INFO] [net.minecraft.server.MinecraftServer/]: Saving chunks for level 'ServerLevel[world]'/man:halucination
[13Jul2025 17:05:56.959] [Server thread/INFO] [net.minecraft.server.MinecraftServer/]: ThreadedAnvilChunkStorage (world): All chunks are saved
[13Jul2025 17:05:56.960] [Server thread/INFO] [net.minecraft.server.MinecraftServer/]: ThreadedAnvilChunkStorage (DIM1): All chunks are saved
[13Jul2025 17:05:56.960] [Server thread/INFO] [net.minecraft.server.MinecraftServer/]: ThreadedAnvilChunkStorage (DIM-1): All chunks are saved
[13Jul2025 17:05:56.960] [Server thread/INFO] [net.minecraft.server.MinecraftServer/]: ThreadedAnvilChunkStorage (halucination): All chunks are saved
[13Jul2025 17:05:56.960] [Server thread/INFO] [net.minecraft.server.MinecraftServer/]: ThreadedAnvilChunkStorage: All dimensions are saved
[13Jul2025 17:05:56.991] [Server thread/INFO] [Framework/]: Unloading server configs...
